"N","min(velocity_magnitude)","q1(velocity_magnitude)","med(velocity_magnitude)","q3(velocity_magnitude)","max(velocity_magnitude)","avg(velocity_magnitude)","std(velocity_magnitude)","sum(velocity_magnitude)","min(velocity_x)","q1(velocity_x)","med(velocity_x)","q3(velocity_x)","max(velocity_x)","avg(velocity_x)","std(velocity_x)","sum(velocity_x)","min(velocity_y)","q1(velocity_y)","med(velocity_y)","q3(velocity_y)","max(velocity_y)","avg(velocity_y)","std(velocity_y)","sum(velocity_y)","min(vtkValidPointMask)","q1(vtkValidPointMask)","med(vtkValidPointMask)","q3(vtkValidPointMask)","max(vtkValidPointMask)","avg(vtkValidPointMask)","std(vtkValidPointMask)","sum(vtkValidPointMask)","min(X)","q1(X)","med(X)","q3(X)","max(X)","avg(X)","std(X)","sum(X)","min(Y)","q1(Y)","med(Y)","q3(Y)","max(Y)","avg(Y)","std(Y)","sum(Y)","min(Z)","q1(Z)","med(Z)","q3(Z)","max(Z)","avg(Z)","std(Z)","sum(Z)","vtkValidPointMask","Time"
1,0,0,0,0,0,0,0,0,0,0,0,0,0,0,0,0,0,0,0,0,0,0,0,0,1,1,1,1,1,1,0,1,512,512,512,512,512,512,0,512,128.5,128.5,128.5,128.5,128.5,128.5,0,128.5,0,0,0,0,0,0,0,0,1,0
1,4.2984e-15,4.2984e-15,4.2984e-15,4.2984e-15,4.2984e-15,4.2984e-15,0,4.2984e-15,-4.2796e-15,-4.2796e-15,-4.2796e-15,-4.2796e-15,-4.2796e-15,-4.2796e-15,0,-4.2796e-15,-3.8164e-16,-3.8164e-16,-3.8164e-16,-3.8164e-16,-3.8164e-16,-3.8164e-16,0,-3.8164e-16,1,1,1,1,1,1,0,1,512,512,512,512,512,512,0,512,128.5,128.5,128.5,128.5,128.5,128.5,0,128.5,0,0,0,0,0,0,0,0,1,1
1,0.013945,0.013945,0.013945,0.013945,0.013945,0.013945,0,0.013945,0.013944,0.013944,0.013944,0.013944,0.013944,0.013944,0,0.013944,-5.9892e-05,-5.9892e-05,-5.9892e-05,-5.9892e-05,-5.9892e-05,-5.9892e-05,0,-5.9892e-05,1,1,1,1,1,1,0,1,512,512,512,512,512,512,0,512,128.5,128.5,128.5,128.5,128.5,128.5,0,128.5,0,0,0,0,0,0,0,0,1,2
1,0.031392,0.031392,0.031392,0.031392,0.031392,0.031392,0,0.031392,0.031392,0.031392,0.031392,0.031392,0.031392,0.031392,0,0.031392,-1.9462e-05,-1.9462e-05,-1.9462e-05,-1.9462e-05,-1.9462e-05,-1.9462e-05,0,-1.9462e-05,1,1,1,1,1,1,0,1,512,512,512,512,512,512,0,512,128.5,128.5,128.5,128.5,128.5,128.5,0,128.5,0,0,0,0,0,0,0,0,1,3
1,0.037649,0.037649,0.037649,0.037649,0.037649,0.037649,0,0.037649,0.037649,0.037649,0.037649,0.037649,0.037649,0.037649,0,0.037649,-2.1012e-05,-2.1012e-05,-2.1012e-05,-2.1012e-05,-2.1012e-05,-2.1012e-05,0,-2.1012e-05,1,1,1,1,1,1,0,1,512,512,512,512,512,512,0,512,128.5,128.5,128.5,128.5,128.5,128.5,0,128.5,0,0,0,0,0,0,0,0,1,4
1,0.045315,0.045315,0.045315,0.045315,0.045315,0.045315,0,0.045315,0.045315,0.045315,0.045315,0.045315,0.045315,0.045315,0,0.045315,-3.8039e-05,-3.8039e-05,-3.8039e-05,-3.8039e-05,-3.8039e-05,-3.8039e-05,0,-3.8039e-05,1,1,1,1,1,1,0,1,512,512,512,512,512,512,0,512,128.5,128.5,128.5,128.5,128.5,128.5,0,128.5,0,0,0,0,0,0,0,0,1,5
1,0.050602,0.050602,0.050602,0.050602,0.050602,0.050602,0,0.050602,0.050602,0.050602,0.050602,0.050602,0.050602,0.050602,0,0.050602,-5.6879e-05,-5.6879e-05,-5.6879e-05,-5.6879e-05,-5.6879e-05,-5.6879e-05,0,-5.6879e-05,1,1,1,1,1,1,0,1,512,512,512,512,512,512,0,512,128.5,128.5,128.5,128.5,128.5,128.5,0,128.5,0,0,0,0,0,0,0,0,1,6
1,0.053295,0.053295,0.053295,0.053295,0.053295,0.053295,0,0.053295,0.053295,0.053295,0.053295,0.053295,0.053295,0.053295,0,0.053295,-6.9897e-05,-6.9897e-05,-6.9897e-05,-6.9897e-05,-6.9897e-05,-6.9897e-05,0,-6.9897e-05,1,1,1,1,1,1,0,1,512,512,512,512,512,512,0,512,128.5,128.5,128.5,128.5,128.5,128.5,0,128.5,0,0,0,0,0,0,0,0,1,7
1,0.055144,0.055144,0.055144,0.055144,0.055144,0.055144,0,0.055144,0.055144,0.055144,0.055144,0.055144,0.055144,0.055144,0,0.055144,-9.6001e-05,-9.6001e-05,-9.6001e-05,-9.6001e-05,-9.6001e-05,-9.6001e-05,0,-9.6001e-05,1,1,1,1,1,1,0,1,512,512,512,512,512,512,0,512,128.5,128.5,128.5,128.5,128.5,128.5,0,128.5,0,0,0,0,0,0,0,0,1,8
1,0.055662,0.055662,0.055662,0.055662,0.055662,0.055662,0,0.055662,0.055662,0.055662,0.055662,0.055662,0.055662,0.055662,0,0.055662,-0.00012994,-0.00012994,-0.00012994,-0.00012994,-0.00012994,-0.00012994,0,-0.00012994,1,1,1,1,1,1,0,1,512,512,512,512,512,512,0,512,128.5,128.5,128.5,128.5,128.5,128.5,0,128.5,0,0,0,0,0,0,0,0,1,9
1,0.05548,0.05548,0.05548,0.05548,0.05548,0.05548,0,0.05548,0.05548,0.05548,0.05548,0.05548,0.05548,0.05548,0,0.05548,-0.00016837,-0.00016837,-0.00016837,-0.00016837,-0.00016837,-0.00016837,0,-0.00016837,1,1,1,1,1,1,0,1,512,512,512,512,512,512,0,512,128.5,128.5,128.5,128.5,128.5,128.5,0,128.5,0,0,0,0,0,0,0,0,1,10
1,0.05409,0.05409,0.05409,0.05409,0.05409,0.05409,0,0.05409,0.054089,0.054089,0.054089,0.054089,0.054089,0.054089,0,0.054089,-0.00023911,-0.00023911,-0.00023911,-0.00023911,-0.00023911,-0.00023911,0,-0.00023911,1,1,1,1,1,1,0,1,512,512,512,512,512,512,0,512,128.5,128.5,128.5,128.5,128.5,128.5,0,128.5,0,0,0,0,0,0,0,0,1,11
1,0.049378,0.049378,0.049378,0.049378,0.049378,0.049378,0,0.049378,0.049375,0.049375,0.049375,0.049375,0.049375,0.049375,0,0.049375,-0.00040919,-0.00040919,-0.00040919,-0.00040919,-0.00040919,-0.00040919,0,-0.00040919,1,1,1,1,1,1,0,1,512,512,512,512,512,512,0,512,128.5,128.5,128.5,128.5,128.5,128.5,0,128.5,0,0,0,0,0,0,0,0,1,12
1,0.03801,0.03801,0.03801,0.03801,0.03801,0.03801,0,0.03801,0.037997,0.037997,0.037997,0.037997,0.037997,0.037997,0,0.037997,-0.00082686,-0.00082686,-0.00082686,-0.00082686,-0.00082686,-0.00082686,0,-0.00082686,1,1,1,1,1,1,0,1,512,512,512,512,512,512,0,512,128.5,128.5,128.5,128.5,128.5,128.5,0,128.5,0,0,0,0,0,0,0,0,1,13
1,0.022422,0.022422,0.022422,0.022422,0.022422,0.022422,0,0.022422,0.022338,0.022338,0.022338,0.022338,0.022338,0.022338,0,0.022338,-0.0017456,-0.0017456,-0.0017456,-0.0017456,-0.0017456,-0.0017456,0,-0.0017456,1,1,1,1,1,1,0,1,512,512,512,512,512,512,0,512,128.5,128.5,128.5,128.5,128.5,128.5,0,128.5,0,0,0,0,0,0,0,0,1,14
1,0.0032033,0.0032033,0.0032033,0.0032033,0.0032033,0.0032033,0,0.0032033,0.00084743,0.00084743,0.00084743,0.00084743,0.00084743,0.00084743,0,0.00084743,-0.003089,-0.003089,-0.003089,-0.003089,-0.003089,-0.003089,0,-0.003089,1,1,1,1,1,1,0,1,512,512,512,512,512,512,0,512,128.5,128.5,128.5,128.5,128.5,128.5,0,128.5,0,0,0,0,0,0,0,0,1,15
1,0.024016,0.024016,0.024016,0.024016,0.024016,0.024016,0,0.024016,-0.023697,-0.023697,-0.023697,-0.023697,-0.023697,-0.023697,0,-0.023697,-0.0036952,-0.0036952,-0.0036952,-0.0036952,-0.0036952,-0.0036952,0,-0.0036952,1,1,1,1,1,1,0,1,512,512,512,512,512,512,0,512,128.5,128.5,128.5,128.5,128.5,128.5,0,128.5,0,0,0,0,0,0,0,0,1,16
1,0.046102,0.046102,0.046102,0.046102,0.046102,0.046102,0,0.046102,-0.046043,-0.046043,-0.046043,-0.046043,-0.046043,-0.046043,0,-0.046043,-0.0020806,-0.0020806,-0.0020806,-0.0020806,-0.0020806,-0.0020806,0,-0.0020806,1,1,1,1,1,1,0,1,512,512,512,512,512,512,0,512,128.5,128.5,128.5,128.5,128.5,128.5,0,128.5,0,0,0,0,0,0,0,0,1,17
1,0.06277,0.06277,0.06277,0.06277,0.06277,0.06277,0,0.06277,-0.062751,-0.062751,-0.062751,-0.062751,-0.062751,-0.062751,0,-0.062751,0.0013568,0.0013568,0.0013568,0.0013568,0.0013568,0.0013568,0,0.0013568,1,1,1,1,1,1,0,1,512,512,512,512,512,512,0,512,128.5,128.5,128.5,128.5,128.5,128.5,0,128.5,0,0,0,0,0,0,0,0,1,18
1,0.073696,0.073696,0.073696,0.073696,0.073696,0.073696,0,0.073696,-0.073559,-0.073559,-0.073559,-0.073559,-0.073559,-0.073559,0,-0.073559,0.0044628,0.0044628,0.0044628,0.0044628,0.0044628,0.0044628,0,0.0044628,1,1,1,1,1,1,0,1,512,512,512,512,512,512,0,512,128.5,128.5,128.5,128.5,128.5,128.5,0,128.5,0,0,0,0,0,0,0,0,1,19
1,0.079137,0.079137,0.079137,0.079137,0.079137,0.079137,0,0.079137,-0.078982,-0.078982,-0.078982,-0.078982,-0.078982,-0.078982,0,-0.078982,0.0049375,0.0049375,0.0049375,0.0049375,0.0049375,0.0049375,0,0.0049375,1,1,1,1,1,1,0,1,512,512,512,512,512,512,0,512,128.5,128.5,128.5,128.5,128.5,128.5,0,128.5,0,0,0,0,0,0,0,0,1,20
1,0.080406,0.080406,0.080406,0.080406,0.080406,0.080406,0,0.080406,-0.080395,-0.080395,-0.080395,-0.080395,-0.080395,-0.080395,0,-0.080395,0.0012657,0.0012657,0.0012657,0.0012657,0.0012657,0.0012657,0,0.0012657,1,1,1,1,1,1,0,1,512,512,512,512,512,512,0,512,128.5,128.5,128.5,128.5,128.5,128.5,0,128.5,0,0,0,0,0,0,0,0,1,21
1,0.081807,0.081807,0.081807,0.081807,0.081807,0.081807,0,0.081807,-0.081514,-0.081514,-0.081514,-0.081514,-0.081514,-0.081514,0,-0.081514,-0.006912,-0.006912,-0.006912,-0.006912,-0.006912,-0.006912,0,-0.006912,1,1,1,1,1,1,0,1,512,512,512,512,512,512,0,512,128.5,128.5,128.5,128.5,128.5,128.5,0,128.5,0,0,0,0,0,0,0,0,1,22
1,0.088167,0.088167,0.088167,0.088167,0.088167,0.088167,0,0.088167,-0.086176,-0.086176,-0.086176,-0.086176,-0.086176,-0.086176,0,-0.086176,-0.01863,-0.01863,-0.01863,-0.01863,-0.01863,-0.01863,0,-0.01863,1,1,1,1,1,1,0,1,512,512,512,512,512,512,0,512,128.5,128.5,128.5,128.5,128.5,128.5,0,128.5,0,0,0,0,0,0,0,0,1,23
1,0.092903,0.092903,0.092903,0.092903,0.092903,0.092903,0,0.092903,-0.088548,-0.088548,-0.088548,-0.088548,-0.088548,-0.088548,0,-0.088548,-0.02811,-0.02811,-0.02811,-0.02811,-0.02811,-0.02811,0,-0.02811,1,1,1,1,1,1,0,1,512,512,512,512,512,512,0,512,128.5,128.5,128.5,128.5,128.5,128.5,0,128.5,0,0,0,0,0,0,0,0,1,24
1,0.075981,0.075981,0.075981,0.075981,0.075981,0.075981,0,0.075981,-0.072065,-0.072065,-0.072065,-0.072065,-0.072065,-0.072065,0,-0.072065,-0.024069,-0.024069,-0.024069,-0.024069,-0.024069,-0.024069,0,-0.024069,1,1,1,1,1,1,0,1,512,512,512,512,512,512,0,512,128.5,128.5,128.5,128.5,128.5,128.5,0,128.5,0,0,0,0,0,0,0,0,1,25
1,0.051768,0.051768,0.051768,0.051768,0.051768,0.051768,0,0.051768,-0.051309,-0.051309,-0.051309,-0.051309,-0.051309,-0.051309,0,-0.051309,-0.0068588,-0.0068588,-0.0068588,-0.0068588,-0.0068588,-0.0068588,0,-0.0068588,1,1,1,1,1,1,0,1,512,512,512,512,512,512,0,512,128.5,128.5,128.5,128.5,128.5,128.5,0,128.5,0,0,0,0,0,0,0,0,1,26
1,0.054125,0.054125,0.054125,0.054125,0.054125,0.054125,0,0.054125,-0.048976,-0.048976,-0.048976,-0.048976,-0.048976,-0.048976,0,-0.048976,0.023041,0.023041,0.023041,0.023041,0.023041,0.023041,0,0.023041,1,1,1,1,1,1,0,1,512,512,512,512,512,512,0,512,128.5,128.5,128.5,128.5,128.5,128.5,0,128.5,0,0,0,0,0,0,0,0,1,27
1,0.10615,0.10615,0.10615,0.10615,0.10615,0.10615,0,0.10615,-0.07551,-0.07551,-0.07551,-0.07551,-0.07551,-0.07551,0,-0.07551,0.074604,0.074604,0.074604,0.074604,0.074604,0.074604,0,0.074604,1,1,1,1,1,1,0,1,512,512,512,512,512,512,0,512,128.5,128.5,128.5,128.5,128.5,128.5,0,128.5,0,0,0,0,0,0,0,0,1,28
1,0.08639,0.08639,0.08639,0.08639,0.08639,0.08639,0,0.08639,-0.0055168,-0.0055168,-0.0055168,-0.0055168,-0.0055168,-0.0055168,0,-0.0055168,0.086191,0.086191,0.086191,0.086191,0.086191,0.086191,0,0.086191,1,1,1,1,1,1,0,1,512,512,512,512,512,512,0,512,128.5,128.5,128.5,128.5,128.5,128.5,0,128.5,0,0,0,0,0,0,0,0,1,29
1,0.073644,0.073644,0.073644,0.073644,0.073644,0.073644,0,0.073644,0.041046,0.041046,0.041046,0.041046,0.041046,0.041046,0,0.041046,0.061139,0.061139,0.061139,0.061139,0.061139,0.061139,0,0.061139,1,1,1,1,1,1,0,1,512,512,512,512,512,512,0,512,128.5,128.5,128.5,128.5,128.5,128.5,0,128.5,0,0,0,0,0,0,0,0,1,30
1,0.041722,0.041722,0.041722,0.041722,0.041722,0.041722,0,0.041722,0.03957,0.03957,0.03957,0.03957,0.03957,0.03957,0,0.03957,0.013225,0.013225,0.013225,0.013225,0.013225,0.013225,0,0.013225,1,1,1,1,1,1,0,1,512,512,512,512,512,512,0,512,128.5,128.5,128.5,128.5,128.5,128.5,0,128.5,0,0,0,0,0,0,0,0,1,31
1,0.090032,0.090032,0.090032,0.090032,0.090032,0.090032,0,0.090032,0.02323,0.02323,0.02323,0.02323,0.02323,0.02323,0,0.02323,-0.086981,-0.086981,-0.086981,-0.086981,-0.086981,-0.086981,0,-0.086981,1,1,1,1,1,1,0,1,512,512,512,512,512,512,0,512,128.5,128.5,128.5,128.5,128.5,128.5,0,128.5,0,0,0,0,0,0,0,0,1,32
1,0.11034,0.11034,0.11034,0.11034,0.11034,0.11034,0,0.11034,0.060743,0.060743,0.060743,0.060743,0.060743,0.060743,0,0.060743,-0.092114,-0.092114,-0.092114,-0.092114,-0.092114,-0.092114,0,-0.092114,1,1,1,1,1,1,0,1,512,512,512,512,512,512,0,512,128.5,128.5,128.5,128.5,128.5,128.5,0,128.5,0,0,0,0,0,0,0,0,1,33
1,0.13354,0.13354,0.13354,0.13354,0.13354,0.13354,0,0.13354,0.081539,0.081539,0.081539,0.081539,0.081539,0.081539,0,0.081539,-0.10575,-0.10575,-0.10575,-0.10575,-0.10575,-0.10575,0,-0.10575,1,1,1,1,1,1,0,1,512,512,512,512,512,512,0,512,128.5,128.5,128.5,128.5,128.5,128.5,0,128.5,0,0,0,0,0,0,0,0,1,34
1,0.066952,0.066952,0.066952,0.066952,0.066952,0.066952,0,0.066952,0.06524,0.06524,0.06524,0.06524,0.06524,0.06524,0,0.06524,-0.01504,-0.01504,-0.01504,-0.01504,-0.01504,-0.01504,0,-0.01504,1,1,1,1,1,1,0,1,512,512,512,512,512,512,0,512,128.5,128.5,128.5,128.5,128.5,128.5,0,128.5,0,0,0,0,0,0,0,0,1,35
1,0.1182,0.1182,0.1182,0.1182,0.1182,0.1182,0,0.1182,0.083203,0.083203,0.083203,0.083203,0.083203,0.083203,0,0.083203,0.08396,0.08396,0.08396,0.08396,0.08396,0.08396,0,0.08396,1,1,1,1,1,1,0,1,512,512,512,512,512,512,0,512,128.5,128.5,128.5,128.5,128.5,128.5,0,128.5,0,0,0,0,0,0,0,0,1,36
1,0.11602,0.11602,0.11602,0.11602,0.11602,0.11602,0,0.11602,0.084036,0.084036,0.084036,0.084036,0.084036,0.084036,0,0.084036,0.079985,0.079985,0.079985,0.079985,0.079985,0.079985,0,0.079985,1,1,1,1,1,1,0,1,512,512,512,512,512,512,0,512,128.5,128.5,128.5,128.5,128.5,128.5,0,128.5,0,0,0,0,0,0,0,0,1,37
1,0.09515,0.09515,0.09515,0.09515,0.09515,0.09515,0,0.09515,0.078142,0.078142,0.078142,0.078142,0.078142,0.078142,0,0.078142,0.054288,0.054288,0.054288,0.054288,0.054288,0.054288,0,0.054288,1,1,1,1,1,1,0,1,512,512,512,512,512,512,0,512,128.5,128.5,128.5,128.5,128.5,128.5,0,128.5,0,0,0,0,0,0,0,0,1,38
1,0.12122,0.12122,0.12122,0.12122,0.12122,0.12122,0,0.12122,0.081654,0.081654,0.081654,0.081654,0.081654,0.081654,0,0.081654,-0.089593,-0.089593,-0.089593,-0.089593,-0.089593,-0.089593,0,-0.089593,1,1,1,1,1,1,0,1,512,512,512,512,512,512,0,512,128.5,128.5,128.5,128.5,128.5,128.5,0,128.5,0,0,0,0,0,0,0,0,1,39
1,0.11437,0.11437,0.11437,0.11437,0.11437,0.11437,0,0.11437,0.076608,0.076608,0.076608,0.076608,0.076608,0.076608,0,0.076608,-0.084917,-0.084917,-0.084917,-0.084917,-0.084917,-0.084917,0,-0.084917,1,1,1,1,1,1,0,1,512,512,512,512,512,512,0,512,128.5,128.5,128.5,128.5,128.5,128.5,0,128.5,0,0,0,0,0,0,0,0,1,40
1,0.079358,0.079358,0.079358,0.079358,0.079358,0.079358,0,0.079358,0.051661,0.051661,0.051661,0.051661,0.051661,0.051661,0,0.051661,-0.06024,-0.06024,-0.06024,-0.06024,-0.06024,-0.06024,0,-0.06024,1,1,1,1,1,1,0,1,512,512,512,512,512,512,0,512,128.5,128.5,128.5,128.5,128.5,128.5,0,128.5,0,0,0,0,0,0,0,0,1,41
1,0.11994,0.11994,0.11994,0.11994,0.11994,0.11994,0,0.11994,0.06494,0.06494,0.06494,0.06494,0.06494,0.06494,0,0.06494,0.10084,0.10084,0.10084,0.10084,0.10084,0.10084,0,0.10084,1,1,1,1,1,1,0,1,512,512,512,512,512,512,0,512,128.5,128.5,128.5,128.5,128.5,128.5,0,128.5,0,0,0,0,0,0,0,0,1,42
1,0.12218,0.12218,0.12218,0.12218,0.12218,0.12218,0,0.12218,0.067419,0.067419,0.067419,0.067419,0.067419,0.067419,0,0.067419,0.1019,0.1019,0.1019,0.1019,0.1019,0.1019,0,0.1019,1,1,1,1,1,1,0,1,512,512,512,512,512,512,0,512,128.5,128.5,128.5,128.5,128.5,128.5,0,128.5,0,0,0,0,0,0,0,0,1,43
1,0.079245,0.079245,0.079245,0.079245,0.079245,0.079245,0,0.079245,0.064121,0.064121,0.064121,0.064121,0.064121,0.064121,0,0.064121,0.046548,0.046548,0.046548,0.046548,0.046548,0.046548,0,0.046548,1,1,1,1,1,1,0,1,512,512,512,512,512,512,0,512,128.5,128.5,128.5,128.5,128.5,128.5,0,128.5,0,0,0,0,0,0,0,0,1,44
1,0.14251,0.14251,0.14251,0.14251,0.14251,0.14251,0,0.14251,0.095088,0.095088,0.095088,0.095088,0.095088,0.095088,0,0.095088,-0.10615,-0.10615,-0.10615,-0.10615,-0.10615,-0.10615,0,-0.10615,1,1,1,1,1,1,0,1,512,512,512,512,512,512,0,512,128.5,128.5,128.5,128.5,128.5,128.5,0,128.5,0,0,0,0,0,0,0,0,1,45
1,0.12469,0.12469,0.12469,0.12469,0.12469,0.12469,0,0.12469,0.075968,0.075968,0.075968,0.075968,0.075968,0.075968,0,0.075968,-0.098875,-0.098875,-0.098875,-0.098875,-0.098875,-0.098875,0,-0.098875,1,1,1,1,1,1,0,1,512,512,512,512,512,512,0,512,128.5,128.5,128.5,128.5,128.5,128.5,0,128.5,0,0,0,0,0,0,0,0,1,46
1,0.071744,0.071744,0.071744,0.071744,0.071744,0.071744,0,0.071744,0.070058,0.070058,0.070058,0.070058,0.070058,0.070058,0,0.070058,-0.015443,-0.015443,-0.015443,-0.015443,-0.015443,-0.015443,0,-0.015443,1,1,1,1,1,1,0,1,512,512,512,512,512,512,0,512,128.5,128.5,128.5,128.5,128.5,128.5,0,128.5,0,0,0,0,0,0,0,0,1,47
1,0.13714,0.13714,0.13714,0.13714,0.13714,0.13714,0,0.13714,0.085294,0.085294,0.085294,0.085294,0.085294,0.085294,0,0.085294,0.10739,0.10739,0.10739,0.10739,0.10739,0.10739,0,0.10739,1,1,1,1,1,1,0,1,512,512,512,512,512,512,0,512,128.5,128.5,128.5,128.5,128.5,128.5,0,128.5,0,0,0,0,0,0,0,0,1,48
1,0.11721,0.11721,0.11721,0.11721,0.11721,0.11721,0,0.11721,0.064513,0.064513,0.064513,0.064513,0.064513,0.064513,0,0.064513,0.097858,0.097858,0.097858,0.097858,0.097858,0.097858,0,0.097858,1,1,1,1,1,1,0,1,512,512,512,512,512,512,0,512,128.5,128.5,128.5,128.5,128.5,128.5,0,128.5,0,0,0,0,0,0,0,0,1,49
1,0.048329,0.048329,0.048329,0.048329,0.048329,0.048329,0,0.048329,0.048072,0.048072,0.048072,0.048072,0.048072,0.048072,0,0.048072,0.0049228,0.0049228,0.0049228,0.0049228,0.0049228,0.0049228,0,0.0049228,1,1,1,1,1,1,0,1,512,512,512,512,512,512,0,512,128.5,128.5,128.5,128.5,128.5,128.5,0,128.5,0,0,0,0,0,0,0,0,1,50
1,0.12879,0.12879,0.12879,0.12879,0.12879,0.12879,0,0.12879,0.061975,0.061975,0.061975,0.061975,0.061975,0.061975,0,0.061975,-0.1129,-0.1129,-0.1129,-0.1129,-0.1129,-0.1129,0,-0.1129,1,1,1,1,1,1,0,1,512,512,512,512,512,512,0,512,128.5,128.5,128.5,128.5,128.5,128.5,0,128.5,0,0,0,0,0,0,0,0,1,51
1,0.12369,0.12369,0.12369,0.12369,0.12369,0.12369,0,0.12369,0.064324,0.064324,0.064324,0.064324,0.064324,0.064324,0,0.064324,-0.10564,-0.10564,-0.10564,-0.10564,-0.10564,-0.10564,0,-0.10564,1,1,1,1,1,1,0,1,512,512,512,512,512,512,0,512,128.5,128.5,128.5,128.5,128.5,128.5,0,128.5,0,0,0,0,0,0,0,0,1,52
1,0.094614,0.094614,0.094614,0.094614,0.094614,0.094614,0,0.094614,0.090182,0.090182,0.090182,0.090182,0.090182,0.090182,0,0.090182,0.028616,0.028616,0.028616,0.028616,0.028616,0.028616,0,0.028616,1,1,1,1,1,1,0,1,512,512,512,512,512,512,0,512,128.5,128.5,128.5,128.5,128.5,128.5,0,128.5,0,0,0,0,0,0,0,0,1,53
1,0.13251,0.13251,0.13251,0.13251,0.13251,0.13251,0,0.13251,0.086831,0.086831,0.086831,0.086831,0.086831,0.086831,0,0.086831,0.1001,0.1001,0.1001,0.1001,0.1001,0.1001,0,0.1001,1,1,1,1,1,1,0,1,512,512,512,512,512,512,0,512,128.5,128.5,128.5,128.5,128.5,128.5,0,128.5,0,0,0,0,0,0,0,0,1,54
1,0.11732,0.11732,0.11732,0.11732,0.11732,0.11732,0,0.11732,0.059828,0.059828,0.059828,0.059828,0.059828,0.059828,0,0.059828,0.10092,0.10092,0.10092,0.10092,0.10092,0.10092,0,0.10092,1,1,1,1,1,1,0,1,512,512,512,512,512,512,0,512,128.5,128.5,128.5,128.5,128.5,128.5,0,128.5,0,0,0,0,0,0,0,0,1,55
1,0.064986,0.064986,0.064986,0.064986,0.064986,0.064986,0,0.064986,0.055642,0.055642,0.055642,0.055642,0.055642,0.055642,0,0.055642,-0.033571,-0.033571,-0.033571,-0.033571,-0.033571,-0.033571,0,-0.033571,1,1,1,1,1,1,0,1,512,512,512,512,512,512,0,512,128.5,128.5,128.5,128.5,128.5,128.5,0,128.5,0,0,0,0,0,0,0,0,1,56
1,0.12572,0.12572,0.12572,0.12572,0.12572,0.12572,0,0.12572,0.062339,0.062339,0.062339,0.062339,0.062339,0.062339,0,0.062339,-0.10917,-0.10917,-0.10917,-0.10917,-0.10917,-0.10917,0,-0.10917,1,1,1,1,1,1,0,1,512,512,512,512,512,512,0,512,128.5,128.5,128.5,128.5,128.5,128.5,0,128.5,0,0,0,0,0,0,0,0,1,57
1,0.12572,0.12572,0.12572,0.12572,0.12572,0.12572,0,0.12572,0.056251,0.056251,0.056251,0.056251,0.056251,0.056251,0,0.056251,-0.11244,-0.11244,-0.11244,-0.11244,-0.11244,-0.11244,0,-0.11244,1,1,1,1,1,1,0,1,512,512,512,512,512,512,0,512,128.5,128.5,128.5,128.5,128.5,128.5,0,128.5,0,0,0,0,0,0,0,0,1,58
1,0.10208,0.10208,0.10208,0.10208,0.10208,0.10208,0,0.10208,0.087516,0.087516,0.087516,0.087516,0.087516,0.087516,0,0.087516,0.052552,0.052552,0.052552,0.052552,0.052552,0.052552,0,0.052552,1,1,1,1,1,1,0,1,512,512,512,512,512,512,0,512,128.5,128.5,128.5,128.5,128.5,128.5,0,128.5,0,0,0,0,0,0,0,0,1,59
1,0.12874,0.12874,0.12874,0.12874,0.12874,0.12874,0,0.12874,0.076465,0.076465,0.076465,0.076465,0.076465,0.076465,0,0.076465,0.10357,0.10357,0.10357,0.10357,0.10357,0.10357,0,0.10357,1,1,1,1,1,1,0,1,512,512,512,512,512,512,0,512,128.5,128.5,128.5,128.5,128.5,128.5,0,128.5,0,0,0,0,0,0,0,0,1,60
1,0.12185,0.12185,0.12185,0.12185,0.12185,0.12185,0,0.12185,0.054111,0.054111,0.054111,0.054111,0.054111,0.054111,0,0.054111,0.10918,0.10918,0.10918,0.10918,0.10918,0.10918,0,0.10918,1,1,1,1,1,1,0,1,512,512,512,512,512,512,0,512,128.5,128.5,128.5,128.5,128.5,128.5,0,128.5,0,0,0,0,0,0,0,0,1,61
1,0.091554,0.091554,0.091554,0.091554,0.091554,0.091554,0,0.091554,0.072924,0.072924,0.072924,0.072924,0.072924,0.072924,0,0.072924,-0.055352,-0.055352,-0.055352,-0.055352,-0.055352,-0.055352,0,-0.055352,1,1,1,1,1,1,0,1,512,512,512,512,512,512,0,512,128.5,128.5,128.5,128.5,128.5,128.5,0,128.5,0,0,0,0,0,0,0,0,1,62
1,0.12439,0.12439,0.12439,0.12439,0.12439,0.12439,0,0.12439,0.068521,0.068521,0.068521,0.068521,0.068521,0.068521,0,0.068521,-0.10382,-0.10382,-0.10382,-0.10382,-0.10382,-0.10382,0,-0.10382,1,1,1,1,1,1,0,1,512,512,512,512,512,512,0,512,128.5,128.5,128.5,128.5,128.5,128.5,0,128.5,0,0,0,0,0,0,0,0,1,63
1,0.12204,0.12204,0.12204,0.12204,0.12204,0.12204,0,0.12204,0.047553,0.047553,0.047553,0.047553,0.047553,0.047553,0,0.047553,-0.11239,-0.11239,-0.11239,-0.11239,-0.11239,-0.11239,0,-0.11239,1,1,1,1,1,1,0,1,512,512,512,512,512,512,0,512,128.5,128.5,128.5,128.5,128.5,128.5,0,128.5,0,0,0,0,0,0,0,0,1,64
1,0.094498,0.094498,0.094498,0.094498,0.094498,0.094498,0,0.094498,0.073656,0.073656,0.073656,0.073656,0.073656,0.073656,0,0.073656,0.059194,0.059194,0.059194,0.059194,0.059194,0.059194,0,0.059194,1,1,1,1,1,1,0,1,512,512,512,512,512,512,0,512,128.5,128.5,128.5,128.5,128.5,128.5,0,128.5,0,0,0,0,0,0,0,0,1,65
1,0.12513,0.12513,0.12513,0.12513,0.12513,0.12513,0,0.12513,0.068167,0.068167,0.068167,0.068167,0.068167,0.068167,0,0.068167,0.10493,0.10493,0.10493,0.10493,0.10493,0.10493,0,0.10493,1,1,1,1,1,1,0,1,512,512,512,512,512,512,0,512,128.5,128.5,128.5,128.5,128.5,128.5,0,128.5,0,0,0,0,0,0,0,0,1,66
1,0.12489,0.12489,0.12489,0.12489,0.12489,0.12489,0,0.12489,0.053881,0.053881,0.053881,0.053881,0.053881,0.053881,0,0.053881,0.11267,0.11267,0.11267,0.11267,0.11267,0.11267,0,0.11267,1,1,1,1,1,1,0,1,512,512,512,512,512,512,0,512,128.5,128.5,128.5,128.5,128.5,128.5,0,128.5,0,0,0,0,0,0,0,0,1,67
1,0.11381,0.11381,0.11381,0.11381,0.11381,0.11381,0,0.11381,0.088474,0.088474,0.088474,0.088474,0.088474,0.088474,0,0.088474,-0.071591,-0.071591,-0.071591,-0.071591,-0.071591,-0.071591,0,-0.071591,1,1,1,1,1,1,0,1,512,512,512,512,512,512,0,512,128.5,128.5,128.5,128.5,128.5,128.5,0,128.5,0,0,0,0,0,0,0,0,1,68
1,0.12221,0.12221,0.12221,0.12221,0.12221,0.12221,0,0.12221,0.073732,0.073732,0.073732,0.073732,0.073732,0.073732,0,0.073732,-0.097461,-0.097461,-0.097461,-0.097461,-0.097461,-0.097461,0,-0.097461,1,1,1,1,1,1,0,1,512,512,512,512,512,512,0,512,128.5,128.5,128.5,128.5,128.5,128.5,0,128.5,0,0,0,0,0,0,0,0,1,69
1,0.11772,0.11772,0.11772,0.11772,0.11772,0.11772,0,0.11772,0.045109,0.045109,0.045109,0.045109,0.045109,0.045109,0,0.045109,-0.10873,-0.10873,-0.10873,-0.10873,-0.10873,-0.10873,0,-0.10873,1,1,1,1,1,1,0,1,512,512,512,512,512,512,0,512,128.5,128.5,128.5,128.5,128.5,128.5,0,128.5,0,0,0,0,0,0,0,0,1,70
1,0.098724,0.098724,0.098724,0.098724,0.098724,0.098724,0,0.098724,0.068901,0.068901,0.068901,0.068901,0.068901,0.068901,0,0.068901,0.070697,0.070697,0.070697,0.070697,0.070697,0.070697,0,0.070697,1,1,1,1,1,1,0,1,512,512,512,512,512,512,0,512,128.5,128.5,128.5,128.5,128.5,128.5,0,128.5,0,0,0,0,0,0,0,0,1,71
1,0.12051,0.12051,0.12051,0.12051,0.12051,0.12051,0,0.12051,0.063154,0.063154,0.063154,0.063154,0.063154,0.063154,0,0.063154,0.10263,0.10263,0.10263,0.10263,0.10263,0.10263,0,0.10263,1,1,1,1,1,1,0,1,512,512,512,512,512,512,0,512,128.5,128.5,128.5,128.5,128.5,128.5,0,128.5,0,0,0,0,0,0,0,0,1,72
1,0.11938,0.11938,0.11938,0.11938,0.11938,0.11938,0,0.11938,0.045413,0.045413,0.045413,0.045413,0.045413,0.045413,0,0.045413,0.11041,0.11041,0.11041,0.11041,0.11041,0.11041,0,0.11041,1,1,1,1,1,1,0,1,512,512,512,512,512,512,0,512,128.5,128.5,128.5,128.5,128.5,128.5,0,128.5,0,0,0,0,0,0,0,0,1,73
1,0.10802,0.10802,0.10802,0.10802,0.10802,0.10802,0,0.10802,0.08071,0.08071,0.08071,0.08071,0.08071,0.08071,0,0.08071,-0.071791,-0.071791,-0.071791,-0.071791,-0.071791,-0.071791,0,-0.071791,1,1,1,1,1,1,0,1,512,512,512,512,512,512,0,512,128.5,128.5,128.5,128.5,128.5,128.5,0,128.5,0,0,0,0,0,0,0,0,1,74
1,0.12318,0.12318,0.12318,0.12318,0.12318,0.12318,0,0.12318,0.070863,0.070863,0.070863,0.070863,0.070863,0.070863,0,0.070863,-0.10076,-0.10076,-0.10076,-0.10076,-0.10076,-0.10076,0,-0.10076,1,1,1,1,1,1,0,1,512,512,512,512,512,512,0,512,128.5,128.5,128.5,128.5,128.5,128.5,0,128.5,0,0,0,0,0,0,0,0,1,75
1,0.11686,0.11686,0.11686,0.11686,0.11686,0.11686,0,0.11686,0.048117,0.048117,0.048117,0.048117,0.048117,0.048117,0,0.048117,-0.10649,-0.10649,-0.10649,-0.10649,-0.10649,-0.10649,0,-0.10649,1,1,1,1,1,1,0,1,512,512,512,512,512,512,0,512,128.5,128.5,128.5,128.5,128.5,128.5,0,128.5,0,0,0,0,0,0,0,0,1,76
1,0.11264,0.11264,0.11264,0.11264,0.11264,0.11264,0,0.11264,0.08051,0.08051,0.08051,0.08051,0.08051,0.08051,0,0.08051,0.078777,0.078777,0.078777,0.078777,0.078777,0.078777,0,0.078777,1,1,1,1,1,1,0,1,512,512,512,512,512,512,0,512,128.5,128.5,128.5,128.5,128.5,128.5,0,128.5,0,0,0,0,0,0,0,0,1,77
1,0.12056,0.12056,0.12056,0.12056,0.12056,0.12056,0,0.12056,0.067791,0.067791,0.067791,0.067791,0.067791,0.067791,0,0.067791,0.099699,0.099699,0.099699,0.099699,0.099699,0.099699,0,0.099699,1,1,1,1,1,1,0,1,512,512,512,512,512,512,0,512,128.5,128.5,128.5,128.5,128.5,128.5,0,128.5,0,0,0,0,0,0,0,0,1,78
1,0.11228,0.11228,0.11228,0.11228,0.11228,0.11228,0,0.11228,0.042918,0.042918,0.042918,0.042918,0.042918,0.042918,0,0.042918,0.10375,0.10375,0.10375,0.10375,0.10375,0.10375,0,0.10375,1,1,1,1,1,1,0,1,512,512,512,512,512,512,0,512,128.5,128.5,128.5,128.5,128.5,128.5,0,128.5,0,0,0,0,0,0,0,0,1,79
1,0.10549,0.10549,0.10549,0.10549,0.10549,0.10549,0,0.10549,0.073652,0.073652,0.073652,0.073652,0.073652,0.073652,0,0.073652,-0.075511,-0.075511,-0.075511,-0.075511,-0.075511,-0.075511,0,-0.075511,1,1,1,1,1,1,0,1,512,512,512,512,512,512,0,512,128.5,128.5,128.5,128.5,128.5,128.5,0,128.5,0,0,0,0,0,0,0,0,1,80
1,0.11968,0.11968,0.11968,0.11968,0.11968,0.11968,0,0.11968,0.063485,0.063485,0.063485,0.063485,0.063485,0.063485,0,0.063485,-0.10145,-0.10145,-0.10145,-0.10145,-0.10145,-0.10145,0,-0.10145,1,1,1,1,1,1,0,1,512,512,512,512,512,512,0,512,128.5,128.5,128.5,128.5,128.5,128.5,0,128.5,0,0,0,0,0,0,0,0,1,81
1,0.11832,0.11832,0.11832,0.11832,0.11832,0.11832,0,0.11832,0.042725,0.042725,0.042725,0.042725,0.042725,0.042725,0,0.042725,-0.11034,-0.11034,-0.11034,-0.11034,-0.11034,-0.11034,0,-0.11034,1,1,1,1,1,1,0,1,512,512,512,512,512,512,0,512,128.5,128.5,128.5,128.5,128.5,128.5,0,128.5,0,0,0,0,0,0,0,0,1,82
1,0.096968,0.096968,0.096968,0.096968,0.096968,0.096968,0,0.096968,0.073283,0.073283,0.073283,0.073283,0.073283,0.073283,0,0.073283,0.063497,0.063497,0.063497,0.063497,0.063497,0.063497,0,0.063497,1,1,1,1,1,1,0,1,512,512,512,512,512,512,0,512,128.5,128.5,128.5,128.5,128.5,128.5,0,128.5,0,0,0,0,0,0,0,0,1,83
1,0.12356,0.12356,0.12356,0.12356,0.12356,0.12356,0,0.12356,0.065513,0.065513,0.065513,0.065513,0.065513,0.065513,0,0.065513,0.10476,0.10476,0.10476,0.10476,0.10476,0.10476,0,0.10476,1,1,1,1,1,1,0,1,512,512,512,512,512,512,0,512,128.5,128.5,128.5,128.5,128.5,128.5,0,128.5,0,0,0,0,0,0,0,0,1,84
1,0.12054,0.12054,0.12054,0.12054,0.12054,0.12054,0,0.12054,0.044531,0.044531,0.044531,0.044531,0.044531,0.044531,0,0.044531,0.11201,0.11201,0.11201,0.11201,0.11201,0.11201,0,0.11201,1,1,1,1,1,1,0,1,512,512,512,512,512,512,0,512,128.5,128.5,128.5,128.5,128.5,128.5,0,128.5,0,0,0,0,0,0,0,0,1,85
1,0.095912,0.095912,0.095912,0.095912,0.095912,0.095912,0,0.095912,0.075343,0.075343,0.075343,0.075343,0.075343,0.075343,0,0.075343,-0.059348,-0.059348,-0.059348,-0.059348,-0.059348,-0.059348,0,-0.059348,1,1,1,1,1,1,0,1,512,512,512,512,512,512,0,512,128.5,128.5,128.5,128.5,128.5,128.5,0,128.5,0,0,0,0,0,0,0,0,1,86
1,0.12411,0.12411,0.12411,0.12411,0.12411,0.12411,0,0.12411,0.068371,0.068371,0.068371,0.068371,0.068371,0.068371,0,0.068371,-0.10358,-0.10358,-0.10358,-0.10358,-0.10358,-0.10358,0,-0.10358,1,1,1,1,1,1,0,1,512,512,512,512,512,512,0,512,128.5,128.5,128.5,128.5,128.5,128.5,0,128.5,0,0,0,0,0,0,0,0,1,87
1,0.12186,0.12186,0.12186,0.12186,0.12186,0.12186,0,0.12186,0.050782,0.050782,0.050782,0.050782,0.050782,0.050782,0,0.050782,-0.11077,-0.11077,-0.11077,-0.11077,-0.11077,-0.11077,0,-0.11077,1,1,1,1,1,1,0,1,512,512,512,512,512,512,0,512,128.5,128.5,128.5,128.5,128.5,128.5,0,128.5,0,0,0,0,0,0,0,0,1,88
1,0.091774,0.091774,0.091774,0.091774,0.091774,0.091774,0,0.091774,0.07741,0.07741,0.07741,0.07741,0.07741,0.07741,0,0.07741,0.049294,0.049294,0.049294,0.049294,0.049294,0.049294,0,0.049294,1,1,1,1,1,1,0,1,512,512,512,512,512,512,0,512,128.5,128.5,128.5,128.5,128.5,128.5,0,128.5,0,0,0,0,0,0,0,0,1,89
1,0.12446,0.12446,0.12446,0.12446,0.12446,0.12446,0,0.12446,0.069388,0.069388,0.069388,0.069388,0.069388,0.069388,0,0.069388,0.10332,0.10332,0.10332,0.10332,0.10332,0.10332,0,0.10332,1,1,1,1,1,1,0,1,512,512,512,512,512,512,0,512,128.5,128.5,128.5,128.5,128.5,128.5,0,128.5,0,0,0,0,0,0,0,0,1,90
1,0.11122,0.11122,0.11122,0.11122,0.11122,0.11122,0,0.11122,0.048899,0.048899,0.048899,0.048899,0.048899,0.048899,0,0.048899,0.099893,0.099893,0.099893,0.099893,0.099893,0.099893,0,0.099893,1,1,1,1,1,1,0,1,512,512,512,512,512,512,0,512,128.5,128.5,128.5,128.5,128.5,128.5,0,128.5,0,0,0,0,0,0,0,0,1,91
1,0.055119,0.055119,0.055119,0.055119,0.055119,0.055119,0,0.055119,0.05129,0.05129,0.05129,0.05129,0.05129,0.05129,0,0.05129,-0.020186,-0.020186,-0.020186,-0.020186,-0.020186,-0.020186,0,-0.020186,1,1,1,1,1,1,0,1,512,512,512,512,512,512,0,512,128.5,128.5,128.5,128.5,128.5,128.5,0,128.5,0,0,0,0,0,0,0,0,1,92
1,0.12306,0.12306,0.12306,0.12306,0.12306,0.12306,0,0.12306,0.05782,0.05782,0.05782,0.05782,0.05782,0.05782,0,0.05782,-0.10863,-0.10863,-0.10863,-0.10863,-0.10863,-0.10863,0,-0.10863,1,1,1,1,1,1,0,1,512,512,512,512,512,512,0,512,128.5,128.5,128.5,128.5,128.5,128.5,0,128.5,0,0,0,0,0,0,0,0,1,93
1,0.11672,0.11672,0.11672,0.11672,0.11672,0.11672,0,0.11672,0.055062,0.055062,0.055062,0.055062,0.055062,0.055062,0,0.055062,-0.10291,-0.10291,-0.10291,-0.10291,-0.10291,-0.10291,0,-0.10291,1,1,1,1,1,1,0,1,512,512,512,512,512,512,0,512,128.5,128.5,128.5,128.5,128.5,128.5,0,128.5,0,0,0,0,0,0,0,0,1,94
1,0.076059,0.076059,0.076059,0.076059,0.076059,0.076059,0,0.076059,0.074734,0.074734,0.074734,0.074734,0.074734,0.074734,0,0.074734,0.014137,0.014137,0.014137,0.014137,0.014137,0.014137,0,0.014137,1,1,1,1,1,1,0,1,512,512,512,512,512,512,0,512,128.5,128.5,128.5,128.5,128.5,128.5,0,128.5,0,0,0,0,0,0,0,0,1,95
1,0.13207,0.13207,0.13207,0.13207,0.13207,0.13207,0,0.13207,0.083659,0.083659,0.083659,0.083659,0.083659,0.083659,0,0.083659,0.10219,0.10219,0.10219,0.10219,0.10219,0.10219,0,0.10219,1,1,1,1,1,1,0,1,512,512,512,512,512,512,0,512,128.5,128.5,128.5,128.5,128.5,128.5,0,128.5,0,0,0,0,0,0,0,0,1,96
1,0.11369,0.11369,0.11369,0.11369,0.11369,0.11369,0,0.11369,0.059345,0.059345,0.059345,0.059345,0.059345,0.059345,0,0.059345,0.096973,0.096973,0.096973,0.096973,0.096973,0.096973,0,0.096973,1,1,1,1,1,1,0,1,512,512,512,512,512,512,0,512,128.5,128.5,128.5,128.5,128.5,128.5,0,128.5,0,0,0,0,0,0,0,0,1,97
1,0.052021,0.052021,0.052021,0.052021,0.052021,0.052021,0,0.052021,0.049001,0.049001,0.049001,0.049001,0.049001,0.049001,0,0.049001,0.017442,0.017442,0.017442,0.017442,0.017442,0.017442,0,0.017442,1,1,1,1,1,1,0,1,512,512,512,512,512,512,0,512,128.5,128.5,128.5,128.5,128.5,128.5,0,128.5,0,0,0,0,0,0,0,0,1,98
1,0.12133,0.12133,0.12133,0.12133,0.12133,0.12133,0,0.12133,0.063586,0.063586,0.063586,0.063586,0.063586,0.063586,0,0.063586,-0.10333,-0.10333,-0.10333,-0.10333,-0.10333,-0.10333,0,-0.10333,1,1,1,1,1,1,0,1,512,512,512,512,512,512,0,512,128.5,128.5,128.5,128.5,128.5,128.5,0,128.5,0,0,0,0,0,0,0,0,1,99
1,0.11158,0.11158,0.11158,0.11158,0.11158,0.11158,0,0.11158,0.055359,0.055359,0.055359,0.055359,0.055359,0.055359,0,0.055359,-0.096876,-0.096876,-0.096876,-0.096876,-0.096876,-0.096876,0,-0.096876,1,1,1,1,1,1,0,1,512,512,512,512,512,512,0,512,128.5,128.5,128.5,128.5,128.5,128.5,0,128.5,0,0,0,0,0,0,0,0,1,100
1,0.066233,0.066233,0.066233,0.066233,0.066233,0.066233,0,0.066233,0.045714,0.045714,0.045714,0.045714,0.045714,0.045714,0,0.045714,-0.047906,-0.047906,-0.047906,-0.047906,-0.047906,-0.047906,0,-0.047906,1,1,1,1,1,1,0,1,512,512,512,512,512,512,0,512,128.5,128.5,128.5,128.5,128.5,128.5,0,128.5,0,0,0,0,0,0,0,0,1,101
1,0.11594,0.11594,0.11594,0.11594,0.11594,0.11594,0,0.11594,0.070228,0.070228,0.070228,0.070228,0.070228,0.070228,0,0.070228,0.092239,0.092239,0.092239,0.092239,0.092239,0.092239,0,0.092239,1,1,1,1,1,1,0,1,512,512,512,512,512,512,0,512,128.5,128.5,128.5,128.5,128.5,128.5,0,128.5,0,0,0,0,0,0,0,0,1,102
1,0.1158,0.1158,0.1158,0.1158,0.1158,0.1158,0,0.1158,0.059943,0.059943,0.059943,0.059943,0.059943,0.059943,0,0.059943,0.099084,0.099084,0.099084,0.099084,0.099084,0.099084,0,0.099084,1,1,1,1,1,1,0,1,512,512,512,512,512,512,0,512,128.5,128.5,128.5,128.5,128.5,128.5,0,128.5,0,0,0,0,0,0,0,0,1,103
1,0.091031,0.091031,0.091031,0.091031,0.091031,0.091031,0,0.091031,0.046722,0.046722,0.046722,0.046722,0.046722,0.046722,0,0.046722,0.078117,0.078117,0.078117,0.078117,0.078117,0.078117,0,0.078117,1,1,1,1,1,1,0,1,512,512,512,512,512,512,0,512,128.5,128.5,128.5,128.5,128.5,128.5,0,128.5,0,0,0,0,0,0,0,0,1,104
1,0.11508,0.11508,0.11508,0.11508,0.11508,0.11508,0,0.11508,0.0805,0.0805,0.0805,0.0805,0.0805,0.0805,0,0.0805,-0.082231,-0.082231,-0.082231,-0.082231,-0.082231,-0.082231,0,-0.082231,1,1,1,1,1,1,0,1,512,512,512,512,512,512,0,512,128.5,128.5,128.5,128.5,128.5,128.5,0,128.5,0,0,0,0,0,0,0,0,1,105
1,0.11691,0.11691,0.11691,0.11691,0.11691,0.11691,0,0.11691,0.065723,0.065723,0.065723,0.065723,0.065723,0.065723,0,0.065723,-0.096689,-0.096689,-0.096689,-0.096689,-0.096689,-0.096689,0,-0.096689,1,1,1,1,1,1,0,1,512,512,512,512,512,512,0,512,128.5,128.5,128.5,128.5,128.5,128.5,0,128.5,0,0,0,0,0,0,0,0,1,106
1,0.10937,0.10937,0.10937,0.10937,0.10937,0.10937,0,0.10937,0.038082,0.038082,0.038082,0.038082,0.038082,0.038082,0,0.038082,-0.10253,-0.10253,-0.10253,-0.10253,-0.10253,-0.10253,0,-0.10253,1,1,1,1,1,1,0,1,512,512,512,512,512,512,0,512,128.5,128.5,128.5,128.5,128.5,128.5,0,128.5,0,0,0,0,0,0,0,0,1,107
1,0.091247,0.091247,0.091247,0.091247,0.091247,0.091247,0,0.091247,0.06613,0.06613,0.06613,0.06613,0.06613,0.06613,0,0.06613,0.062867,0.062867,0.062867,0.062867,0.062867,0.062867,0,0.062867,1,1,1,1,1,1,0,1,512,512,512,512,512,512,0,512,128.5,128.5,128.5,128.5,128.5,128.5,0,128.5,0,0,0,0,0,0,0,0,1,108
1,0.11924,0.11924,0.11924,0.11924,0.11924,0.11924,0,0.11924,0.061657,0.061657,0.061657,0.061657,0.061657,0.061657,0,0.061657,0.10206,0.10206,0.10206,0.10206,0.10206,0.10206,0,0.10206,1,1,1,1,1,1,0,1,512,512,512,512,512,512,0,512,128.5,128.5,128.5,128.5,128.5,128.5,0,128.5,0,0,0,0,0,0,0,0,1,109
1,0.11678,0.11678,0.11678,0.11678,0.11678,0.11678,0,0.11678,0.046555,0.046555,0.046555,0.046555,0.046555,0.046555,0,0.046555,0.1071,0.1071,0.1071,0.1071,0.1071,0.1071,0,0.1071,1,1,1,1,1,1,0,1,512,512,512,512,512,512,0,512,128.5,128.5,128.5,128.5,128.5,128.5,0,128.5,0,0,0,0,0,0,0,0,1,110
1,0.085983,0.085983,0.085983,0.085983,0.085983,0.085983,0,0.085983,0.072592,0.072592,0.072592,0.072592,0.072592,0.072592,0,0.072592,-0.046079,-0.046079,-0.046079,-0.046079,-0.046079,-0.046079,0,-0.046079,1,1,1,1,1,1,0,1,512,512,512,512,512,512,0,512,128.5,128.5,128.5,128.5,128.5,128.5,0,128.5,0,0,0,0,0,0,0,0,1,111
1,0.12335,0.12335,0.12335,0.12335,0.12335,0.12335,0,0.12335,0.07056,0.07056,0.07056,0.07056,0.07056,0.07056,0,0.07056,-0.10118,-0.10118,-0.10118,-0.10118,-0.10118,-0.10118,0,-0.10118,1,1,1,1,1,1,0,1,512,512,512,512,512,512,0,512,128.5,128.5,128.5,128.5,128.5,128.5,0,128.5,0,0,0,0,0,0,0,0,1,112
1,0.1124,0.1124,0.1124,0.1124,0.1124,0.1124,0,0.1124,0.051233,0.051233,0.051233,0.051233,0.051233,0.051233,0,0.051233,-0.10004,-0.10004,-0.10004,-0.10004,-0.10004,-0.10004,0,-0.10004,1,1,1,1,1,1,0,1,512,512,512,512,512,512,0,512,128.5,128.5,128.5,128.5,128.5,128.5,0,128.5,0,0,0,0,0,0,0,0,1,113
1,0.059366,0.059366,0.059366,0.059366,0.059366,0.059366,0,0.059366,0.056945,0.056945,0.056945,0.056945,0.056945,0.056945,0,0.056945,0.016782,0.016782,0.016782,0.016782,0.016782,0.016782,0,0.016782,1,1,1,1,1,1,0,1,512,512,512,512,512,512,0,512,128.5,128.5,128.5,128.5,128.5,128.5,0,128.5,0,0,0,0,0,0,0,0,1,114
1,0.12562,0.12562,0.12562,0.12562,0.12562,0.12562,0,0.12562,0.0645,0.0645,0.0645,0.0645,0.0645,0.0645,0,0.0645,0.10779,0.10779,0.10779,0.10779,0.10779,0.10779,0,0.10779,1,1,1,1,1,1,0,1,512,512,512,512,512,512,0,512,128.5,128.5,128.5,128.5,128.5,128.5,0,128.5,0,0,0,0,0,0,0,0,1,115
1,0.1131,0.1131,0.1131,0.1131,0.1131,0.1131,0,0.1131,0.05439,0.05439,0.05439,0.05439,0.05439,0.05439,0,0.05439,0.099158,0.099158,0.099158,0.099158,0.099158,0.099158,0,0.099158,1,1,1,1,1,1,0,1,512,512,512,512,512,512,0,512,128.5,128.5,128.5,128.5,128.5,128.5,0,128.5,0,0,0,0,0,0,0,0,1,116
1,0.058904,0.058904,0.058904,0.058904,0.058904,0.058904,0,0.058904,0.0587,0.0587,0.0587,0.0587,0.0587,0.0587,0,0.0587,0.0048486,0.0048486,0.0048486,0.0048486,0.0048486,0.0048486,0,0.0048486,1,1,1,1,1,1,0,1,512,512,512,512,512,512,0,512,128.5,128.5,128.5,128.5,128.5,128.5,0,128.5,0,0,0,0,0,0,0,0,1,117
1,0.13082,0.13082,0.13082,0.13082,0.13082,0.13082,0,0.13082,0.076983,0.076983,0.076983,0.076983,0.076983,0.076983,0,0.076983,-0.10576,-0.10576,-0.10576,-0.10576,-0.10576,-0.10576,0,-0.10576,1,1,1,1,1,1,0,1,512,512,512,512,512,512,0,512,128.5,128.5,128.5,128.5,128.5,128.5,0,128.5,0,0,0,0,0,0,0,0,1,118
1,0.11582,0.11582,0.11582,0.11582,0.11582,0.11582,0,0.11582,0.061418,0.061418,0.061418,0.061418,0.061418,0.061418,0,0.061418,-0.098195,-0.098195,-0.098195,-0.098195,-0.098195,-0.098195,0,-0.098195,1,1,1,1,1,1,0,1,512,512,512,512,512,512,0,512,128.5,128.5,128.5,128.5,128.5,128.5,0,128.5,0,0,0,0,0,0,0,0,1,119
1,0.063557,0.063557,0.063557,0.063557,0.063557,0.063557,0,0.063557,0.06039,0.06039,0.06039,0.06039,0.06039,0.06039,0,0.06039,-0.019794,-0.019794,-0.019794,-0.019794,-0.019794,-0.019794,0,-0.019794,1,1,1,1,1,1,0,1,512,512,512,512,512,512,0,512,128.5,128.5,128.5,128.5,128.5,128.5,0,128.5,0,0,0,0,0,0,0,0,1,120
1,0.12952,0.12952,0.12952,0.12952,0.12952,0.12952,0,0.12952,0.07969,0.07969,0.07969,0.07969,0.07969,0.07969,0,0.07969,0.10209,0.10209,0.10209,0.10209,0.10209,0.10209,0,0.10209,1,1,1,1,1,1,0,1,512,512,512,512,512,512,0,512,128.5,128.5,128.5,128.5,128.5,128.5,0,128.5,0,0,0,0,0,0,0,0,1,121
1,0.11166,0.11166,0.11166,0.11166,0.11166,0.11166,0,0.11166,0.060047,0.060047,0.060047,0.060047,0.060047,0.060047,0,0.060047,0.094138,0.094138,0.094138,0.094138,0.094138,0.094138,0,0.094138,1,1,1,1,1,1,0,1,512,512,512,512,512,512,0,512,128.5,128.5,128.5,128.5,128.5,128.5,0,128.5,0,0,0,0,0,0,0,0,1,122
1,0.069562,0.069562,0.069562,0.069562,0.069562,0.069562,0,0.069562,0.036456,0.036456,0.036456,0.036456,0.036456,0.036456,0,0.036456,0.059228,0.059228,0.059228,0.059228,0.059228,0.059228,0,0.059228,1,1,1,1,1,1,0,1,512,512,512,512,512,512,0,512,128.5,128.5,128.5,128.5,128.5,128.5,0,128.5,0,0,0,0,0,0,0,0,1,123
1,0.10608,0.10608,0.10608,0.10608,0.10608,0.10608,0,0.10608,0.059087,0.059087,0.059087,0.059087,0.059087,0.059087,0,0.059087,-0.088095,-0.088095,-0.088095,-0.088095,-0.088095,-0.088095,0,-0.088095,1,1,1,1,1,1,0,1,512,512,512,512,512,512,0,512,128.5,128.5,128.5,128.5,128.5,128.5,0,128.5,0,0,0,0,0,0,0,0,1,124
1,0.11369,0.11369,0.11369,0.11369,0.11369,0.11369,0,0.11369,0.056225,0.056225,0.056225,0.056225,0.056225,0.056225,0,0.056225,-0.098811,-0.098811,-0.098811,-0.098811,-0.098811,-0.098811,0,-0.098811,1,1,1,1,1,1,0,1,512,512,512,512,512,512,0,512,128.5,128.5,128.5,128.5,128.5,128.5,0,128.5,0,0,0,0,0,0,0,0,1,125
1,0.09806,0.09806,0.09806,0.09806,0.09806,0.09806,0,0.09806,0.043003,0.043003,0.043003,0.043003,0.043003,0.043003,0,0.043003,-0.088119,-0.088119,-0.088119,-0.088119,-0.088119,-0.088119,0,-0.088119,1,1,1,1,1,1,0,1,512,512,512,512,512,512,0,512,128.5,128.5,128.5,128.5,128.5,128.5,0,128.5,0,0,0,0,0,0,0,0,1,126
1,0.11007,0.11007,0.11007,0.11007,0.11007,0.11007,0,0.11007,0.079454,0.079454,0.079454,0.079454,0.079454,0.079454,0,0.079454,0.076176,0.076176,0.076176,0.076176,0.076176,0.076176,0,0.076176,1,1,1,1,1,1,0,1,512,512,512,512,512,512,0,512,128.5,128.5,128.5,128.5,128.5,128.5,0,128.5,0,0,0,0,0,0,0,0,1,127
1,0.1199,0.1199,0.1199,0.1199,0.1199,0.1199,0,0.1199,0.067122,0.067122,0.067122,0.067122,0.067122,0.067122,0,0.067122,0.099349,0.099349,0.099349,0.099349,0.099349,0.099349,0,0.099349,1,1,1,1,1,1,0,1,512,512,512,512,512,512,0,512,128.5,128.5,128.5,128.5,128.5,128.5,0,128.5,0,0,0,0,0,0,0,0,1,128
1,0.11341,0.11341,0.11341,0.11341,0.11341,0.11341,0,0.11341,0.043029,0.043029,0.043029,0.043029,0.043029,0.043029,0,0.043029,0.10492,0.10492,0.10492,0.10492,0.10492,0.10492,0,0.10492,1,1,1,1,1,1,0,1,512,512,512,512,512,512,0,512,128.5,128.5,128.5,128.5,128.5,128.5,0,128.5,0,0,0,0,0,0,0,0,1,129
1,0.097501,0.097501,0.097501,0.097501,0.097501,0.097501,0,0.097501,0.073082,0.073082,0.073082,0.073082,0.073082,0.073082,0,0.073082,-0.064537,-0.064537,-0.064537,-0.064537,-0.064537,-0.064537,0,-0.064537,1,1,1,1,1,1,0,1,512,512,512,512,512,512,0,512,128.5,128.5,128.5,128.5,128.5,128.5,0,128.5,0,0,0,0,0,0,0,0,1,130
1,0.11973,0.11973,0.11973,0.11973,0.11973,0.11973,0,0.11973,0.066736,0.066736,0.066736,0.066736,0.066736,0.066736,0,0.066736,-0.099407,-0.099407,-0.099407,-0.099407,-0.099407,-0.099407,0,-0.099407,1,1,1,1,1,1,0,1,512,512,512,512,512,512,0,512,128.5,128.5,128.5,128.5,128.5,128.5,0,128.5,0,0,0,0,0,0,0,0,1,131
1,0.11719,0.11719,0.11719,0.11719,0.11719,0.11719,0,0.11719,0.046402,0.046402,0.046402,0.046402,0.046402,0.046402,0,0.046402,-0.10761,-0.10761,-0.10761,-0.10761,-0.10761,-0.10761,0,-0.10761,1,1,1,1,1,1,0,1,512,512,512,512,512,512,0,512,128.5,128.5,128.5,128.5,128.5,128.5,0,128.5,0,0,0,0,0,0,0,0,1,132
1,0.086159,0.086159,0.086159,0.086159,0.086159,0.086159,0,0.086159,0.070306,0.070306,0.070306,0.070306,0.070306,0.070306,0,0.070306,0.049802,0.049802,0.049802,0.049802,0.049802,0.049802,0,0.049802,1,1,1,1,1,1,0,1,512,512,512,512,512,512,0,512,128.5,128.5,128.5,128.5,128.5,128.5,0,128.5,0,0,0,0,0,0,0,0,1,133
1,0.12305,0.12305,0.12305,0.12305,0.12305,0.12305,0,0.12305,0.066683,0.066683,0.066683,0.066683,0.066683,0.066683,0,0.066683,0.10341,0.10341,0.10341,0.10341,0.10341,0.10341,0,0.10341,1,1,1,1,1,1,0,1,512,512,512,512,512,512,0,512,128.5,128.5,128.5,128.5,128.5,128.5,0,128.5,0,0,0,0,0,0,0,0,1,134
1,0.11413,0.11413,0.11413,0.11413,0.11413,0.11413,0,0.11413,0.050349,0.050349,0.050349,0.050349,0.050349,0.050349,0,0.050349,0.10242,0.10242,0.10242,0.10242,0.10242,0.10242,0,0.10242,1,1,1,1,1,1,0,1,512,512,512,512,512,512,0,512,128.5,128.5,128.5,128.5,128.5,128.5,0,128.5,0,0,0,0,0,0,0,0,1,135
1,0.068988,0.068988,0.068988,0.068988,0.068988,0.068988,0,0.068988,0.062942,0.062942,0.062942,0.062942,0.062942,0.062942,0,0.062942,-0.028242,-0.028242,-0.028242,-0.028242,-0.028242,-0.028242,0,-0.028242,1,1,1,1,1,1,0,1,512,512,512,512,512,512,0,512,128.5,128.5,128.5,128.5,128.5,128.5,0,128.5,0,0,0,0,0,0,0,0,1,136
1,0.12699,0.12699,0.12699,0.12699,0.12699,0.12699,0,0.12699,0.068008,0.068008,0.068008,0.068008,0.068008,0.068008,0,0.068008,-0.10724,-0.10724,-0.10724,-0.10724,-0.10724,-0.10724,0,-0.10724,1,1,1,1,1,1,0,1,512,512,512,512,512,512,0,512,128.5,128.5,128.5,128.5,128.5,128.5,0,128.5,0,0,0,0,0,0,0,0,1,137
1,0.1127,0.1127,0.1127,0.1127,0.1127,0.1127,0,0.1127,0.052946,0.052946,0.052946,0.052946,0.052946,0.052946,0,0.052946,-0.099491,-0.099491,-0.099491,-0.099491,-0.099491,-0.099491,0,-0.099491,1,1,1,1,1,1,0,1,512,512,512,512,512,512,0,512,128.5,128.5,128.5,128.5,128.5,128.5,0,128.5,0,0,0,0,0,0,0,0,1,138
1,0.05487,0.05487,0.05487,0.05487,0.05487,0.05487,0,0.05487,0.054644,0.054644,0.054644,0.054644,0.054644,0.054644,0,0.054644,-0.0049254,-0.0049254,-0.0049254,-0.0049254,-0.0049254,-0.0049254,0,-0.0049254,1,1,1,1,1,1,0,1,512,512,512,512,512,512,0,512,128.5,128.5,128.5,128.5,128.5,128.5,0,128.5,0,0,0,0,0,0,0,0,1,139
1,0.12579,0.12579,0.12579,0.12579,0.12579,0.12579,0,0.12579,0.068524,0.068524,0.068524,0.068524,0.068524,0.068524,0,0.068524,0.10548,0.10548,0.10548,0.10548,0.10548,0.10548,0,0.10548,1,1,1,1,1,1,0,1,512,512,512,512,512,512,0,512,128.5,128.5,128.5,128.5,128.5,128.5,0,128.5,0,0,0,0,0,0,0,0,1,140
1,0.11343,0.11343,0.11343,0.11343,0.11343,0.11343,0,0.11343,0.055425,0.055425,0.055425,0.055425,0.055425,0.055425,0,0.055425,0.098964,0.098964,0.098964,0.098964,0.098964,0.098964,0,0.098964,1,1,1,1,1,1,0,1,512,512,512,512,512,512,0,512,128.5,128.5,128.5,128.5,128.5,128.5,0,128.5,0,0,0,0,0,0,0,0,1,141
1,0.062459,0.062459,0.062459,0.062459,0.062459,0.062459,0,0.062459,0.049742,0.049742,0.049742,0.049742,0.049742,0.049742,0,0.049742,0.037751,0.037751,0.037751,0.037751,0.037751,0.037751,0,0.037751,1,1,1,1,1,1,0,1,512,512,512,512,512,512,0,512,128.5,128.5,128.5,128.5,128.5,128.5,0,128.5,0,0,0,0,0,0,0,0,1,142
1,0.12153,0.12153,0.12153,0.12153,0.12153,0.12153,0,0.12153,0.074542,0.074542,0.074542,0.074542,0.074542,0.074542,0,0.074542,-0.095987,-0.095987,-0.095987,-0.095987,-0.095987,-0.095987,0,-0.095987,1,1,1,1,1,1,0,1,512,512,512,512,512,512,0,512,128.5,128.5,128.5,128.5,128.5,128.5,0,128.5,0,0,0,0,0,0,0,0,1,143
1,0.11508,0.11508,0.11508,0.11508,0.11508,0.11508,0,0.11508,0.060504,0.060504,0.060504,0.060504,0.060504,0.060504,0,0.060504,-0.097886,-0.097886,-0.097886,-0.097886,-0.097886,-0.097886,0,-0.097886,1,1,1,1,1,1,0,1,512,512,512,512,512,512,0,512,128.5,128.5,128.5,128.5,128.5,128.5,0,128.5,0,0,0,0,0,0,0,0,1,144
1,0.084266,0.084266,0.084266,0.084266,0.084266,0.084266,0,0.084266,0.0468,0.0468,0.0468,0.0468,0.0468,0.0468,0,0.0468,-0.070063,-0.070063,-0.070063,-0.070063,-0.070063,-0.070063,0,-0.070063,1,1,1,1,1,1,0,1,512,512,512,512,512,512,0,512,128.5,128.5,128.5,128.5,128.5,128.5,0,128.5,0,0,0,0,0,0,0,0,1,145
1,0.11228,0.11228,0.11228,0.11228,0.11228,0.11228,0,0.11228,0.076522,0.076522,0.076522,0.076522,0.076522,0.076522,0,0.076522,0.082166,0.082166,0.082166,0.082166,0.082166,0.082166,0,0.082166,1,1,1,1,1,1,0,1,512,512,512,512,512,512,0,512,128.5,128.5,128.5,128.5,128.5,128.5,0,128.5,0,0,0,0,0,0,0,0,1,146
1,0.11555,0.11555,0.11555,0.11555,0.11555,0.11555,0,0.11555,0.062795,0.062795,0.062795,0.062795,0.062795,0.062795,0,0.062795,0.097002,0.097002,0.097002,0.097002,0.097002,0.097002,0,0.097002,1,1,1,1,1,1,0,1,512,512,512,512,512,512,0,512,128.5,128.5,128.5,128.5,128.5,128.5,0,128.5,0,0,0,0,0,0,0,0,1,147
1,0.10756,0.10756,0.10756,0.10756,0.10756,0.10756,0,0.10756,0.037597,0.037597,0.037597,0.037597,0.037597,0.037597,0,0.037597,0.10077,0.10077,0.10077,0.10077,0.10077,0.10077,0,0.10077,1,1,1,1,1,1,0,1,512,512,512,512,512,512,0,512,128.5,128.5,128.5,128.5,128.5,128.5,0,128.5,0,0,0,0,0,0,0,0,1,148
1,0.090427,0.090427,0.090427,0.090427,0.090427,0.090427,0,0.090427,0.067017,0.067017,0.067017,0.067017,0.067017,0.067017,0,0.067017,-0.060707,-0.060707,-0.060707,-0.060707,-0.060707,-0.060707,0,-0.060707,1,1,1,1,1,1,0,1,512,512,512,512,512,512,0,512,128.5,128.5,128.5,128.5,128.5,128.5,0,128.5,0,0,0,0,0,0,0,0,1,149
1,0.11867,0.11867,0.11867,0.11867,0.11867,0.11867,0,0.11867,0.063156,0.063156,0.063156,0.063156,0.063156,0.063156,0,0.063156,-0.10046,-0.10046,-0.10046,-0.10046,-0.10046,-0.10046,0,-0.10046,1,1,1,1,1,1,0,1,512,512,512,512,512,512,0,512,128.5,128.5,128.5,128.5,128.5,128.5,0,128.5,0,0,0,0,0,0,0,0,1,150
1,0.11518,0.11518,0.11518,0.11518,0.11518,0.11518,0,0.11518,0.046398,0.046398,0.046398,0.046398,0.046398,0.046398,0,0.046398,-0.10542,-0.10542,-0.10542,-0.10542,-0.10542,-0.10542,0,-0.10542,1,1,1,1,1,1,0,1,512,512,512,512,512,512,0,512,128.5,128.5,128.5,128.5,128.5,128.5,0,128.5,0,0,0,0,0,0,0,0,1,151
1,0.077932,0.077932,0.077932,0.077932,0.077932,0.077932,0,0.077932,0.067882,0.067882,0.067882,0.067882,0.067882,0.067882,0,0.067882,0.03828,0.03828,0.03828,0.03828,0.03828,0.03828,0,0.03828,1,1,1,1,1,1,0,1,512,512,512,512,512,512,0,512,128.5,128.5,128.5,128.5,128.5,128.5,0,128.5,0,0,0,0,0,0,0,0,1,152
1,0.12455,0.12455,0.12455,0.12455,0.12455,0.12455,0,0.12455,0.068349,0.068349,0.068349,0.068349,0.068349,0.068349,0,0.068349,0.10412,0.10412,0.10412,0.10412,0.10412,0.10412,0,0.10412,1,1,1,1,1,1,0,1,512,512,512,512,512,512,0,512,128.5,128.5,128.5,128.5,128.5,128.5,0,128.5,0,0,0,0,0,0,0,0,1,153
1,0.1112,0.1112,0.1112,0.1112,0.1112,0.1112,0,0.1112,0.051505,0.051505,0.051505,0.051505,0.051505,0.051505,0,0.051505,0.098556,0.098556,0.098556,0.098556,0.098556,0.098556,0,0.098556,1,1,1,1,1,1,0,1,512,512,512,512,512,512,0,512,128.5,128.5,128.5,128.5,128.5,128.5,0,128.5,0,0,0,0,0,0,0,0,1,154
1,0.055229,0.055229,0.055229,0.055229,0.055229,0.055229,0,0.055229,0.054855,0.054855,0.054855,0.054855,0.054855,0.054855,0,0.054855,-0.0064061,-0.0064061,-0.0064061,-0.0064061,-0.0064061,-0.0064061,0,-0.0064061,1,1,1,1,1,1,0,1,512,512,512,512,512,512,0,512,128.5,128.5,128.5,128.5,128.5,128.5,0,128.5,0,0,0,0,0,0,0,0,1,155
1,0.12648,0.12648,0.12648,0.12648,0.12648,0.12648,0,0.12648,0.068607,0.068607,0.068607,0.068607,0.068607,0.068607,0,0.068607,-0.10626,-0.10626,-0.10626,-0.10626,-0.10626,-0.10626,0,-0.10626,1,1,1,1,1,1,0,1,512,512,512,512,512,512,0,512,128.5,128.5,128.5,128.5,128.5,128.5,0,128.5,0,0,0,0,0,0,0,0,1,156
1,0.11426,0.11426,0.11426,0.11426,0.11426,0.11426,0,0.11426,0.05819,0.05819,0.05819,0.05819,0.05819,0.05819,0,0.05819,-0.098335,-0.098335,-0.098335,-0.098335,-0.098335,-0.098335,0,-0.098335,1,1,1,1,1,1,0,1,512,512,512,512,512,512,0,512,128.5,128.5,128.5,128.5,128.5,128.5,0,128.5,0,0,0,0,0,0,0,0,1,157
1,0.062549,0.062549,0.062549,0.062549,0.062549,0.062549,0,0.062549,0.061754,0.061754,0.061754,0.061754,0.061754,0.061754,0,0.061754,-0.0099195,-0.0099195,-0.0099195,-0.0099195,-0.0099195,-0.0099195,0,-0.0099195,1,1,1,1,1,1,0,1,512,512,512,512,512,512,0,512,128.5,128.5,128.5,128.5,128.5,128.5,0,128.5,0,0,0,0,0,0,0,0,1,158
1,0.13154,0.13154,0.13154,0.13154,0.13154,0.13154,0,0.13154,0.080715,0.080715,0.080715,0.080715,0.080715,0.080715,0,0.080715,0.10386,0.10386,0.10386,0.10386,0.10386,0.10386,0,0.10386,1,1,1,1,1,1,0,1,512,512,512,512,512,512,0,512,128.5,128.5,128.5,128.5,128.5,128.5,0,128.5,0,0,0,0,0,0,0,0,1,159
1,0.11481,0.11481,0.11481,0.11481,0.11481,0.11481,0,0.11481,0.062521,0.062521,0.062521,0.062521,0.062521,0.062521,0,0.062521,0.096298,0.096298,0.096298,0.096298,0.096298,0.096298,0,0.096298,1,1,1,1,1,1,0,1,512,512,512,512,512,512,0,512,128.5,128.5,128.5,128.5,128.5,128.5,0,128.5,0,0,0,0,0,0,0,0,1,160
1,0.0603,0.0603,0.0603,0.0603,0.0603,0.0603,0,0.0603,0.054277,0.054277,0.054277,0.054277,0.054277,0.054277,0,0.054277,0.02625,0.02625,0.02625,0.02625,0.02625,0.02625,0,0.02625,1,1,1,1,1,1,0,1,512,512,512,512,512,512,0,512,128.5,128.5,128.5,128.5,128.5,128.5,0,128.5,0,0,0,0,0,0,0,0,1,161
1,0.12699,0.12699,0.12699,0.12699,0.12699,0.12699,0,0.12699,0.075631,0.075631,0.075631,0.075631,0.075631,0.075631,0,0.075631,-0.102,-0.102,-0.102,-0.102,-0.102,-0.102,0,-0.102,1,1,1,1,1,1,0,1,512,512,512,512,512,512,0,512,128.5,128.5,128.5,128.5,128.5,128.5,0,128.5,0,0,0,0,0,0,0,0,1,162
1,0.1125,0.1125,0.1125,0.1125,0.1125,0.1125,0,0.1125,0.061145,0.061145,0.061145,0.061145,0.061145,0.061145,0,0.061145,-0.094437,-0.094437,-0.094437,-0.094437,-0.094437,-0.094437,0,-0.094437,1,1,1,1,1,1,0,1,512,512,512,512,512,512,0,512,128.5,128.5,128.5,128.5,128.5,128.5,0,128.5,0,0,0,0,0,0,0,0,1,163
1,0.070806,0.070806,0.070806,0.070806,0.070806,0.070806,0,0.070806,0.042354,0.042354,0.042354,0.042354,0.042354,0.042354,0,0.042354,-0.056725,-0.056725,-0.056725,-0.056725,-0.056725,-0.056725,0,-0.056725,1,1,1,1,1,1,0,1,512,512,512,512,512,512,0,512,128.5,128.5,128.5,128.5,128.5,128.5,0,128.5,0,0,0,0,0,0,0,0,1,164
1,0.1143,0.1143,0.1143,0.1143,0.1143,0.1143,0,0.1143,0.067234,0.067234,0.067234,0.067234,0.067234,0.067234,0,0.067234,0.092432,0.092432,0.092432,0.092432,0.092432,0.092432,0,0.092432,1,1,1,1,1,1,0,1,512,512,512,512,512,512,0,512,128.5,128.5,128.5,128.5,128.5,128.5,0,128.5,0,0,0,0,0,0,0,0,1,165
1,0.11517,0.11517,0.11517,0.11517,0.11517,0.11517,0,0.11517,0.059577,0.059577,0.059577,0.059577,0.059577,0.059577,0,0.059577,0.098564,0.098564,0.098564,0.098564,0.098564,0.098564,0,0.098564,1,1,1,1,1,1,0,1,512,512,512,512,512,512,0,512,128.5,128.5,128.5,128.5,128.5,128.5,0,128.5,0,0,0,0,0,0,0,0,1,166
1,0.08779,0.08779,0.08779,0.08779,0.08779,0.08779,0,0.08779,0.044199,0.044199,0.044199,0.044199,0.044199,0.044199,0,0.044199,0.07584,0.07584,0.07584,0.07584,0.07584,0.07584,0,0.07584,1,1,1,1,1,1,0,1,512,512,512,512,512,512,0,512,128.5,128.5,128.5,128.5,128.5,128.5,0,128.5,0,0,0,0,0,0,0,0,1,167
1,0.11736,0.11736,0.11736,0.11736,0.11736,0.11736,0,0.11736,0.078512,0.078512,0.078512,0.078512,0.078512,0.078512,0,0.078512,-0.08723,-0.08723,-0.08723,-0.08723,-0.08723,-0.08723,0,-0.08723,1,1,1,1,1,1,0,1,512,512,512,512,512,512,0,512,128.5,128.5,128.5,128.5,128.5,128.5,0,128.5,0,0,0,0,0,0,0,0,1,168
1,0.11884,0.11884,0.11884,0.11884,0.11884,0.11884,0,0.11884,0.066633,0.066633,0.066633,0.066633,0.066633,0.066633,0,0.066633,-0.098398,-0.098398,-0.098398,-0.098398,-0.098398,-0.098398,0,-0.098398,1,1,1,1,1,1,0,1,512,512,512,512,512,512,0,512,128.5,128.5,128.5,128.5,128.5,128.5,0,128.5,0,0,0,0,0,0,0,0,1,169
1,0.097179,0.097179,0.097179,0.097179,0.097179,0.097179,0,0.097179,0.048661,0.048661,0.048661,0.048661,0.048661,0.048661,0,0.048661,-0.08411,-0.08411,-0.08411,-0.08411,-0.08411,-0.08411,0,-0.08411,1,1,1,1,1,1,0,1,512,512,512,512,512,512,0,512,128.5,128.5,128.5,128.5,128.5,128.5,0,128.5,0,0,0,0,0,0,0,0,1,170
1,0.11674,0.11674,0.11674,0.11674,0.11674,0.11674,0,0.11674,0.08059,0.08059,0.08059,0.08059,0.08059,0.08059,0,0.08059,0.084463,0.084463,0.084463,0.084463,0.084463,0.084463,0,0.084463,1,1,1,1,1,1,0,1,512,512,512,512,512,512,0,512,128.5,128.5,128.5,128.5,128.5,128.5,0,128.5,0,0,0,0,0,0,0,0,1,171
1,0.11731,0.11731,0.11731,0.11731,0.11731,0.11731,0,0.11731,0.066191,0.066191,0.066191,0.066191,0.066191,0.066191,0,0.066191,0.096857,0.096857,0.096857,0.096857,0.096857,0.096857,0,0.096857,1,1,1,1,1,1,0,1,512,512,512,512,512,512,0,512,128.5,128.5,128.5,128.5,128.5,128.5,0,128.5,0,0,0,0,0,0,0,0,1,172
1,0.10544,0.10544,0.10544,0.10544,0.10544,0.10544,0,0.10544,0.039332,0.039332,0.039332,0.039332,0.039332,0.039332,0,0.039332,0.09782,0.09782,0.09782,0.09782,0.09782,0.09782,0,0.09782,1,1,1,1,1,1,0,1,512,512,512,512,512,512,0,512,128.5,128.5,128.5,128.5,128.5,128.5,0,128.5,0,0,0,0,0,0,0,0,1,173
1,0.099541,0.099541,0.099541,0.099541,0.099541,0.099541,0,0.099541,0.068125,0.068125,0.068125,0.068125,0.068125,0.068125,0,0.068125,-0.072571,-0.072571,-0.072571,-0.072571,-0.072571,-0.072571,0,-0.072571,1,1,1,1,1,1,0,1,512,512,512,512,512,512,0,512,128.5,128.5,128.5,128.5,128.5,128.5,0,128.5,0,0,0,0,0,0,0,0,1,174
1,0.11809,0.11809,0.11809,0.11809,0.11809,0.11809,0,0.11809,0.06187,0.06187,0.06187,0.06187,0.06187,0.06187,0,0.06187,-0.10058,-0.10058,-0.10058,-0.10058,-0.10058,-0.10058,0,-0.10058,1,1,1,1,1,1,0,1,512,512,512,512,512,512,0,512,128.5,128.5,128.5,128.5,128.5,128.5,0,128.5,0,0,0,0,0,0,0,0,1,175
1,0.11674,0.11674,0.11674,0.11674,0.11674,0.11674,0,0.11674,0.043586,0.043586,0.043586,0.043586,0.043586,0.043586,0,0.043586,-0.1083,-0.1083,-0.1083,-0.1083,-0.1083,-0.1083,0,-0.1083,1,1,1,1,1,1,0,1,512,512,512,512,512,512,0,512,128.5,128.5,128.5,128.5,128.5,128.5,0,128.5,0,0,0,0,0,0,0,0,1,176
1,0.094131,0.094131,0.094131,0.094131,0.094131,0.094131,0,0.094131,0.073367,0.073367,0.073367,0.073367,0.073367,0.073367,0,0.073367,0.05897,0.05897,0.05897,0.05897,0.05897,0.05897,0,0.05897,1,1,1,1,1,1,0,1,512,512,512,512,512,512,0,512,128.5,128.5,128.5,128.5,128.5,128.5,0,128.5,0,0,0,0,0,0,0,0,1,177
1,0.12341,0.12341,0.12341,0.12341,0.12341,0.12341,0,0.12341,0.066737,0.066737,0.066737,0.066737,0.066737,0.066737,0,0.066737,0.1038,0.1038,0.1038,0.1038,0.1038,0.1038,0,0.1038,1,1,1,1,1,1,0,1,512,512,512,512,512,512,0,512,128.5,128.5,128.5,128.5,128.5,128.5,0,128.5,0,0,0,0,0,0,0,0,1,178
1,0.11748,0.11748,0.11748,0.11748,0.11748,0.11748,0,0.11748,0.04687,0.04687,0.04687,0.04687,0.04687,0.04687,0,0.04687,0.10773,0.10773,0.10773,0.10773,0.10773,0.10773,0,0.10773,1,1,1,1,1,1,0,1,512,512,512,512,512,512,0,512,128.5,128.5,128.5,128.5,128.5,128.5,0,128.5,0,0,0,0,0,0,0,0,1,179
1,0.082914,0.082914,0.082914,0.082914,0.082914,0.082914,0,0.082914,0.068776,0.068776,0.068776,0.068776,0.068776,0.068776,0,0.068776,-0.046308,-0.046308,-0.046308,-0.046308,-0.046308,-0.046308,0,-0.046308,1,1,1,1,1,1,0,1,512,512,512,512,512,512,0,512,128.5,128.5,128.5,128.5,128.5,128.5,0,128.5,0,0,0,0,0,0,0,0,1,180
1,0.12576,0.12576,0.12576,0.12576,0.12576,0.12576,0,0.12576,0.068158,0.068158,0.068158,0.068158,0.068158,0.068158,0,0.068158,-0.10569,-0.10569,-0.10569,-0.10569,-0.10569,-0.10569,0,-0.10569,1,1,1,1,1,1,0,1,512,512,512,512,512,512,0,512,128.5,128.5,128.5,128.5,128.5,128.5,0,128.5,0,0,0,0,0,0,0,0,1,181
1,0.11883,0.11883,0.11883,0.11883,0.11883,0.11883,0,0.11883,0.052938,0.052938,0.052938,0.052938,0.052938,0.052938,0,0.052938,-0.10638,-0.10638,-0.10638,-0.10638,-0.10638,-0.10638,0,-0.10638,1,1,1,1,1,1,0,1,512,512,512,512,512,512,0,512,128.5,128.5,128.5,128.5,128.5,128.5,0,128.5,0,0,0,0,0,0,0,0,1,182
1,0.080454,0.080454,0.080454,0.080454,0.080454,0.080454,0,0.080454,0.073104,0.073104,0.073104,0.073104,0.073104,0.073104,0,0.073104,0.033595,0.033595,0.033595,0.033595,0.033595,0.033595,0,0.033595,1,1,1,1,1,1,0,1,512,512,512,512,512,512,0,512,128.5,128.5,128.5,128.5,128.5,128.5,0,128.5,0,0,0,0,0,0,0,0,1,183
1,0.12806,0.12806,0.12806,0.12806,0.12806,0.12806,0,0.12806,0.073322,0.073322,0.073322,0.073322,0.073322,0.073322,0,0.073322,0.10499,0.10499,0.10499,0.10499,0.10499,0.10499,0,0.10499,1,1,1,1,1,1,0,1,512,512,512,512,512,512,0,512,128.5,128.5,128.5,128.5,128.5,128.5,0,128.5,0,0,0,0,0,0,0,0,1,184
1,0.11347,0.11347,0.11347,0.11347,0.11347,0.11347,0,0.11347,0.054302,0.054302,0.054302,0.054302,0.054302,0.054302,0,0.054302,0.09963,0.09963,0.09963,0.09963,0.09963,0.09963,0,0.09963,1,1,1,1,1,1,0,1,512,512,512,512,512,512,0,512,128.5,128.5,128.5,128.5,128.5,128.5,0,128.5,0,0,0,0,0,0,0,0,1,185
1,0.058287,0.058287,0.058287,0.058287,0.058287,0.058287,0,0.058287,0.056725,0.056725,0.056725,0.056725,0.056725,0.056725,0,0.056725,-0.013402,-0.013402,-0.013402,-0.013402,-0.013402,-0.013402,0,-0.013402,1,1,1,1,1,1,0,1,512,512,512,512,512,512,0,512,128.5,128.5,128.5,128.5,128.5,128.5,0,128.5,0,0,0,0,0,0,0,0,1,186
1,0.12775,0.12775,0.12775,0.12775,0.12775,0.12775,0,0.12775,0.066754,0.066754,0.066754,0.066754,0.066754,0.066754,0,0.066754,-0.10892,-0.10892,-0.10892,-0.10892,-0.10892,-0.10892,0,-0.10892,1,1,1,1,1,1,0,1,512,512,512,512,512,512,0,512,128.5,128.5,128.5,128.5,128.5,128.5,0,128.5,0,0,0,0,0,0,0,0,1,187
1,0.11592,0.11592,0.11592,0.11592,0.11592,0.11592,0,0.11592,0.057549,0.057549,0.057549,0.057549,0.057549,0.057549,0,0.057549,-0.10062,-0.10062,-0.10062,-0.10062,-0.10062,-0.10062,0,-0.10062,1,1,1,1,1,1,0,1,512,512,512,512,512,512,0,512,128.5,128.5,128.5,128.5,128.5,128.5,0,128.5,0,0,0,0,0,0,0,0,1,188
1,0.068358,0.068358,0.068358,0.068358,0.068358,0.068358,0,0.068358,0.068194,0.068194,0.068194,0.068194,0.068194,0.068194,0,0.068194,0.004709,0.004709,0.004709,0.004709,0.004709,0.004709,0,0.004709,1,1,1,1,1,1,0,1,512,512,512,512,512,512,0,512,128.5,128.5,128.5,128.5,128.5,128.5,0,128.5,0,0,0,0,0,0,0,0,1,189
1,0.13328,0.13328,0.13328,0.13328,0.13328,0.13328,0,0.13328,0.080339,0.080339,0.080339,0.080339,0.080339,0.080339,0,0.080339,0.10634,0.10634,0.10634,0.10634,0.10634,0.10634,0,0.10634,1,1,1,1,1,1,0,1,512,512,512,512,512,512,0,512,128.5,128.5,128.5,128.5,128.5,128.5,0,128.5,0,0,0,0,0,0,0,0,1,190
1,0.11425,0.11425,0.11425,0.11425,0.11425,0.11425,0,0.11425,0.060674,0.060674,0.060674,0.060674,0.060674,0.060674,0,0.060674,0.096809,0.096809,0.096809,0.096809,0.096809,0.096809,0,0.096809,1,1,1,1,1,1,0,1,512,512,512,512,512,512,0,512,128.5,128.5,128.5,128.5,128.5,128.5,0,128.5,0,0,0,0,0,0,0,0,1,191
1,0.053973,0.053973,0.053973,0.053973,0.053973,0.053973,0,0.053973,0.051928,0.051928,0.051928,0.051928,0.051928,0.051928,0,0.051928,0.014686,0.014686,0.014686,0.014686,0.014686,0.014686,0,0.014686,1,1,1,1,1,1,0,1,512,512,512,512,512,512,0,512,128.5,128.5,128.5,128.5,128.5,128.5,0,128.5,0,0,0,0,0,0,0,0,1,192
1,0.12869,0.12869,0.12869,0.12869,0.12869,0.12869,0,0.12869,0.070202,0.070202,0.070202,0.070202,0.070202,0.070202,0,0.070202,-0.10785,-0.10785,-0.10785,-0.10785,-0.10785,-0.10785,0,-0.10785,1,1,1,1,1,1,0,1,512,512,512,512,512,512,0,512,128.5,128.5,128.5,128.5,128.5,128.5,0,128.5,0,0,0,0,0,0,0,0,1,193
1,0.11603,0.11603,0.11603,0.11603,0.11603,0.11603,0,0.11603,0.060145,0.060145,0.060145,0.060145,0.060145,0.060145,0,0.060145,-0.09923,-0.09923,-0.09923,-0.09923,-0.09923,-0.09923,0,-0.09923,1,1,1,1,1,1,0,1,512,512,512,512,512,512,0,512,128.5,128.5,128.5,128.5,128.5,128.5,0,128.5,0,0,0,0,0,0,0,0,1,194
1,0.064506,0.064506,0.064506,0.064506,0.064506,0.064506,0,0.064506,0.061882,0.061882,0.061882,0.061882,0.061882,0.061882,0,0.061882,-0.018188,-0.018188,-0.018188,-0.018188,-0.018188,-0.018188,0,-0.018188,1,1,1,1,1,1,0,1,512,512,512,512,512,512,0,512,128.5,128.5,128.5,128.5,128.5,128.5,0,128.5,0,0,0,0,0,0,0,0,1,195
1,0.13363,0.13363,0.13363,0.13363,0.13363,0.13363,0,0.13363,0.081345,0.081345,0.081345,0.081345,0.081345,0.081345,0,0.081345,0.10602,0.10602,0.10602,0.10602,0.10602,0.10602,0,0.10602,1,1,1,1,1,1,0,1,512,512,512,512,512,512,0,512,128.5,128.5,128.5,128.5,128.5,128.5,0,128.5,0,0,0,0,0,0,0,0,1,196
1,0.11532,0.11532,0.11532,0.11532,0.11532,0.11532,0,0.11532,0.062576,0.062576,0.062576,0.062576,0.062576,0.062576,0,0.062576,0.096868,0.096868,0.096868,0.096868,0.096868,0.096868,0,0.096868,1,1,1,1,1,1,0,1,512,512,512,512,512,512,0,512,128.5,128.5,128.5,128.5,128.5,128.5,0,128.5,0,0,0,0,0,0,0,0,1,197
1,0.06178,0.06178,0.06178,0.06178,0.06178,0.06178,0,0.06178,0.049707,0.049707,0.049707,0.049707,0.049707,0.049707,0,0.049707,0.036666,0.036666,0.036666,0.036666,0.036666,0.036666,0,0.036666,1,1,1,1,1,1,0,1,512,512,512,512,512,512,0,512,128.5,128.5,128.5,128.5,128.5,128.5,0,128.5,0,0,0,0,0,0,0,0,1,198
1,0.12635,0.12635,0.12635,0.12635,0.12635,0.12635,0,0.12635,0.072259,0.072259,0.072259,0.072259,0.072259,0.072259,0,0.072259,-0.10365,-0.10365,-0.10365,-0.10365,-0.10365,-0.10365,0,-0.10365,1,1,1,1,1,1,0,1,512,512,512,512,512,512,0,512,128.5,128.5,128.5,128.5,128.5,128.5,0,128.5,0,0,0,0,0,0,0,0,1,199
1,0.11565,0.11565,0.11565,0.11565,0.11565,0.11565,0,0.11565,0.060846,0.060846,0.060846,0.060846,0.060846,0.060846,0,0.060846,-0.098348,-0.098348,-0.098348,-0.098348,-0.098348,-0.098348,0,-0.098348,1,1,1,1,1,1,0,1,512,512,512,512,512,512,0,512,128.5,128.5,128.5,128.5,128.5,128.5,0,128.5,0,0,0,0,0,0,0,0,1,200
1,0.069123,0.069123,0.069123,0.069123,0.069123,0.069123,0,0.069123,0.052043,0.052043,0.052043,0.052043,0.052043,0.052043,0,0.052043,-0.045471,-0.045471,-0.045471,-0.045471,-0.045471,-0.045471,0,-0.045471,1,1,1,1,1,1,0,1,512,512,512,512,512,512,0,512,128.5,128.5,128.5,128.5,128.5,128.5,0,128.5,0,0,0,0,0,0,0,0,1,201
1,0.12742,0.12742,0.12742,0.12742,0.12742,0.12742,0,0.12742,0.078068,0.078068,0.078068,0.078068,0.078068,0.078068,0,0.078068,0.1007,0.1007,0.1007,0.1007,0.1007,0.1007,0,0.1007,1,1,1,1,1,1,0,1,512,512,512,512,512,512,0,512,128.5,128.5,128.5,128.5,128.5,128.5,0,128.5,0,0,0,0,0,0,0,0,1,202
1,0.11765,0.11765,0.11765,0.11765,0.11765,0.11765,0,0.11765,0.064508,0.064508,0.064508,0.064508,0.064508,0.064508,0,0.064508,0.098393,0.098393,0.098393,0.098393,0.098393,0.098393,0,0.098393,1,1,1,1,1,1,0,1,512,512,512,512,512,512,0,512,128.5,128.5,128.5,128.5,128.5,128.5,0,128.5,0,0,0,0,0,0,0,0,1,203
1,0.072786,0.072786,0.072786,0.072786,0.072786,0.072786,0,0.072786,0.055625,0.055625,0.055625,0.055625,0.055625,0.055625,0,0.055625,0.046926,0.046926,0.046926,0.046926,0.046926,0.046926,0,0.046926,1,1,1,1,1,1,0,1,512,512,512,512,512,512,0,512,128.5,128.5,128.5,128.5,128.5,128.5,0,128.5,0,0,0,0,0,0,0,0,1,204
1,0.13096,0.13096,0.13096,0.13096,0.13096,0.13096,0,0.13096,0.08247,0.08247,0.08247,0.08247,0.08247,0.08247,0,0.08247,-0.10173,-0.10173,-0.10173,-0.10173,-0.10173,-0.10173,0,-0.10173,1,1,1,1,1,1,0,1,512,512,512,512,512,512,0,512,128.5,128.5,128.5,128.5,128.5,128.5,0,128.5,0,0,0,0,0,0,0,0,1,205
1,0.11604,0.11604,0.11604,0.11604,0.11604,0.11604,0,0.11604,0.064943,0.064943,0.064943,0.064943,0.064943,0.064943,0,0.064943,-0.096167,-0.096167,-0.096167,-0.096167,-0.096167,-0.096167,0,-0.096167,1,1,1,1,1,1,0,1,512,512,512,512,512,512,0,512,128.5,128.5,128.5,128.5,128.5,128.5,0,128.5,0,0,0,0,0,0,0,0,1,206
1,0.073335,0.073335,0.073335,0.073335,0.073335,0.073335,0,0.073335,0.047563,0.047563,0.047563,0.047563,0.047563,0.047563,0,0.047563,-0.055802,-0.055802,-0.055802,-0.055802,-0.055802,-0.055802,0,-0.055802,1,1,1,1,1,1,0,1,512,512,512,512,512,512,0,512,128.5,128.5,128.5,128.5,128.5,128.5,0,128.5,0,0,0,0,0,0,0,0,1,207
1,0.12015,0.12015,0.12015,0.12015,0.12015,0.12015,0,0.12015,0.07151,0.07151,0.07151,0.07151,0.07151,0.07151,0,0.07151,0.096547,0.096547,0.096547,0.096547,0.096547,0.096547,0,0.096547,1,1,1,1,1,1,0,1,512,512,512,512,512,512,0,512,128.5,128.5,128.5,128.5,128.5,128.5,0,128.5,0,0,0,0,0,0,0,0,1,208
1,0.11532,0.11532,0.11532,0.11532,0.11532,0.11532,0,0.11532,0.060501,0.060501,0.060501,0.060501,0.060501,0.060501,0,0.060501,0.098177,0.098177,0.098177,0.098177,0.098177,0.098177,0,0.098177,1,1,1,1,1,1,0,1,512,512,512,512,512,512,0,512,128.5,128.5,128.5,128.5,128.5,128.5,0,128.5,0,0,0,0,0,0,0,0,1,209
1,0.08711,0.08711,0.08711,0.08711,0.08711,0.08711,0,0.08711,0.042935,0.042935,0.042935,0.042935,0.042935,0.042935,0,0.042935,0.075781,0.075781,0.075781,0.075781,0.075781,0.075781,0,0.075781,1,1,1,1,1,1,0,1,512,512,512,512,512,512,0,512,128.5,128.5,128.5,128.5,128.5,128.5,0,128.5,0,0,0,0,0,0,0,0,1,210
1,0.11467,0.11467,0.11467,0.11467,0.11467,0.11467,0,0.11467,0.074207,0.074207,0.074207,0.074207,0.074207,0.074207,0,0.074207,-0.087413,-0.087413,-0.087413,-0.087413,-0.087413,-0.087413,0,-0.087413,1,1,1,1,1,1,0,1,512,512,512,512,512,512,0,512,128.5,128.5,128.5,128.5,128.5,128.5,0,128.5,0,0,0,0,0,0,0,0,1,211
1,0.11799,0.11799,0.11799,0.11799,0.11799,0.11799,0,0.11799,0.062839,0.062839,0.062839,0.062839,0.062839,0.062839,0,0.062839,-0.099859,-0.099859,-0.099859,-0.099859,-0.099859,-0.099859,0,-0.099859,1,1,1,1,1,1,0,1,512,512,512,512,512,512,0,512,128.5,128.5,128.5,128.5,128.5,128.5,0,128.5,0,0,0,0,0,0,0,0,1,212
1,0.10147,0.10147,0.10147,0.10147,0.10147,0.10147,0,0.10147,0.04272,0.04272,0.04272,0.04272,0.04272,0.04272,0,0.04272,-0.092036,-0.092036,-0.092036,-0.092036,-0.092036,-0.092036,0,-0.092036,1,1,1,1,1,1,0,1,512,512,512,512,512,512,0,512,128.5,128.5,128.5,128.5,128.5,128.5,0,128.5,0,0,0,0,0,0,0,0,1,213
1,0.11019,0.11019,0.11019,0.11019,0.11019,0.11019,0,0.11019,0.076288,0.076288,0.076288,0.076288,0.076288,0.076288,0,0.076288,0.07951,0.07951,0.07951,0.07951,0.07951,0.07951,0,0.07951,1,1,1,1,1,1,0,1,512,512,512,512,512,512,0,512,128.5,128.5,128.5,128.5,128.5,128.5,0,128.5,0,0,0,0,0,0,0,0,1,214
1,0.11984,0.11984,0.11984,0.11984,0.11984,0.11984,0,0.11984,0.064608,0.064608,0.064608,0.064608,0.064608,0.064608,0,0.064608,0.10094,0.10094,0.10094,0.10094,0.10094,0.10094,0,0.10094,1,1,1,1,1,1,0,1,512,512,512,512,512,512,0,512,128.5,128.5,128.5,128.5,128.5,128.5,0,128.5,0,0,0,0,0,0,0,0,1,215
1,0.1113,0.1113,0.1113,0.1113,0.1113,0.1113,0,0.1113,0.043831,0.043831,0.043831,0.043831,0.043831,0.043831,0,0.043831,0.1023,0.1023,0.1023,0.1023,0.1023,0.1023,0,0.1023,1,1,1,1,1,1,0,1,512,512,512,512,512,512,0,512,128.5,128.5,128.5,128.5,128.5,128.5,0,128.5,0,0,0,0,0,0,0,0,1,216
1,0.10503,0.10503,0.10503,0.10503,0.10503,0.10503,0,0.10503,0.077671,0.077671,0.077671,0.077671,0.077671,0.077671,0,0.077671,-0.0707,-0.0707,-0.0707,-0.0707,-0.0707,-0.0707,0,-0.0707,1,1,1,1,1,1,0,1,512,512,512,512,512,512,0,512,128.5,128.5,128.5,128.5,128.5,128.5,0,128.5,0,0,0,0,0,0,0,0,1,217
1,0.11984,0.11984,0.11984,0.11984,0.11984,0.11984,0,0.11984,0.066961,0.066961,0.066961,0.066961,0.066961,0.066961,0,0.066961,-0.099385,-0.099385,-0.099385,-0.099385,-0.099385,-0.099385,0,-0.099385,1,1,1,1,1,1,0,1,512,512,512,512,512,512,0,512,128.5,128.5,128.5,128.5,128.5,128.5,0,128.5,0,0,0,0,0,0,0,0,1,218
1,0.11679,0.11679,0.11679,0.11679,0.11679,0.11679,0,0.11679,0.044524,0.044524,0.044524,0.044524,0.044524,0.044524,0,0.044524,-0.10797,-0.10797,-0.10797,-0.10797,-0.10797,-0.10797,0,-0.10797,1,1,1,1,1,1,0,1,512,512,512,512,512,512,0,512,128.5,128.5,128.5,128.5,128.5,128.5,0,128.5,0,0,0,0,0,0,0,0,1,219
1,0.089819,0.089819,0.089819,0.089819,0.089819,0.089819,0,0.089819,0.069849,0.069849,0.069849,0.069849,0.069849,0.069849,0,0.069849,0.056463,0.056463,0.056463,0.056463,0.056463,0.056463,0,0.056463,1,1,1,1,1,1,0,1,512,512,512,512,512,512,0,512,128.5,128.5,128.5,128.5,128.5,128.5,0,128.5,0,0,0,0,0,0,0,0,1,220
1,0.12258,0.12258,0.12258,0.12258,0.12258,0.12258,0,0.12258,0.064978,0.064978,0.064978,0.064978,0.064978,0.064978,0,0.064978,0.10394,0.10394,0.10394,0.10394,0.10394,0.10394,0,0.10394,1,1,1,1,1,1,0,1,512,512,512,512,512,512,0,512,128.5,128.5,128.5,128.5,128.5,128.5,0,128.5,0,0,0,0,0,0,0,0,1,221
1,0.11776,0.11776,0.11776,0.11776,0.11776,0.11776,0,0.11776,0.048658,0.048658,0.048658,0.048658,0.048658,0.048658,0,0.048658,0.10723,0.10723,0.10723,0.10723,0.10723,0.10723,0,0.10723,1,1,1,1,1,1,0,1,512,512,512,512,512,512,0,512,128.5,128.5,128.5,128.5,128.5,128.5,0,128.5,0,0,0,0,0,0,0,0,1,222
1,0.087126,0.087126,0.087126,0.087126,0.087126,0.087126,0,0.087126,0.072783,0.072783,0.072783,0.072783,0.072783,0.072783,0,0.072783,-0.047889,-0.047889,-0.047889,-0.047889,-0.047889,-0.047889,0,-0.047889,1,1,1,1,1,1,0,1,512,512,512,512,512,512,0,512,128.5,128.5,128.5,128.5,128.5,128.5,0,128.5,0,0,0,0,0,0,0,0,1,223
1,0.12543,0.12543,0.12543,0.12543,0.12543,0.12543,0,0.12543,0.071612,0.071612,0.071612,0.071612,0.071612,0.071612,0,0.071612,-0.10297,-0.10297,-0.10297,-0.10297,-0.10297,-0.10297,0,-0.10297,1,1,1,1,1,1,0,1,512,512,512,512,512,512,0,512,128.5,128.5,128.5,128.5,128.5,128.5,0,128.5,0,0,0,0,0,0,0,0,1,224
1,0.11913,0.11913,0.11913,0.11913,0.11913,0.11913,0,0.11913,0.055009,0.055009,0.055009,0.055009,0.055009,0.055009,0,0.055009,-0.10567,-0.10567,-0.10567,-0.10567,-0.10567,-0.10567,0,-0.10567,1,1,1,1,1,1,0,1,512,512,512,512,512,512,0,512,128.5,128.5,128.5,128.5,128.5,128.5,0,128.5,0,0,0,0,0,0,0,0,1,225
1,0.086187,0.086187,0.086187,0.086187,0.086187,0.086187,0,0.086187,0.073595,0.073595,0.073595,0.073595,0.073595,0.073595,0,0.073595,0.044853,0.044853,0.044853,0.044853,0.044853,0.044853,0,0.044853,1,1,1,1,1,1,0,1,512,512,512,512,512,512,0,512,128.5,128.5,128.5,128.5,128.5,128.5,0,128.5,0,0,0,0,0,0,0,0,1,226
1,0.12538,0.12538,0.12538,0.12538,0.12538,0.12538,0,0.12538,0.071696,0.071696,0.071696,0.071696,0.071696,0.071696,0,0.071696,0.10286,0.10286,0.10286,0.10286,0.10286,0.10286,0,0.10286,1,1,1,1,1,1,0,1,512,512,512,512,512,512,0,512,128.5,128.5,128.5,128.5,128.5,128.5,0,128.5,0,0,0,0,0,0,0,0,1,227
1,0.11592,0.11592,0.11592,0.11592,0.11592,0.11592,0,0.11592,0.052727,0.052727,0.052727,0.052727,0.052727,0.052727,0,0.052727,0.10323,0.10323,0.10323,0.10323,0.10323,0.10323,0,0.10323,1,1,1,1,1,1,0,1,512,512,512,512,512,512,0,512,128.5,128.5,128.5,128.5,128.5,128.5,0,128.5,0,0,0,0,0,0,0,0,1,228
1,0.071385,0.071385,0.071385,0.071385,0.071385,0.071385,0,0.071385,0.06347,0.06347,0.06347,0.06347,0.06347,0.06347,0,0.06347,-0.032671,-0.032671,-0.032671,-0.032671,-0.032671,-0.032671,0,-0.032671,1,1,1,1,1,1,0,1,512,512,512,512,512,512,0,512,128.5,128.5,128.5,128.5,128.5,128.5,0,128.5,0,0,0,0,0,0,0,0,1,229
1,0.12713,0.12713,0.12713,0.12713,0.12713,0.12713,0,0.12713,0.066896,0.066896,0.066896,0.066896,0.066896,0.066896,0,0.066896,-0.10811,-0.10811,-0.10811,-0.10811,-0.10811,-0.10811,0,-0.10811,1,1,1,1,1,1,0,1,512,512,512,512,512,512,0,512,128.5,128.5,128.5,128.5,128.5,128.5,0,128.5,0,0,0,0,0,0,0,0,1,230
1,0.11511,0.11511,0.11511,0.11511,0.11511,0.11511,0,0.11511,0.053936,0.053936,0.053936,0.053936,0.053936,0.053936,0,0.053936,-0.10169,-0.10169,-0.10169,-0.10169,-0.10169,-0.10169,0,-0.10169,1,1,1,1,1,1,0,1,512,512,512,512,512,512,0,512,128.5,128.5,128.5,128.5,128.5,128.5,0,128.5,0,0,0,0,0,0,0,0,1,231
1,0.063699,0.063699,0.063699,0.063699,0.063699,0.063699,0,0.063699,0.062195,0.062195,0.062195,0.062195,0.062195,0.062195,0,0.062195,0.013758,0.013758,0.013758,0.013758,0.013758,0.013758,0,0.013758,1,1,1,1,1,1,0,1,512,512,512,512,512,512,0,512,128.5,128.5,128.5,128.5,128.5,128.5,0,128.5,0,0,0,0,0,0,0,0,1,232
1,0.13122,0.13122,0.13122,0.13122,0.13122,0.13122,0,0.13122,0.070856,0.070856,0.070856,0.070856,0.070856,0.070856,0,0.070856,0.11044,0.11044,0.11044,0.11044,0.11044,0.11044,0,0.11044,1,1,1,1,1,1,0,1,512,512,512,512,512,512,0,512,128.5,128.5,128.5,128.5,128.5,128.5,0,128.5,0,0,0,0,0,0,0,0,1,233
1,0.11557,0.11557,0.11557,0.11557,0.11557,0.11557,0,0.11557,0.055206,0.055206,0.055206,0.055206,0.055206,0.055206,0,0.055206,0.10153,0.10153,0.10153,0.10153,0.10153,0.10153,0,0.10153,1,1,1,1,1,1,0,1,512,512,512,512,512,512,0,512,128.5,128.5,128.5,128.5,128.5,128.5,0,128.5,0,0,0,0,0,0,0,0,1,234
1,0.05853,0.05853,0.05853,0.05853,0.05853,0.05853,0,0.05853,0.058402,0.058402,0.058402,0.058402,0.058402,0.058402,0,0.058402,0.0038034,0.0038034,0.0038034,0.0038034,0.0038034,0.0038034,0,0.0038034,1,1,1,1,1,1,0,1,512,512,512,512,512,512,0,512,128.5,128.5,128.5,128.5,128.5,128.5,0,128.5,0,0,0,0,0,0,0,0,1,235
1,0.13059,0.13059,0.13059,0.13059,0.13059,0.13059,0,0.13059,0.073062,0.073062,0.073062,0.073062,0.073062,0.073062,0,0.073062,-0.10824,-0.10824,-0.10824,-0.10824,-0.10824,-0.10824,0,-0.10824,1,1,1,1,1,1,0,1,512,512,512,512,512,512,0,512,128.5,128.5,128.5,128.5,128.5,128.5,0,128.5,0,0,0,0,0,0,0,0,1,236
1,0.11623,0.11623,0.11623,0.11623,0.11623,0.11623,0,0.11623,0.059033,0.059033,0.059033,0.059033,0.059033,0.059033,0,0.059033,-0.10012,-0.10012,-0.10012,-0.10012,-0.10012,-0.10012,0,-0.10012,1,1,1,1,1,1,0,1,512,512,512,512,512,512,0,512,128.5,128.5,128.5,128.5,128.5,128.5,0,128.5,0,0,0,0,0,0,0,0,1,237
1,0.064482,0.064482,0.064482,0.064482,0.064482,0.064482,0,0.064482,0.061294,0.061294,0.061294,0.061294,0.061294,0.061294,0,0.061294,-0.020002,-0.020002,-0.020002,-0.020002,-0.020002,-0.020002,0,-0.020002,1,1,1,1,1,1,0,1,512,512,512,512,512,512,0,512,128.5,128.5,128.5,128.5,128.5,128.5,0,128.5,0,0,0,0,0,0,0,0,1,238
1,0.13105,0.13105,0.13105,0.13105,0.13105,0.13105,0,0.13105,0.079706,0.079706,0.079706,0.079706,0.079706,0.079706,0,0.079706,0.10402,0.10402,0.10402,0.10402,0.10402,0.10402,0,0.10402,1,1,1,1,1,1,0,1,512,512,512,512,512,512,0,512,128.5,128.5,128.5,128.5,128.5,128.5,0,128.5,0,0,0,0,0,0,0,0,1,239
1,0.11396,0.11396,0.11396,0.11396,0.11396,0.11396,0,0.11396,0.060848,0.060848,0.060848,0.060848,0.060848,0.060848,0,0.060848,0.096354,0.096354,0.096354,0.096354,0.096354,0.096354,0,0.096354,1,1,1,1,1,1,0,1,512,512,512,512,512,512,0,512,128.5,128.5,128.5,128.5,128.5,128.5,0,128.5,0,0,0,0,0,0,0,0,1,240
1,0.063558,0.063558,0.063558,0.063558,0.063558,0.063558,0,0.063558,0.046274,0.046274,0.046274,0.046274,0.046274,0.046274,0,0.046274,0.043549,0.043549,0.043549,0.043549,0.043549,0.043549,0,0.043549,1,1,1,1,1,1,0,1,512,512,512,512,512,512,0,512,128.5,128.5,128.5,128.5,128.5,128.5,0,128.5,0,0,0,0,0,0,0,0,1,241
1,0.11897,0.11897,0.11897,0.11897,0.11897,0.11897,0,0.11897,0.068971,0.068971,0.068971,0.068971,0.068971,0.068971,0,0.068971,-0.096936,-0.096936,-0.096936,-0.096936,-0.096936,-0.096936,0,-0.096936,1,1,1,1,1,1,0,1,512,512,512,512,512,512,0,512,128.5,128.5,128.5,128.5,128.5,128.5,0,128.5,0,0,0,0,0,0,0,0,1,242
1,0.11459,0.11459,0.11459,0.11459,0.11459,0.11459,0,0.11459,0.060783,0.060783,0.060783,0.060783,0.060783,0.060783,0,0.060783,-0.097137,-0.097137,-0.097137,-0.097137,-0.097137,-0.097137,0,-0.097137,1,1,1,1,1,1,0,1,512,512,512,512,512,512,0,512,128.5,128.5,128.5,128.5,128.5,128.5,0,128.5,0,0,0,0,0,0,0,0,1,243
1,0.079028,0.079028,0.079028,0.079028,0.079028,0.079028,0,0.079028,0.052163,0.052163,0.052163,0.052163,0.052163,0.052163,0,0.052163,-0.059353,-0.059353,-0.059353,-0.059353,-0.059353,-0.059353,0,-0.059353,1,1,1,1,1,1,0,1,512,512,512,512,512,512,0,512,128.5,128.5,128.5,128.5,128.5,128.5,0,128.5,0,0,0,0,0,0,0,0,1,244
1,0.12228,0.12228,0.12228,0.12228,0.12228,0.12228,0,0.12228,0.081371,0.081371,0.081371,0.081371,0.081371,0.081371,0,0.081371,0.091269,0.091269,0.091269,0.091269,0.091269,0.091269,0,0.091269,1,1,1,1,1,1,0,1,512,512,512,512,512,512,0,512,128.5,128.5,128.5,128.5,128.5,128.5,0,128.5,0,0,0,0,0,0,0,0,1,245
1,0.11548,0.11548,0.11548,0.11548,0.11548,0.11548,0,0.11548,0.064798,0.064798,0.064798,0.064798,0.064798,0.064798,0,0.064798,0.095591,0.095591,0.095591,0.095591,0.095591,0.095591,0,0.095591,1,1,1,1,1,1,0,1,512,512,512,512,512,512,0,512,128.5,128.5,128.5,128.5,128.5,128.5,0,128.5,0,0,0,0,0,0,0,0,1,246
1,0.094161,0.094161,0.094161,0.094161,0.094161,0.094161,0,0.094161,0.038763,0.038763,0.038763,0.038763,0.038763,0.038763,0,0.038763,0.085806,0.085806,0.085806,0.085806,0.085806,0.085806,0,0.085806,1,1,1,1,1,1,0,1,512,512,512,512,512,512,0,512,128.5,128.5,128.5,128.5,128.5,128.5,0,128.5,0,0,0,0,0,0,0,0,1,247
1,0.10633,0.10633,0.10633,0.10633,0.10633,0.10633,0,0.10633,0.068056,0.068056,0.068056,0.068056,0.068056,0.068056,0,0.068056,-0.081696,-0.081696,-0.081696,-0.081696,-0.081696,-0.081696,0,-0.081696,1,1,1,1,1,1,0,1,512,512,512,512,512,512,0,512,128.5,128.5,128.5,128.5,128.5,128.5,0,128.5,0,0,0,0,0,0,0,0,1,248
1,0.11782,0.11782,0.11782,0.11782,0.11782,0.11782,0,0.11782,0.062944,0.062944,0.062944,0.062944,0.062944,0.062944,0,0.062944,-0.099601,-0.099601,-0.099601,-0.099601,-0.099601,-0.099601,0,-0.099601,1,1,1,1,1,1,0,1,512,512,512,512,512,512,0,512,128.5,128.5,128.5,128.5,128.5,128.5,0,128.5,0,0,0,0,0,0,0,0,1,249
1,0.10441,0.10441,0.10441,0.10441,0.10441,0.10441,0,0.10441,0.048896,0.048896,0.048896,0.048896,0.048896,0.048896,0,0.048896,-0.092247,-0.092247,-0.092247,-0.092247,-0.092247,-0.092247,0,-0.092247,1,1,1,1,1,1,0,1,512,512,512,512,512,512,0,512,128.5,128.5,128.5,128.5,128.5,128.5,0,128.5,0,0,0,0,0,0,0,0,1,250
1,0.11729,0.11729,0.11729,0.11729,0.11729,0.11729,0,0.11729,0.084894,0.084894,0.084894,0.084894,0.084894,0.084894,0,0.084894,0.080926,0.080926,0.080926,0.080926,0.080926,0.080926,0,0.080926,1,1,1,1,1,1,0,1,512,512,512,512,512,512,0,512,128.5,128.5,128.5,128.5,128.5,128.5,0,128.5,0,0,0,0,0,0,0,0,1,251
1,0.11939,0.11939,0.11939,0.11939,0.11939,0.11939,0,0.11939,0.07015,0.07015,0.07015,0.07015,0.07015,0.07015,0,0.07015,0.096607,0.096607,0.096607,0.096607,0.096607,0.096607,0,0.096607,1,1,1,1,1,1,0,1,512,512,512,512,512,512,0,512,128.5,128.5,128.5,128.5,128.5,128.5,0,128.5,0,0,0,0,0,0,0,0,1,252
1,0.10872,0.10872,0.10872,0.10872,0.10872,0.10872,0,0.10872,0.043655,0.043655,0.043655,0.043655,0.043655,0.043655,0,0.043655,0.099566,0.099566,0.099566,0.099566,0.099566,0.099566,0,0.099566,1,1,1,1,1,1,0,1,512,512,512,512,512,512,0,512,128.5,128.5,128.5,128.5,128.5,128.5,0,128.5,0,0,0,0,0,0,0,0,1,253
1,0.10441,0.10441,0.10441,0.10441,0.10441,0.10441,0,0.10441,0.071706,0.071706,0.071706,0.071706,0.071706,0.071706,0,0.071706,-0.075882,-0.075882,-0.075882,-0.075882,-0.075882,-0.075882,0,-0.075882,1,1,1,1,1,1,0,1,512,512,512,512,512,512,0,512,128.5,128.5,128.5,128.5,128.5,128.5,0,128.5,0,0,0,0,0,0,0,0,1,254
1,0.11819,0.11819,0.11819,0.11819,0.11819,0.11819,0,0.11819,0.064628,0.064628,0.064628,0.064628,0.064628,0.064628,0,0.064628,-0.098955,-0.098955,-0.098955,-0.098955,-0.098955,-0.098955,0,-0.098955,1,1,1,1,1,1,0,1,512,512,512,512,512,512,0,512,128.5,128.5,128.5,128.5,128.5,128.5,0,128.5,0,0,0,0,0,0,0,0,1,255
1,0.11442,0.11442,0.11442,0.11442,0.11442,0.11442,0,0.11442,0.042522,0.042522,0.042522,0.042522,0.042522,0.042522,0,0.042522,-0.10622,-0.10622,-0.10622,-0.10622,-0.10622,-0.10622,0,-0.10622,1,1,1,1,1,1,0,1,512,512,512,512,512,512,0,512,128.5,128.5,128.5,128.5,128.5,128.5,0,128.5,0,0,0,0,0,0,0,0,1,256
1,0.099438,0.099438,0.099438,0.099438,0.099438,0.099438,0,0.099438,0.072761,0.072761,0.072761,0.072761,0.072761,0.072761,0,0.072761,0.067773,0.067773,0.067773,0.067773,0.067773,0.067773,0,0.067773,1,1,1,1,1,1,0,1,512,512,512,512,512,512,0,512,128.5,128.5,128.5,128.5,128.5,128.5,0,128.5,0,0,0,0,0,0,0,0,1,257
1,0.1215,0.1215,0.1215,0.1215,0.1215,0.1215,0,0.1215,0.065038,0.065038,0.065038,0.065038,0.065038,0.065038,0,0.065038,0.10262,0.10262,0.10262,0.10262,0.10262,0.10262,0,0.10262,1,1,1,1,1,1,0,1,512,512,512,512,512,512,0,512,128.5,128.5,128.5,128.5,128.5,128.5,0,128.5,0,0,0,0,0,0,0,0,1,258
1,0.11853,0.11853,0.11853,0.11853,0.11853,0.11853,0,0.11853,0.045717,0.045717,0.045717,0.045717,0.045717,0.045717,0,0.045717,0.10935,0.10935,0.10935,0.10935,0.10935,0.10935,0,0.10935,1,1,1,1,1,1,0,1,512,512,512,512,512,512,0,512,128.5,128.5,128.5,128.5,128.5,128.5,0,128.5,0,0,0,0,0,0,0,0,1,259
1,0.096342,0.096342,0.096342,0.096342,0.096342,0.096342,0,0.096342,0.074446,0.074446,0.074446,0.074446,0.074446,0.074446,0,0.074446,-0.061148,-0.061148,-0.061148,-0.061148,-0.061148,-0.061148,0,-0.061148,1,1,1,1,1,1,0,1,512,512,512,512,512,512,0,512,128.5,128.5,128.5,128.5,128.5,128.5,0,128.5,0,0,0,0,0,0,0,0,1,260
1,0.12348,0.12348,0.12348,0.12348,0.12348,0.12348,0,0.12348,0.068628,0.068628,0.068628,0.068628,0.068628,0.068628,0,0.068628,-0.10265,-0.10265,-0.10265,-0.10265,-0.10265,-0.10265,0,-0.10265,1,1,1,1,1,1,0,1,512,512,512,512,512,512,0,512,128.5,128.5,128.5,128.5,128.5,128.5,0,128.5,0,0,0,0,0,0,0,0,1,261
1,0.12075,0.12075,0.12075,0.12075,0.12075,0.12075,0,0.12075,0.047901,0.047901,0.047901,0.047901,0.047901,0.047901,0,0.047901,-0.11084,-0.11084,-0.11084,-0.11084,-0.11084,-0.11084,0,-0.11084,1,1,1,1,1,1,0,1,512,512,512,512,512,512,0,512,128.5,128.5,128.5,128.5,128.5,128.5,0,128.5,0,0,0,0,0,0,0,0,1,262
1,0.091366,0.091366,0.091366,0.091366,0.091366,0.091366,0,0.091366,0.073742,0.073742,0.073742,0.073742,0.073742,0.073742,0,0.073742,0.053938,0.053938,0.053938,0.053938,0.053938,0.053938,0,0.053938,1,1,1,1,1,1,0,1,512,512,512,512,512,512,0,512,128.5,128.5,128.5,128.5,128.5,128.5,0,128.5,0,0,0,0,0,0,0,0,1,263
1,0.12447,0.12447,0.12447,0.12447,0.12447,0.12447,0,0.12447,0.067243,0.067243,0.067243,0.067243,0.067243,0.067243,0,0.067243,0.10474,0.10474,0.10474,0.10474,0.10474,0.10474,0,0.10474,1,1,1,1,1,1,0,1,512,512,512,512,512,512,0,512,128.5,128.5,128.5,128.5,128.5,128.5,0,128.5,0,0,0,0,0,0,0,0,1,264
1,0.11715,0.11715,0.11715,0.11715,0.11715,0.11715,0,0.11715,0.04875,0.04875,0.04875,0.04875,0.04875,0.04875,0,0.04875,0.10653,0.10653,0.10653,0.10653,0.10653,0.10653,0,0.10653,1,1,1,1,1,1,0,1,512,512,512,512,512,512,0,512,128.5,128.5,128.5,128.5,128.5,128.5,0,128.5,0,0,0,0,0,0,0,0,1,265
1,0.075086,0.075086,0.075086,0.075086,0.075086,0.075086,0,0.075086,0.066542,0.066542,0.066542,0.066542,0.066542,0.066542,0,0.066542,-0.034784,-0.034784,-0.034784,-0.034784,-0.034784,-0.034784,0,-0.034784,1,1,1,1,1,1,0,1,512,512,512,512,512,512,0,512,128.5,128.5,128.5,128.5,128.5,128.5,0,128.5,0,0,0,0,0,0,0,0,1,266
1,0.12705,0.12705,0.12705,0.12705,0.12705,0.12705,0,0.12705,0.067056,0.067056,0.067056,0.067056,0.067056,0.067056,0,0.067056,-0.10791,-0.10791,-0.10791,-0.10791,-0.10791,-0.10791,0,-0.10791,1,1,1,1,1,1,0,1,512,512,512,512,512,512,0,512,128.5,128.5,128.5,128.5,128.5,128.5,0,128.5,0,0,0,0,0,0,0,0,1,267
1,0.11393,0.11393,0.11393,0.11393,0.11393,0.11393,0,0.11393,0.051663,0.051663,0.051663,0.051663,0.051663,0.051663,0,0.051663,-0.10155,-0.10155,-0.10155,-0.10155,-0.10155,-0.10155,0,-0.10155,1,1,1,1,1,1,0,1,512,512,512,512,512,512,0,512,128.5,128.5,128.5,128.5,128.5,128.5,0,128.5,0,0,0,0,0,0,0,0,1,268
1,0.059131,0.059131,0.059131,0.059131,0.059131,0.059131,0,0.059131,0.058596,0.058596,0.058596,0.058596,0.058596,0.058596,0,0.058596,0.0079278,0.0079278,0.0079278,0.0079278,0.0079278,0.0079278,0,0.0079278,1,1,1,1,1,1,0,1,512,512,512,512,512,512,0,512,128.5,128.5,128.5,128.5,128.5,128.5,0,128.5,0,0,0,0,0,0,0,0,1,269
1,0.12751,0.12751,0.12751,0.12751,0.12751,0.12751,0,0.12751,0.067295,0.067295,0.067295,0.067295,0.067295,0.067295,0,0.067295,0.10831,0.10831,0.10831,0.10831,0.10831,0.10831,0,0.10831,1,1,1,1,1,1,0,1,512,512,512,512,512,512,0,512,128.5,128.5,128.5,128.5,128.5,128.5,0,128.5,0,0,0,0,0,0,0,0,1,270
1,0.11505,0.11505,0.11505,0.11505,0.11505,0.11505,0,0.11505,0.055792,0.055792,0.055792,0.055792,0.055792,0.055792,0,0.055792,0.10061,0.10061,0.10061,0.10061,0.10061,0.10061,0,0.10061,1,1,1,1,1,1,0,1,512,512,512,512,512,512,0,512,128.5,128.5,128.5,128.5,128.5,128.5,0,128.5,0,0,0,0,0,0,0,0,1,271
1,0.062715,0.062715,0.062715,0.062715,0.062715,0.062715,0,0.062715,0.061899,0.061899,0.061899,0.061899,0.061899,0.061899,0,0.061899,0.010057,0.010057,0.010057,0.010057,0.010057,0.010057,0,0.010057,1,1,1,1,1,1,0,1,512,512,512,512,512,512,0,512,128.5,128.5,128.5,128.5,128.5,128.5,0,128.5,0,0,0,0,0,0,0,0,1,272
1,0.13106,0.13106,0.13106,0.13106,0.13106,0.13106,0,0.13106,0.079433,0.079433,0.079433,0.079433,0.079433,0.079433,0,0.079433,-0.10424,-0.10424,-0.10424,-0.10424,-0.10424,-0.10424,0,-0.10424,1,1,1,1,1,1,0,1,512,512,512,512,512,512,0,512,128.5,128.5,128.5,128.5,128.5,128.5,0,128.5,0,0,0,0,0,0,0,0,1,273
1,0.11414,0.11414,0.11414,0.11414,0.11414,0.11414,0,0.11414,0.061082,0.061082,0.061082,0.061082,0.061082,0.061082,0,0.061082,-0.096423,-0.096423,-0.096423,-0.096423,-0.096423,-0.096423,0,-0.096423,1,1,1,1,1,1,0,1,512,512,512,512,512,512,0,512,128.5,128.5,128.5,128.5,128.5,128.5,0,128.5,0,0,0,0,0,0,0,0,1,274
1,0.063688,0.063688,0.063688,0.063688,0.063688,0.063688,0,0.063688,0.051894,0.051894,0.051894,0.051894,0.051894,0.051894,0,0.051894,-0.036901,-0.036901,-0.036901,-0.036901,-0.036901,-0.036901,0,-0.036901,1,1,1,1,1,1,0,1,512,512,512,512,512,512,0,512,128.5,128.5,128.5,128.5,128.5,128.5,0,128.5,0,0,0,0,0,0,0,0,1,275
1,0.12281,0.12281,0.12281,0.12281,0.12281,0.12281,0,0.12281,0.073463,0.073463,0.073463,0.073463,0.073463,0.073463,0,0.073463,0.098414,0.098414,0.098414,0.098414,0.098414,0.098414,0,0.098414,1,1,1,1,1,1,0,1,512,512,512,512,512,512,0,512,128.5,128.5,128.5,128.5,128.5,128.5,0,128.5,0,0,0,0,0,0,0,0,1,276
1,0.11384,0.11384,0.11384,0.11384,0.11384,0.11384,0,0.11384,0.060642,0.060642,0.060642,0.060642,0.060642,0.060642,0,0.060642,0.096349,0.096349,0.096349,0.096349,0.096349,0.096349,0,0.096349,1,1,1,1,1,1,0,1,512,512,512,512,512,512,0,512,128.5,128.5,128.5,128.5,128.5,128.5,0,128.5,0,0,0,0,0,0,0,0,1,277
1,0.076271,0.076271,0.076271,0.076271,0.076271,0.076271,0,0.076271,0.045533,0.045533,0.045533,0.045533,0.045533,0.045533,0,0.045533,0.061174,0.061174,0.061174,0.061174,0.061174,0.061174,0,0.061174,1,1,1,1,1,1,0,1,512,512,512,512,512,512,0,512,128.5,128.5,128.5,128.5,128.5,128.5,0,128.5,0,0,0,0,0,0,0,0,1,278
1,0.11838,0.11838,0.11838,0.11838,0.11838,0.11838,0,0.11838,0.075252,0.075252,0.075252,0.075252,0.075252,0.075252,0,0.075252,-0.091385,-0.091385,-0.091385,-0.091385,-0.091385,-0.091385,0,-0.091385,1,1,1,1,1,1,0,1,512,512,512,512,512,512,0,512,128.5,128.5,128.5,128.5,128.5,128.5,0,128.5,0,0,0,0,0,0,0,0,1,279
1,0.11641,0.11641,0.11641,0.11641,0.11641,0.11641,0,0.11641,0.065173,0.065173,0.065173,0.065173,0.065173,0.065173,0,0.065173,-0.096451,-0.096451,-0.096451,-0.096451,-0.096451,-0.096451,0,-0.096451,1,1,1,1,1,1,0,1,512,512,512,512,512,512,0,512,128.5,128.5,128.5,128.5,128.5,128.5,0,128.5,0,0,0,0,0,0,0,0,1,280
1,0.086322,0.086322,0.086322,0.086322,0.086322,0.086322,0,0.086322,0.050884,0.050884,0.050884,0.050884,0.050884,0.050884,0,0.050884,-0.069719,-0.069719,-0.069719,-0.069719,-0.069719,-0.069719,0,-0.069719,1,1,1,1,1,1,0,1,512,512,512,512,512,512,0,512,128.5,128.5,128.5,128.5,128.5,128.5,0,128.5,0,0,0,0,0,0,0,0,1,281
1,0.12206,0.12206,0.12206,0.12206,0.12206,0.12206,0,0.12206,0.081665,0.081665,0.081665,0.081665,0.081665,0.081665,0,0.081665,0.090713,0.090713,0.090713,0.090713,0.090713,0.090713,0,0.090713,1,1,1,1,1,1,0,1,512,512,512,512,512,512,0,512,128.5,128.5,128.5,128.5,128.5,128.5,0,128.5,0,0,0,0,0,0,0,0,1,282
1,0.11619,0.11619,0.11619,0.11619,0.11619,0.11619,0,0.11619,0.066554,0.066554,0.066554,0.066554,0.066554,0.066554,0,0.066554,0.095234,0.095234,0.095234,0.095234,0.095234,0.095234,0,0.095234,1,1,1,1,1,1,0,1,512,512,512,512,512,512,0,512,128.5,128.5,128.5,128.5,128.5,128.5,0,128.5,0,0,0,0,0,0,0,0,1,283
1,0.093376,0.093376,0.093376,0.093376,0.093376,0.093376,0,0.093376,0.041427,0.041427,0.041427,0.041427,0.041427,0.041427,0,0.041427,0.083676,0.083676,0.083676,0.083676,0.083676,0.083676,0,0.083676,1,1,1,1,1,1,0,1,512,512,512,512,512,512,0,512,128.5,128.5,128.5,128.5,128.5,128.5,0,128.5,0,0,0,0,0,0,0,0,1,284
1,0.10971,0.10971,0.10971,0.10971,0.10971,0.10971,0,0.10971,0.0701,0.0701,0.0701,0.0701,0.0701,0.0701,0,0.0701,-0.084383,-0.084383,-0.084383,-0.084383,-0.084383,-0.084383,0,-0.084383,1,1,1,1,1,1,0,1,512,512,512,512,512,512,0,512,128.5,128.5,128.5,128.5,128.5,128.5,0,128.5,0,0,0,0,0,0,0,0,1,285
1,0.1169,0.1169,0.1169,0.1169,0.1169,0.1169,0,0.1169,0.063108,0.063108,0.063108,0.063108,0.063108,0.063108,0,0.063108,-0.098399,-0.098399,-0.098399,-0.098399,-0.098399,-0.098399,0,-0.098399,1,1,1,1,1,1,0,1,512,512,512,512,512,512,0,512,128.5,128.5,128.5,128.5,128.5,128.5,0,128.5,0,0,0,0,0,0,0,0,1,286
1,0.10499,0.10499,0.10499,0.10499,0.10499,0.10499,0,0.10499,0.043874,0.043874,0.043874,0.043874,0.043874,0.043874,0,0.043874,-0.095382,-0.095382,-0.095382,-0.095382,-0.095382,-0.095382,0,-0.095382,1,1,1,1,1,1,0,1,512,512,512,512,512,512,0,512,128.5,128.5,128.5,128.5,128.5,128.5,0,128.5,0,0,0,0,0,0,0,0,1,287
1,0.11149,0.11149,0.11149,0.11149,0.11149,0.11149,0,0.11149,0.077867,0.077867,0.077867,0.077867,0.077867,0.077867,0,0.077867,0.079787,0.079787,0.079787,0.079787,0.079787,0.079787,0,0.079787,1,1,1,1,1,1,0,1,512,512,512,512,512,512,0,512,128.5,128.5,128.5,128.5,128.5,128.5,0,128.5,0,0,0,0,0,0,0,0,1,288
1,0.1203,0.1203,0.1203,0.1203,0.1203,0.1203,0,0.1203,0.066606,0.066606,0.066606,0.066606,0.066606,0.066606,0,0.066606,0.10018,0.10018,0.10018,0.10018,0.10018,0.10018,0,0.10018,1,1,1,1,1,1,0,1,512,512,512,512,512,512,0,512,128.5,128.5,128.5,128.5,128.5,128.5,0,128.5,0,0,0,0,0,0,0,0,1,289
1,0.11045,0.11045,0.11045,0.11045,0.11045,0.11045,0,0.11045,0.043094,0.043094,0.043094,0.043094,0.043094,0.043094,0,0.043094,0.10169,0.10169,0.10169,0.10169,0.10169,0.10169,0,0.10169,1,1,1,1,1,1,0,1,512,512,512,512,512,512,0,512,128.5,128.5,128.5,128.5,128.5,128.5,0,128.5,0,0,0,0,0,0,0,0,1,290
1,0.10615,0.10615,0.10615,0.10615,0.10615,0.10615,0,0.10615,0.075238,0.075238,0.075238,0.075238,0.075238,0.075238,0,0.075238,-0.074876,-0.074876,-0.074876,-0.074876,-0.074876,-0.074876,0,-0.074876,1,1,1,1,1,1,0,1,512,512,512,512,512,512,0,512,128.5,128.5,128.5,128.5,128.5,128.5,0,128.5,0,0,0,0,0,0,0,0,1,291
1,0.11973,0.11973,0.11973,0.11973,0.11973,0.11973,0,0.11973,0.065233,0.065233,0.065233,0.065233,0.065233,0.065233,0,0.065233,-0.10039,-0.10039,-0.10039,-0.10039,-0.10039,-0.10039,0,-0.10039,1,1,1,1,1,1,0,1,512,512,512,512,512,512,0,512,128.5,128.5,128.5,128.5,128.5,128.5,0,128.5,0,0,0,0,0,0,0,0,1,292
1,0.1173,0.1173,0.1173,0.1173,0.1173,0.1173,0,0.1173,0.042197,0.042197,0.042197,0.042197,0.042197,0.042197,0,0.042197,-0.10945,-0.10945,-0.10945,-0.10945,-0.10945,-0.10945,0,-0.10945,1,1,1,1,1,1,0,1,512,512,512,512,512,512,0,512,128.5,128.5,128.5,128.5,128.5,128.5,0,128.5,0,0,0,0,0,0,0,0,1,293
1,0.092778,0.092778,0.092778,0.092778,0.092778,0.092778,0,0.092778,0.071173,0.071173,0.071173,0.071173,0.071173,0.071173,0,0.071173,0.059512,0.059512,0.059512,0.059512,0.059512,0.059512,0,0.059512,1,1,1,1,1,1,0,1,512,512,512,512,512,512,0,512,128.5,128.5,128.5,128.5,128.5,128.5,0,128.5,0,0,0,0,0,0,0,0,1,294
1,0.12228,0.12228,0.12228,0.12228,0.12228,0.12228,0,0.12228,0.063252,0.063252,0.063252,0.063252,0.063252,0.063252,0,0.063252,0.10465,0.10465,0.10465,0.10465,0.10465,0.10465,0,0.10465,1,1,1,1,1,1,0,1,512,512,512,512,512,512,0,512,128.5,128.5,128.5,128.5,128.5,128.5,0,128.5,0,0,0,0,0,0,0,0,1,295
1,0.11544,0.11544,0.11544,0.11544,0.11544,0.11544,0,0.11544,0.044219,0.044219,0.044219,0.044219,0.044219,0.044219,0,0.044219,0.10663,0.10663,0.10663,0.10663,0.10663,0.10663,0,0.10663,1,1,1,1,1,1,0,1,512,512,512,512,512,512,0,512,128.5,128.5,128.5,128.5,128.5,128.5,0,128.5,0,0,0,0,0,0,0,0,1,296
1,0.072013,0.072013,0.072013,0.072013,0.072013,0.072013,0,0.072013,0.062557,0.062557,0.062557,0.062557,0.062557,0.062557,0,0.062557,-0.035671,-0.035671,-0.035671,-0.035671,-0.035671,-0.035671,0,-0.035671,1,1,1,1,1,1,0,1,512,512,512,512,512,512,0,512,128.5,128.5,128.5,128.5,128.5,128.5,0,128.5,0,0,0,0,0,0,0,0,1,297
1,0.12632,0.12632,0.12632,0.12632,0.12632,0.12632,0,0.12632,0.063769,0.063769,0.063769,0.063769,0.063769,0.063769,0,0.063769,-0.10905,-0.10905,-0.10905,-0.10905,-0.10905,-0.10905,0,-0.10905,1,1,1,1,1,1,0,1,512,512,512,512,512,512,0,512,128.5,128.5,128.5,128.5,128.5,128.5,0,128.5,0,0,0,0,0,0,0,0,1,298
1,0.11656,0.11656,0.11656,0.11656,0.11656,0.11656,0,0.11656,0.05163,0.05163,0.05163,0.05163,0.05163,0.05163,0,0.05163,-0.1045,-0.1045,-0.1045,-0.1045,-0.1045,-0.1045,0,-0.1045,1,1,1,1,1,1,0,1,512,512,512,512,512,512,0,512,128.5,128.5,128.5,128.5,128.5,128.5,0,128.5,0,0,0,0,0,0,0,0,1,299
1,0.070089,0.070089,0.070089,0.070089,0.070089,0.070089,0,0.070089,0.06888,0.06888,0.06888,0.06888,0.06888,0.06888,0,0.06888,0.01296,0.01296,0.01296,0.01296,0.01296,0.01296,0,0.01296,1,1,1,1,1,1,0,1,512,512,512,512,512,512,0,512,128.5,128.5,128.5,128.5,128.5,128.5,0,128.5,0,0,0,0,0,0,0,0,1,300
1,0.12991,0.12991,0.12991,0.12991,0.12991,0.12991,0,0.12991,0.075972,0.075972,0.075972,0.075972,0.075972,0.075972,0,0.075972,0.10538,0.10538,0.10538,0.10538,0.10538,0.10538,0,0.10538,1,1,1,1,1,1,0,1,512,512,512,512,512,512,0,512,128.5,128.5,128.5,128.5,128.5,128.5,0,128.5,0,0,0,0,0,0,0,0,1,301
1,0.11149,0.11149,0.11149,0.11149,0.11149,0.11149,0,0.11149,0.05521,0.05521,0.05521,0.05521,0.05521,0.05521,0,0.05521,0.096857,0.096857,0.096857,0.096857,0.096857,0.096857,0,0.096857,1,1,1,1,1,1,0,1,512,512,512,512,512,512,0,512,128.5,128.5,128.5,128.5,128.5,128.5,0,128.5,0,0,0,0,0,0,0,0,1,302
1,0.055039,0.055039,0.055039,0.055039,0.055039,0.055039,0,0.055039,0.04538,0.04538,0.04538,0.04538,0.04538,0.04538,0,0.04538,0.031119,0.031119,0.031119,0.031119,0.031119,0.031119,0,0.031119,1,1,1,1,1,1,0,1,512,512,512,512,512,512,0,512,128.5,128.5,128.5,128.5,128.5,128.5,0,128.5,0,0,0,0,0,0,0,0,1,303
1,0.11466,0.11466,0.11466,0.11466,0.11466,0.11466,0,0.11466,0.063529,0.063529,0.063529,0.063529,0.063529,0.063529,0,0.063529,-0.095445,-0.095445,-0.095445,-0.095445,-0.095445,-0.095445,0,-0.095445,1,1,1,1,1,1,0,1,512,512,512,512,512,512,0,512,128.5,128.5,128.5,128.5,128.5,128.5,0,128.5,0,0,0,0,0,0,0,0,1,304
1,0.11242,0.11242,0.11242,0.11242,0.11242,0.11242,0,0.11242,0.056069,0.056069,0.056069,0.056069,0.056069,0.056069,0,0.056069,-0.097443,-0.097443,-0.097443,-0.097443,-0.097443,-0.097443,0,-0.097443,1,1,1,1,1,1,0,1,512,512,512,512,512,512,0,512,128.5,128.5,128.5,128.5,128.5,128.5,0,128.5,0,0,0,0,0,0,0,0,1,305
1,0.082078,0.082078,0.082078,0.082078,0.082078,0.082078,0,0.082078,0.046671,0.046671,0.046671,0.046671,0.046671,0.046671,0,0.046671,-0.067505,-0.067505,-0.067505,-0.067505,-0.067505,-0.067505,0,-0.067505,1,1,1,1,1,1,0,1,512,512,512,512,512,512,0,512,128.5,128.5,128.5,128.5,128.5,128.5,0,128.5,0,0,0,0,0,0,0,0,1,306
1,0.1123,0.1123,0.1123,0.1123,0.1123,0.1123,0,0.1123,0.078366,0.078366,0.078366,0.078366,0.078366,0.078366,0,0.078366,0.080428,0.080428,0.080428,0.080428,0.080428,0.080428,0,0.080428,1,1,1,1,1,1,0,1,512,512,512,512,512,512,0,512,128.5,128.5,128.5,128.5,128.5,128.5,0,128.5,0,0,0,0,0,0,0,0,1,307
1,0.11617,0.11617,0.11617,0.11617,0.11617,0.11617,0,0.11617,0.064791,0.064791,0.064791,0.064791,0.064791,0.064791,0,0.064791,0.096423,0.096423,0.096423,0.096423,0.096423,0.096423,0,0.096423,1,1,1,1,1,1,0,1,512,512,512,512,512,512,0,512,128.5,128.5,128.5,128.5,128.5,128.5,0,128.5,0,0,0,0,0,0,0,0,1,308
1,0.10697,0.10697,0.10697,0.10697,0.10697,0.10697,0,0.10697,0.041319,0.041319,0.041319,0.041319,0.041319,0.041319,0,0.041319,0.09867,0.09867,0.09867,0.09867,0.09867,0.09867,0,0.09867,1,1,1,1,1,1,0,1,512,512,512,512,512,512,0,512,128.5,128.5,128.5,128.5,128.5,128.5,0,128.5,0,0,0,0,0,0,0,0,1,309
1,0.096072,0.096072,0.096072,0.096072,0.096072,0.096072,0,0.096072,0.070484,0.070484,0.070484,0.070484,0.070484,0.070484,0,0.070484,-0.065279,-0.065279,-0.065279,-0.065279,-0.065279,-0.065279,0,-0.065279,1,1,1,1,1,1,0,1,512,512,512,512,512,512,0,512,128.5,128.5,128.5,128.5,128.5,128.5,0,128.5,0,0,0,0,0,0,0,0,1,310
1,0.11824,0.11824,0.11824,0.11824,0.11824,0.11824,0,0.11824,0.065408,0.065408,0.065408,0.065408,0.065408,0.065408,0,0.065408,-0.098501,-0.098501,-0.098501,-0.098501,-0.098501,-0.098501,0,-0.098501,1,1,1,1,1,1,0,1,512,512,512,512,512,512,0,512,128.5,128.5,128.5,128.5,128.5,128.5,0,128.5,0,0,0,0,0,0,0,0,1,311
1,0.11598,0.11598,0.11598,0.11598,0.11598,0.11598,0,0.11598,0.047099,0.047099,0.047099,0.047099,0.047099,0.047099,0,0.047099,-0.10599,-0.10599,-0.10599,-0.10599,-0.10599,-0.10599,0,-0.10599,1,1,1,1,1,1,0,1,512,512,512,512,512,512,0,512,128.5,128.5,128.5,128.5,128.5,128.5,0,128.5,0,0,0,0,0,0,0,0,1,312
1,0.088004,0.088004,0.088004,0.088004,0.088004,0.088004,0,0.088004,0.071832,0.071832,0.071832,0.071832,0.071832,0.071832,0,0.071832,0.05084,0.05084,0.05084,0.05084,0.05084,0.05084,0,0.05084,1,1,1,1,1,1,0,1,512,512,512,512,512,512,0,512,128.5,128.5,128.5,128.5,128.5,128.5,0,128.5,0,0,0,0,0,0,0,0,1,313
1,0.12232,0.12232,0.12232,0.12232,0.12232,0.12232,0,0.12232,0.069975,0.069975,0.069975,0.069975,0.069975,0.069975,0,0.069975,0.10032,0.10032,0.10032,0.10032,0.10032,0.10032,0,0.10032,1,1,1,1,1,1,0,1,512,512,512,512,512,512,0,512,128.5,128.5,128.5,128.5,128.5,128.5,0,128.5,0,0,0,0,0,0,0,0,1,314
1,0.11495,0.11495,0.11495,0.11495,0.11495,0.11495,0,0.11495,0.052756,0.052756,0.052756,0.052756,0.052756,0.052756,0,0.052756,0.10213,0.10213,0.10213,0.10213,0.10213,0.10213,0,0.10213,1,1,1,1,1,1,0,1,512,512,512,512,512,512,0,512,128.5,128.5,128.5,128.5,128.5,128.5,0,128.5,0,0,0,0,0,0,0,0,1,315
1,0.076909,0.076909,0.076909,0.076909,0.076909,0.076909,0,0.076909,0.066037,0.066037,0.066037,0.066037,0.066037,0.066037,0,0.066037,-0.039421,-0.039421,-0.039421,-0.039421,-0.039421,-0.039421,0,-0.039421,1,1,1,1,1,1,0,1,512,512,512,512,512,512,0,512,128.5,128.5,128.5,128.5,128.5,128.5,0,128.5,0,0,0,0,0,0,0,0,1,316
1,0.1245,0.1245,0.1245,0.1245,0.1245,0.1245,0,0.1245,0.070255,0.070255,0.070255,0.070255,0.070255,0.070255,0,0.070255,-0.10279,-0.10279,-0.10279,-0.10279,-0.10279,-0.10279,0,-0.10279,1,1,1,1,1,1,0,1,512,512,512,512,512,512,0,512,128.5,128.5,128.5,128.5,128.5,128.5,0,128.5,0,0,0,0,0,0,0,0,1,317
1,0.11671,0.11671,0.11671,0.11671,0.11671,0.11671,0,0.11671,0.055398,0.055398,0.055398,0.055398,0.055398,0.055398,0,0.055398,-0.10272,-0.10272,-0.10272,-0.10272,-0.10272,-0.10272,0,-0.10272,1,1,1,1,1,1,0,1,512,512,512,512,512,512,0,512,128.5,128.5,128.5,128.5,128.5,128.5,0,128.5,0,0,0,0,0,0,0,0,1,318
1,0.075638,0.075638,0.075638,0.075638,0.075638,0.075638,0,0.075638,0.068281,0.068281,0.068281,0.068281,0.068281,0.068281,0,0.068281,0.032538,0.032538,0.032538,0.032538,0.032538,0.032538,0,0.032538,1,1,1,1,1,1,0,1,512,512,512,512,512,512,0,512,128.5,128.5,128.5,128.5,128.5,128.5,0,128.5,0,0,0,0,0,0,0,0,1,319
1,0.12792,0.12792,0.12792,0.12792,0.12792,0.12792,0,0.12792,0.072865,0.072865,0.072865,0.072865,0.072865,0.072865,0,0.072865,0.10514,0.10514,0.10514,0.10514,0.10514,0.10514,0,0.10514,1,1,1,1,1,1,0,1,512,512,512,512,512,512,0,512,128.5,128.5,128.5,128.5,128.5,128.5,0,128.5,0,0,0,0,0,0,0,0,1,320
1,0.11624,0.11624,0.11624,0.11624,0.11624,0.11624,0,0.11624,0.056673,0.056673,0.056673,0.056673,0.056673,0.056673,0,0.056673,0.10149,0.10149,0.10149,0.10149,0.10149,0.10149,0,0.10149,1,1,1,1,1,1,0,1,512,512,512,512,512,512,0,512,128.5,128.5,128.5,128.5,128.5,128.5,0,128.5,0,0,0,0,0,0,0,0,1,321
1,0.069225,0.069225,0.069225,0.069225,0.069225,0.069225,0,0.069225,0.064321,0.064321,0.064321,0.064321,0.064321,0.064321,0,0.064321,-0.025591,-0.025591,-0.025591,-0.025591,-0.025591,-0.025591,0,-0.025591,1,1,1,1,1,1,0,1,512,512,512,512,512,512,0,512,128.5,128.5,128.5,128.5,128.5,128.5,0,128.5,0,0,0,0,0,0,0,0,1,322
1,0.12922,0.12922,0.12922,0.12922,0.12922,0.12922,0,0.12922,0.072132,0.072132,0.072132,0.072132,0.072132,0.072132,0,0.072132,-0.10721,-0.10721,-0.10721,-0.10721,-0.10721,-0.10721,0,-0.10721,1,1,1,1,1,1,0,1,512,512,512,512,512,512,0,512,128.5,128.5,128.5,128.5,128.5,128.5,0,128.5,0,0,0,0,0,0,0,0,1,323
1,0.11826,0.11826,0.11826,0.11826,0.11826,0.11826,0,0.11826,0.058001,0.058001,0.058001,0.058001,0.058001,0.058001,0,0.058001,-0.10306,-0.10306,-0.10306,-0.10306,-0.10306,-0.10306,0,-0.10306,1,1,1,1,1,1,0,1,512,512,512,512,512,512,0,512,128.5,128.5,128.5,128.5,128.5,128.5,0,128.5,0,0,0,0,0,0,0,0,1,324
1,0.074884,0.074884,0.074884,0.074884,0.074884,0.074884,0,0.074884,0.069696,0.069696,0.069696,0.069696,0.069696,0.069696,0,0.069696,0.027385,0.027385,0.027385,0.027385,0.027385,0.027385,0,0.027385,1,1,1,1,1,1,0,1,512,512,512,512,512,512,0,512,128.5,128.5,128.5,128.5,128.5,128.5,0,128.5,0,0,0,0,0,0,0,0,1,325
1,0.13085,0.13085,0.13085,0.13085,0.13085,0.13085,0,0.13085,0.07445,0.07445,0.07445,0.07445,0.07445,0.07445,0,0.07445,0.1076,0.1076,0.1076,0.1076,0.1076,0.1076,0,0.1076,1,1,1,1,1,1,0,1,512,512,512,512,512,512,0,512,128.5,128.5,128.5,128.5,128.5,128.5,0,128.5,0,0,0,0,0,0,0,0,1,326
1,0.11823,0.11823,0.11823,0.11823,0.11823,0.11823,0,0.11823,0.057855,0.057855,0.057855,0.057855,0.057855,0.057855,0,0.057855,0.1031,0.1031,0.1031,0.1031,0.1031,0.1031,0,0.1031,1,1,1,1,1,1,0,1,512,512,512,512,512,512,0,512,128.5,128.5,128.5,128.5,128.5,128.5,0,128.5,0,0,0,0,0,0,0,0,1,327
1,0.073016,0.073016,0.073016,0.073016,0.073016,0.073016,0,0.073016,0.067907,0.067907,0.067907,0.067907,0.067907,0.067907,0,0.067907,-0.026832,-0.026832,-0.026832,-0.026832,-0.026832,-0.026832,0,-0.026832,1,1,1,1,1,1,0,1,512,512,512,512,512,512,0,512,128.5,128.5,128.5,128.5,128.5,128.5,0,128.5,0,0,0,0,0,0,0,0,1,328
1,0.13008,0.13008,0.13008,0.13008,0.13008,0.13008,0,0.13008,0.072587,0.072587,0.072587,0.072587,0.072587,0.072587,0,0.072587,-0.10794,-0.10794,-0.10794,-0.10794,-0.10794,-0.10794,0,-0.10794,1,1,1,1,1,1,0,1,512,512,512,512,512,512,0,512,128.5,128.5,128.5,128.5,128.5,128.5,0,128.5,0,0,0,0,0,0,0,0,1,329
1,0.11702,0.11702,0.11702,0.11702,0.11702,0.11702,0,0.11702,0.05664,0.05664,0.05664,0.05664,0.05664,0.05664,0,0.05664,-0.1024,-0.1024,-0.1024,-0.1024,-0.1024,-0.1024,0,-0.1024,1,1,1,1,1,1,0,1,512,512,512,512,512,512,0,512,128.5,128.5,128.5,128.5,128.5,128.5,0,128.5,0,0,0,0,0,0,0,0,1,330
1,0.067075,0.067075,0.067075,0.067075,0.067075,0.067075,0,0.067075,0.064292,0.064292,0.064292,0.064292,0.064292,0.064292,0,0.064292,0.01912,0.01912,0.01912,0.01912,0.01912,0.01912,0,0.01912,1,1,1,1,1,1,0,1,512,512,512,512,512,512,0,512,128.5,128.5,128.5,128.5,128.5,128.5,0,128.5,0,0,0,0,0,0,0,0,1,331
1,0.13146,0.13146,0.13146,0.13146,0.13146,0.13146,0,0.13146,0.0702,0.0702,0.0702,0.0702,0.0702,0.0702,0,0.0702,0.11115,0.11115,0.11115,0.11115,0.11115,0.11115,0,0.11115,1,1,1,1,1,1,0,1,512,512,512,512,512,512,0,512,128.5,128.5,128.5,128.5,128.5,128.5,0,128.5,0,0,0,0,0,0,0,0,1,332
1,0.11721,0.11721,0.11721,0.11721,0.11721,0.11721,0,0.11721,0.056268,0.056268,0.056268,0.056268,0.056268,0.056268,0,0.056268,0.10283,0.10283,0.10283,0.10283,0.10283,0.10283,0,0.10283,1,1,1,1,1,1,0,1,512,512,512,512,512,512,0,512,128.5,128.5,128.5,128.5,128.5,128.5,0,128.5,0,0,0,0,0,0,0,0,1,333
1,0.066701,0.066701,0.066701,0.066701,0.066701,0.066701,0,0.066701,0.065373,0.065373,0.065373,0.065373,0.065373,0.065373,0,0.065373,-0.01324,-0.01324,-0.01324,-0.01324,-0.01324,-0.01324,0,-0.01324,1,1,1,1,1,1,0,1,512,512,512,512,512,512,0,512,128.5,128.5,128.5,128.5,128.5,128.5,0,128.5,0,0,0,0,0,0,0,0,1,334
1,0.13276,0.13276,0.13276,0.13276,0.13276,0.13276,0,0.13276,0.073922,0.073922,0.073922,0.073922,0.073922,0.073922,0,0.073922,-0.11027,-0.11027,-0.11027,-0.11027,-0.11027,-0.11027,0,-0.11027,1,1,1,1,1,1,0,1,512,512,512,512,512,512,0,512,128.5,128.5,128.5,128.5,128.5,128.5,0,128.5,0,0,0,0,0,0,0,0,1,335
1,0.1171,0.1171,0.1171,0.1171,0.1171,0.1171,0,0.1171,0.058029,0.058029,0.058029,0.058029,0.058029,0.058029,0,0.058029,-0.10171,-0.10171,-0.10171,-0.10171,-0.10171,-0.10171,0,-0.10171,1,1,1,1,1,1,0,1,512,512,512,512,512,512,0,512,128.5,128.5,128.5,128.5,128.5,128.5,0,128.5,0,0,0,0,0,0,0,0,1,336
1,0.064116,0.064116,0.064116,0.064116,0.064116,0.064116,0,0.064116,0.064067,0.064067,0.064067,0.064067,0.064067,0.064067,0,0.064067,0.0024428,0.0024428,0.0024428,0.0024428,0.0024428,0.0024428,0,0.0024428,1,1,1,1,1,1,0,1,512,512,512,512,512,512,0,512,128.5,128.5,128.5,128.5,128.5,128.5,0,128.5,0,0,0,0,0,0,0,0,1,337
1,0.13193,0.13193,0.13193,0.13193,0.13193,0.13193,0,0.13193,0.0739,0.0739,0.0739,0.0739,0.0739,0.0739,0,0.0739,0.10928,0.10928,0.10928,0.10928,0.10928,0.10928,0,0.10928,1,1,1,1,1,1,0,1,512,512,512,512,512,512,0,512,128.5,128.5,128.5,128.5,128.5,128.5,0,128.5,0,0,0,0,0,0,0,0,1,338
1,0.11439,0.11439,0.11439,0.11439,0.11439,0.11439,0,0.11439,0.057245,0.057245,0.057245,0.057245,0.057245,0.057245,0,0.057245,0.099038,0.099038,0.099038,0.099038,0.099038,0.099038,0,0.099038,1,1,1,1,1,1,0,1,512,512,512,512,512,512,0,512,128.5,128.5,128.5,128.5,128.5,128.5,0,128.5,0,0,0,0,0,0,0,0,1,339
1,0.056484,0.056484,0.056484,0.056484,0.056484,0.056484,0,0.056484,0.052712,0.052712,0.052712,0.052712,0.052712,0.052712,0,0.052712,0.020267,0.020267,0.020267,0.020267,0.020267,0.020267,0,0.020267,1,1,1,1,1,1,0,1,512,512,512,512,512,512,0,512,128.5,128.5,128.5,128.5,128.5,128.5,0,128.5,0,0,0,0,0,0,0,0,1,340
1,0.12596,0.12596,0.12596,0.12596,0.12596,0.12596,0,0.12596,0.069516,0.069516,0.069516,0.069516,0.069516,0.069516,0,0.069516,-0.10503,-0.10503,-0.10503,-0.10503,-0.10503,-0.10503,0,-0.10503,1,1,1,1,1,1,0,1,512,512,512,512,512,512,0,512,128.5,128.5,128.5,128.5,128.5,128.5,0,128.5,0,0,0,0,0,0,0,0,1,341
1,0.11542,0.11542,0.11542,0.11542,0.11542,0.11542,0,0.11542,0.059494,0.059494,0.059494,0.059494,0.059494,0.059494,0,0.059494,-0.098902,-0.098902,-0.098902,-0.098902,-0.098902,-0.098902,0,-0.098902,1,1,1,1,1,1,0,1,512,512,512,512,512,512,0,512,128.5,128.5,128.5,128.5,128.5,128.5,0,128.5,0,0,0,0,0,0,0,0,1,342
1,0.066832,0.066832,0.066832,0.066832,0.066832,0.066832,0,0.066832,0.057992,0.057992,0.057992,0.057992,0.057992,0.057992,0,0.057992,-0.033197,-0.033197,-0.033197,-0.033197,-0.033197,-0.033197,0,-0.033197,1,1,1,1,1,1,0,1,512,512,512,512,512,512,0,512,128.5,128.5,128.5,128.5,128.5,128.5,0,128.5,0,0,0,0,0,0,0,0,1,343
1,0.13009,0.13009,0.13009,0.13009,0.13009,0.13009,0,0.13009,0.081259,0.081259,0.081259,0.081259,0.081259,0.081259,0,0.081259,0.10159,0.10159,0.10159,0.10159,0.10159,0.10159,0,0.10159,1,1,1,1,1,1,0,1,512,512,512,512,512,512,0,512,128.5,128.5,128.5,128.5,128.5,128.5,0,128.5,0,0,0,0,0,0,0,0,1,344
1,0.11553,0.11553,0.11553,0.11553,0.11553,0.11553,0,0.11553,0.063184,0.063184,0.063184,0.063184,0.063184,0.063184,0,0.063184,0.096721,0.096721,0.096721,0.096721,0.096721,0.096721,0,0.096721,1,1,1,1,1,1,0,1,512,512,512,512,512,512,0,512,128.5,128.5,128.5,128.5,128.5,128.5,0,128.5,0,0,0,0,0,0,0,0,1,345
1,0.070154,0.070154,0.070154,0.070154,0.070154,0.070154,0,0.070154,0.049058,0.049058,0.049058,0.049058,0.049058,0.049058,0,0.049058,0.050132,0.050132,0.050132,0.050132,0.050132,0.050132,0,0.050132,1,1,1,1,1,1,0,1,512,512,512,512,512,512,0,512,128.5,128.5,128.5,128.5,128.5,128.5,0,128.5,0,0,0,0,0,0,0,0,1,346
1,0.12197,0.12197,0.12197,0.12197,0.12197,0.12197,0,0.12197,0.073989,0.073989,0.073989,0.073989,0.073989,0.073989,0,0.073989,-0.096962,-0.096962,-0.096962,-0.096962,-0.096962,-0.096962,0,-0.096962,1,1,1,1,1,1,0,1,512,512,512,512,512,512,0,512,128.5,128.5,128.5,128.5,128.5,128.5,0,128.5,0,0,0,0,0,0,0,0,1,347
1,0.11503,0.11503,0.11503,0.11503,0.11503,0.11503,0,0.11503,0.062311,0.062311,0.062311,0.062311,0.062311,0.062311,0,0.062311,-0.096694,-0.096694,-0.096694,-0.096694,-0.096694,-0.096694,0,-0.096694,1,1,1,1,1,1,0,1,512,512,512,512,512,512,0,512,128.5,128.5,128.5,128.5,128.5,128.5,0,128.5,0,0,0,0,0,0,0,0,1,348
1,0.082311,0.082311,0.082311,0.082311,0.082311,0.082311,0,0.082311,0.047379,0.047379,0.047379,0.047379,0.047379,0.047379,0,0.047379,-0.067294,-0.067294,-0.067294,-0.067294,-0.067294,-0.067294,0,-0.067294,1,1,1,1,1,1,0,1,512,512,512,512,512,512,0,512,128.5,128.5,128.5,128.5,128.5,128.5,0,128.5,0,0,0,0,0,0,0,0,1,349
1,0.11828,0.11828,0.11828,0.11828,0.11828,0.11828,0,0.11828,0.076949,0.076949,0.076949,0.076949,0.076949,0.076949,0,0.076949,0.089819,0.089819,0.089819,0.089819,0.089819,0.089819,0,0.089819,1,1,1,1,1,1,0,1,512,512,512,512,512,512,0,512,128.5,128.5,128.5,128.5,128.5,128.5,0,128.5,0,0,0,0,0,0,0,0,1,350
1,0.11667,0.11667,0.11667,0.11667,0.11667,0.11667,0,0.11667,0.063836,0.063836,0.063836,0.063836,0.063836,0.063836,0,0.063836,0.097658,0.097658,0.097658,0.097658,0.097658,0.097658,0,0.097658,1,1,1,1,1,1,0,1,512,512,512,512,512,512,0,512,128.5,128.5,128.5,128.5,128.5,128.5,0,128.5,0,0,0,0,0,0,0,0,1,351
1,0.096083,0.096083,0.096083,0.096083,0.096083,0.096083,0,0.096083,0.042396,0.042396,0.042396,0.042396,0.042396,0.042396,0,0.042396,0.086216,0.086216,0.086216,0.086216,0.086216,0.086216,0,0.086216,1,1,1,1,1,1,0,1,512,512,512,512,512,512,0,512,128.5,128.5,128.5,128.5,128.5,128.5,0,128.5,0,0,0,0,0,0,0,0,1,352
1,0.11193,0.11193,0.11193,0.11193,0.11193,0.11193,0,0.11193,0.074649,0.074649,0.074649,0.074649,0.074649,0.074649,0,0.074649,-0.083395,-0.083395,-0.083395,-0.083395,-0.083395,-0.083395,0,-0.083395,1,1,1,1,1,1,0,1,512,512,512,512,512,512,0,512,128.5,128.5,128.5,128.5,128.5,128.5,0,128.5,0,0,0,0,0,0,0,0,1,353
1,0.1184,0.1184,0.1184,0.1184,0.1184,0.1184,0,0.1184,0.065644,0.065644,0.065644,0.065644,0.065644,0.065644,0,0.065644,-0.098533,-0.098533,-0.098533,-0.098533,-0.098533,-0.098533,0,-0.098533,1,1,1,1,1,1,0,1,512,512,512,512,512,512,0,512,128.5,128.5,128.5,128.5,128.5,128.5,0,128.5,0,0,0,0,0,0,0,0,1,354
1,0.10239,0.10239,0.10239,0.10239,0.10239,0.10239,0,0.10239,0.046472,0.046472,0.046472,0.046472,0.046472,0.046472,0,0.046472,-0.091225,-0.091225,-0.091225,-0.091225,-0.091225,-0.091225,0,-0.091225,1,1,1,1,1,1,0,1,512,512,512,512,512,512,0,512,128.5,128.5,128.5,128.5,128.5,128.5,0,128.5,0,0,0,0,0,0,0,0,1,355
1,0.11458,0.11458,0.11458,0.11458,0.11458,0.11458,0,0.11458,0.079783,0.079783,0.079783,0.079783,0.079783,0.079783,0,0.079783,0.082234,0.082234,0.082234,0.082234,0.082234,0.082234,0,0.082234,1,1,1,1,1,1,0,1,512,512,512,512,512,512,0,512,128.5,128.5,128.5,128.5,128.5,128.5,0,128.5,0,0,0,0,0,0,0,0,1,356
1,0.119,0.119,0.119,0.119,0.119,0.119,0,0.119,0.067155,0.067155,0.067155,0.067155,0.067155,0.067155,0,0.067155,0.098238,0.098238,0.098238,0.098238,0.098238,0.098238,0,0.098238,1,1,1,1,1,1,0,1,512,512,512,512,512,512,0,512,128.5,128.5,128.5,128.5,128.5,128.5,0,128.5,0,0,0,0,0,0,0,0,1,357
1,0.10756,0.10756,0.10756,0.10756,0.10756,0.10756,0,0.10756,0.044058,0.044058,0.044058,0.044058,0.044058,0.044058,0,0.044058,0.098114,0.098114,0.098114,0.098114,0.098114,0.098114,0,0.098114,1,1,1,1,1,1,0,1,512,512,512,512,512,512,0,512,128.5,128.5,128.5,128.5,128.5,128.5,0,128.5,0,0,0,0,0,0,0,0,1,358
1,0.10699,0.10699,0.10699,0.10699,0.10699,0.10699,0,0.10699,0.074984,0.074984,0.074984,0.074984,0.074984,0.074984,0,0.074984,-0.076313,-0.076313,-0.076313,-0.076313,-0.076313,-0.076313,0,-0.076313,1,1,1,1,1,1,0,1,512,512,512,512,512,512,0,512,128.5,128.5,128.5,128.5,128.5,128.5,0,128.5,0,0,0,0,0,0,0,0,1,359
1,0.11833,0.11833,0.11833,0.11833,0.11833,0.11833,0,0.11833,0.064745,0.064745,0.064745,0.064745,0.064745,0.064745,0,0.064745,-0.099044,-0.099044,-0.099044,-0.099044,-0.099044,-0.099044,0,-0.099044,1,1,1,1,1,1,0,1,512,512,512,512,512,512,0,512,128.5,128.5,128.5,128.5,128.5,128.5,0,128.5,0,0,0,0,0,0,0,0,1,360
1,0.11499,0.11499,0.11499,0.11499,0.11499,0.11499,0,0.11499,0.040485,0.040485,0.040485,0.040485,0.040485,0.040485,0,0.040485,-0.10763,-0.10763,-0.10763,-0.10763,-0.10763,-0.10763,0,-0.10763,1,1,1,1,1,1,0,1,512,512,512,512,512,512,0,512,128.5,128.5,128.5,128.5,128.5,128.5,0,128.5,0,0,0,0,0,0,0,0,1,361
1,0.089857,0.089857,0.089857,0.089857,0.089857,0.089857,0,0.089857,0.066444,0.066444,0.066444,0.066444,0.066444,0.066444,0,0.066444,0.060489,0.060489,0.060489,0.060489,0.060489,0.060489,0,0.060489,1,1,1,1,1,1,0,1,512,512,512,512,512,512,0,512,128.5,128.5,128.5,128.5,128.5,128.5,0,128.5,0,0,0,0,0,0,0,0,1,362
1,0.12245,0.12245,0.12245,0.12245,0.12245,0.12245,0,0.12245,0.061404,0.061404,0.061404,0.061404,0.061404,0.061404,0,0.061404,0.10594,0.10594,0.10594,0.10594,0.10594,0.10594,0,0.10594,1,1,1,1,1,1,0,1,512,512,512,512,512,512,0,512,128.5,128.5,128.5,128.5,128.5,128.5,0,128.5,0,0,0,0,0,0,0,0,1,363
1,0.11919,0.11919,0.11919,0.11919,0.11919,0.11919,0,0.11919,0.04534,0.04534,0.04534,0.04534,0.04534,0.04534,0,0.04534,0.11022,0.11022,0.11022,0.11022,0.11022,0.11022,0,0.11022,1,1,1,1,1,1,0,1,512,512,512,512,512,512,0,512,128.5,128.5,128.5,128.5,128.5,128.5,0,128.5,0,0,0,0,0,0,0,0,1,364
1,0.086569,0.086569,0.086569,0.086569,0.086569,0.086569,0,0.086569,0.072995,0.072995,0.072995,0.072995,0.072995,0.072995,0,0.072995,-0.046537,-0.046537,-0.046537,-0.046537,-0.046537,-0.046537,0,-0.046537,1,1,1,1,1,1,0,1,512,512,512,512,512,512,0,512,128.5,128.5,128.5,128.5,128.5,128.5,0,128.5,0,0,0,0,0,0,0,0,1,365
1,0.12687,0.12687,0.12687,0.12687,0.12687,0.12687,0,0.12687,0.070015,0.070015,0.070015,0.070015,0.070015,0.070015,0,0.070015,-0.1058,-0.1058,-0.1058,-0.1058,-0.1058,-0.1058,0,-0.1058,1,1,1,1,1,1,0,1,512,512,512,512,512,512,0,512,128.5,128.5,128.5,128.5,128.5,128.5,0,128.5,0,0,0,0,0,0,0,0,1,366
1,0.11753,0.11753,0.11753,0.11753,0.11753,0.11753,0,0.11753,0.051566,0.051566,0.051566,0.051566,0.051566,0.051566,0,0.051566,-0.10562,-0.10562,-0.10562,-0.10562,-0.10562,-0.10562,0,-0.10562,1,1,1,1,1,1,0,1,512,512,512,512,512,512,0,512,128.5,128.5,128.5,128.5,128.5,128.5,0,128.5,0,0,0,0,0,0,0,0,1,367
1,0.072758,0.072758,0.072758,0.072758,0.072758,0.072758,0,0.072758,0.067665,0.067665,0.067665,0.067665,0.067665,0.067665,0,0.067665,0.026743,0.026743,0.026743,0.026743,0.026743,0.026743,0,0.026743,1,1,1,1,1,1,0,1,512,512,512,512,512,512,0,512,128.5,128.5,128.5,128.5,128.5,128.5,0,128.5,0,0,0,0,0,0,0,0,1,368
1,0.12864,0.12864,0.12864,0.12864,0.12864,0.12864,0,0.12864,0.070291,0.070291,0.070291,0.070291,0.070291,0.070291,0,0.070291,0.10774,0.10774,0.10774,0.10774,0.10774,0.10774,0,0.10774,1,1,1,1,1,1,0,1,512,512,512,512,512,512,0,512,128.5,128.5,128.5,128.5,128.5,128.5,0,128.5,0,0,0,0,0,0,0,0,1,369
1,0.11429,0.11429,0.11429,0.11429,0.11429,0.11429,0,0.11429,0.053727,0.053727,0.053727,0.053727,0.053727,0.053727,0,0.053727,0.10088,0.10088,0.10088,0.10088,0.10088,0.10088,0,0.10088,1,1,1,1,1,1,0,1,512,512,512,512,512,512,0,512,128.5,128.5,128.5,128.5,128.5,128.5,0,128.5,0,0,0,0,0,0,0,0,1,370
1,0.060463,0.060463,0.060463,0.060463,0.060463,0.060463,0,0.060463,0.06017,0.06017,0.06017,0.06017,0.06017,0.06017,0,0.06017,-0.0059318,-0.0059318,-0.0059318,-0.0059318,-0.0059318,-0.0059318,0,-0.0059318,1,1,1,1,1,1,0,1,512,512,512,512,512,512,0,512,128.5,128.5,128.5,128.5,128.5,128.5,0,128.5,0,0,0,0,0,0,0,0,1,371
1,0.12837,0.12837,0.12837,0.12837,0.12837,0.12837,0,0.12837,0.071489,0.071489,0.071489,0.071489,0.071489,0.071489,0,0.071489,-0.10662,-0.10662,-0.10662,-0.10662,-0.10662,-0.10662,0,-0.10662,1,1,1,1,1,1,0,1,512,512,512,512,512,512,0,512,128.5,128.5,128.5,128.5,128.5,128.5,0,128.5,0,0,0,0,0,0,0,0,1,372
1,0.11421,0.11421,0.11421,0.11421,0.11421,0.11421,0,0.11421,0.059038,0.059038,0.059038,0.059038,0.059038,0.059038,0,0.059038,-0.097766,-0.097766,-0.097766,-0.097766,-0.097766,-0.097766,0,-0.097766,1,1,1,1,1,1,0,1,512,512,512,512,512,512,0,512,128.5,128.5,128.5,128.5,128.5,128.5,0,128.5,0,0,0,0,0,0,0,0,1,373
1,0.062298,0.062298,0.062298,0.062298,0.062298,0.062298,0,0.062298,0.061285,0.061285,0.061285,0.061285,0.061285,0.061285,0,0.061285,-0.011162,-0.011162,-0.011162,-0.011162,-0.011162,-0.011162,0,-0.011162,1,1,1,1,1,1,0,1,512,512,512,512,512,512,0,512,128.5,128.5,128.5,128.5,128.5,128.5,0,128.5,0,0,0,0,0,0,0,0,1,374
1,0.13034,0.13034,0.13034,0.13034,0.13034,0.13034,0,0.13034,0.077863,0.077863,0.077863,0.077863,0.077863,0.077863,0,0.077863,0.10453,0.10453,0.10453,0.10453,0.10453,0.10453,0,0.10453,1,1,1,1,1,1,0,1,512,512,512,512,512,512,0,512,128.5,128.5,128.5,128.5,128.5,128.5,0,128.5,0,0,0,0,0,0,0,0,1,375
1,0.11287,0.11287,0.11287,0.11287,0.11287,0.11287,0,0.11287,0.060519,0.060519,0.060519,0.060519,0.060519,0.060519,0,0.060519,0.095273,0.095273,0.095273,0.095273,0.095273,0.095273,0,0.095273,1,1,1,1,1,1,0,1,512,512,512,512,512,512,0,512,128.5,128.5,128.5,128.5,128.5,128.5,0,128.5,0,0,0,0,0,0,0,0,1,376
1,0.059673,0.059673,0.059673,0.059673,0.059673,0.059673,0,0.059673,0.046635,0.046635,0.046635,0.046635,0.046635,0.046635,0,0.046635,0.037208,0.037208,0.037208,0.037208,0.037208,0.037208,0,0.037208,1,1,1,1,1,1,0,1,512,512,512,512,512,512,0,512,128.5,128.5,128.5,128.5,128.5,128.5,0,128.5,0,0,0,0,0,0,0,0,1,377
1,0.12259,0.12259,0.12259,0.12259,0.12259,0.12259,0,0.12259,0.07004,0.07004,0.07004,0.07004,0.07004,0.07004,0,0.07004,-0.1006,-0.1006,-0.1006,-0.1006,-0.1006,-0.1006,0,-0.1006,1,1,1,1,1,1,0,1,512,512,512,512,512,512,0,512,128.5,128.5,128.5,128.5,128.5,128.5,0,128.5,0,0,0,0,0,0,0,0,1,378
1,0.11573,0.11573,0.11573,0.11573,0.11573,0.11573,0,0.11573,0.062168,0.062168,0.062168,0.062168,0.062168,0.062168,0,0.062168,-0.09762,-0.09762,-0.09762,-0.09762,-0.09762,-0.09762,0,-0.09762,1,1,1,1,1,1,0,1,512,512,512,512,512,512,0,512,128.5,128.5,128.5,128.5,128.5,128.5,0,128.5,0,0,0,0,0,0,0,0,1,379
1,0.072166,0.072166,0.072166,0.072166,0.072166,0.072166,0,0.072166,0.057551,0.057551,0.057551,0.057551,0.057551,0.057551,0,0.057551,-0.043523,-0.043523,-0.043523,-0.043523,-0.043523,-0.043523,0,-0.043523,1,1,1,1,1,1,0,1,512,512,512,512,512,512,0,512,128.5,128.5,128.5,128.5,128.5,128.5,0,128.5,0,0,0,0,0,0,0,0,1,380
1,0.13209,0.13209,0.13209,0.13209,0.13209,0.13209,0,0.13209,0.085484,0.085484,0.085484,0.085484,0.085484,0.085484,0,0.085484,0.10069,0.10069,0.10069,0.10069,0.10069,0.10069,0,0.10069,1,1,1,1,1,1,0,1,512,512,512,512,512,512,0,512,128.5,128.5,128.5,128.5,128.5,128.5,0,128.5,0,0,0,0,0,0,0,0,1,381
1,0.11631,0.11631,0.11631,0.11631,0.11631,0.11631,0,0.11631,0.066273,0.066273,0.066273,0.066273,0.066273,0.066273,0,0.066273,0.095582,0.095582,0.095582,0.095582,0.095582,0.095582,0,0.095582,1,1,1,1,1,1,0,1,512,512,512,512,512,512,0,512,128.5,128.5,128.5,128.5,128.5,128.5,0,128.5,0,0,0,0,0,0,0,0,1,382
1,0.071349,0.071349,0.071349,0.071349,0.071349,0.071349,0,0.071349,0.047179,0.047179,0.047179,0.047179,0.047179,0.047179,0,0.047179,0.053508,0.053508,0.053508,0.053508,0.053508,0.053508,0,0.053508,1,1,1,1,1,1,0,1,512,512,512,512,512,512,0,512,128.5,128.5,128.5,128.5,128.5,128.5,0,128.5,0,0,0,0,0,0,0,0,1,383
1,0.12228,0.12228,0.12228,0.12228,0.12228,0.12228,0,0.12228,0.072636,0.072636,0.072636,0.072636,0.072636,0.072636,0,0.072636,-0.09837,-0.09837,-0.09837,-0.09837,-0.09837,-0.09837,0,-0.09837,1,1,1,1,1,1,0,1,512,512,512,512,512,512,0,512,128.5,128.5,128.5,128.5,128.5,128.5,0,128.5,0,0,0,0,0,0,0,0,1,384
1,0.11508,0.11508,0.11508,0.11508,0.11508,0.11508,0,0.11508,0.062161,0.062161,0.062161,0.062161,0.062161,0.062161,0,0.062161,-0.096842,-0.096842,-0.096842,-0.096842,-0.096842,-0.096842,0,-0.096842,1,1,1,1,1,1,0,1,512,512,512,512,512,512,0,512,128.5,128.5,128.5,128.5,128.5,128.5,0,128.5,0,0,0,0,0,0,0,0,1,385
1,0.080554,0.080554,0.080554,0.080554,0.080554,0.080554,0,0.080554,0.045984,0.045984,0.045984,0.045984,0.045984,0.045984,0,0.045984,-0.066125,-0.066125,-0.066125,-0.066125,-0.066125,-0.066125,0,-0.066125,1,1,1,1,1,1,0,1,512,512,512,512,512,512,0,512,128.5,128.5,128.5,128.5,128.5,128.5,0,128.5,0,0,0,0,0,0,0,0,1,386
1,0.11824,0.11824,0.11824,0.11824,0.11824,0.11824,0,0.11824,0.07409,0.07409,0.07409,0.07409,0.07409,0.07409,0,0.07409,0.092148,0.092148,0.092148,0.092148,0.092148,0.092148,0,0.092148,1,1,1,1,1,1,0,1,512,512,512,512,512,512,0,512,128.5,128.5,128.5,128.5,128.5,128.5,0,128.5,0,0,0,0,0,0,0,0,1,387
1,0.11707,0.11707,0.11707,0.11707,0.11707,0.11707,0,0.11707,0.062048,0.062048,0.062048,0.062048,0.062048,0.062048,0,0.062048,0.09928,0.09928,0.09928,0.09928,0.09928,0.09928,0,0.09928,1,1,1,1,1,1,0,1,512,512,512,512,512,512,0,512,128.5,128.5,128.5,128.5,128.5,128.5,0,128.5,0,0,0,0,0,0,0,0,1,388
1,0.094166,0.094166,0.094166,0.094166,0.094166,0.094166,0,0.094166,0.042606,0.042606,0.042606,0.042606,0.042606,0.042606,0,0.042606,0.083967,0.083967,0.083967,0.083967,0.083967,0.083967,0,0.083967,1,1,1,1,1,1,0,1,512,512,512,512,512,512,0,512,128.5,128.5,128.5,128.5,128.5,128.5,0,128.5,0,0,0,0,0,0,0,0,1,389
1,0.11486,0.11486,0.11486,0.11486,0.11486,0.11486,0,0.11486,0.076329,0.076329,0.076329,0.076329,0.076329,0.076329,0,0.076329,-0.085825,-0.085825,-0.085825,-0.085825,-0.085825,-0.085825,0,-0.085825,1,1,1,1,1,1,0,1,512,512,512,512,512,512,0,512,128.5,128.5,128.5,128.5,128.5,128.5,0,128.5,0,0,0,0,0,0,0,0,1,390
1,0.1193,0.1193,0.1193,0.1193,0.1193,0.1193,0,0.1193,0.065285,0.065285,0.065285,0.065285,0.065285,0.065285,0,0.065285,-0.099857,-0.099857,-0.099857,-0.099857,-0.099857,-0.099857,0,-0.099857,1,1,1,1,1,1,0,1,512,512,512,512,512,512,0,512,128.5,128.5,128.5,128.5,128.5,128.5,0,128.5,0,0,0,0,0,0,0,0,1,391
1,0.10031,0.10031,0.10031,0.10031,0.10031,0.10031,0,0.10031,0.046723,0.046723,0.046723,0.046723,0.046723,0.046723,0,0.046723,-0.088756,-0.088756,-0.088756,-0.088756,-0.088756,-0.088756,0,-0.088756,1,1,1,1,1,1,0,1,512,512,512,512,512,512,0,512,128.5,128.5,128.5,128.5,128.5,128.5,0,128.5,0,0,0,0,0,0,0,0,1,392
1,0.11494,0.11494,0.11494,0.11494,0.11494,0.11494,0,0.11494,0.079843,0.079843,0.079843,0.079843,0.079843,0.079843,0,0.079843,0.082682,0.082682,0.082682,0.082682,0.082682,0.082682,0,0.082682,1,1,1,1,1,1,0,1,512,512,512,512,512,512,0,512,128.5,128.5,128.5,128.5,128.5,128.5,0,128.5,0,0,0,0,0,0,0,0,1,393
1,0.11869,0.11869,0.11869,0.11869,0.11869,0.11869,0,0.11869,0.066036,0.066036,0.066036,0.066036,0.066036,0.066036,0,0.066036,0.098624,0.098624,0.098624,0.098624,0.098624,0.098624,0,0.098624,1,1,1,1,1,1,0,1,512,512,512,512,512,512,0,512,128.5,128.5,128.5,128.5,128.5,128.5,0,128.5,0,0,0,0,0,0,0,0,1,394
1,0.10768,0.10768,0.10768,0.10768,0.10768,0.10768,0,0.10768,0.042654,0.042654,0.042654,0.042654,0.042654,0.042654,0,0.042654,0.098871,0.098871,0.098871,0.098871,0.098871,0.098871,0,0.098871,1,1,1,1,1,1,0,1,512,512,512,512,512,512,0,512,128.5,128.5,128.5,128.5,128.5,128.5,0,128.5,0,0,0,0,0,0,0,0,1,395
1,0.10371,0.10371,0.10371,0.10371,0.10371,0.10371,0,0.10371,0.073501,0.073501,0.073501,0.073501,0.073501,0.073501,0,0.073501,-0.073166,-0.073166,-0.073166,-0.073166,-0.073166,-0.073166,0,-0.073166,1,1,1,1,1,1,0,1,512,512,512,512,512,512,0,512,128.5,128.5,128.5,128.5,128.5,128.5,0,128.5,0,0,0,0,0,0,0,0,1,396
1,0.11869,0.11869,0.11869,0.11869,0.11869,0.11869,0,0.11869,0.063922,0.063922,0.063922,0.063922,0.063922,0.063922,0,0.063922,-0.10001,-0.10001,-0.10001,-0.10001,-0.10001,-0.10001,0,-0.10001,1,1,1,1,1,1,0,1,512,512,512,512,512,512,0,512,128.5,128.5,128.5,128.5,128.5,128.5,0,128.5,0,0,0,0,0,0,0,0,1,397
1,0.11616,0.11616,0.11616,0.11616,0.11616,0.11616,0,0.11616,0.04272,0.04272,0.04272,0.04272,0.04272,0.04272,0,0.04272,-0.10802,-0.10802,-0.10802,-0.10802,-0.10802,-0.10802,0,-0.10802,1,1,1,1,1,1,0,1,512,512,512,512,512,512,0,512,128.5,128.5,128.5,128.5,128.5,128.5,0,128.5,0,0,0,0,0,0,0,0,1,398
1,0.090324,0.090324,0.090324,0.090324,0.090324,0.090324,0,0.090324,0.069487,0.069487,0.069487,0.069487,0.069487,0.069487,0,0.069487,0.057702,0.057702,0.057702,0.057702,0.057702,0.057702,0,0.057702,1,1,1,1,1,1,0,1,512,512,512,512,512,512,0,512,128.5,128.5,128.5,128.5,128.5,128.5,0,128.5,0,0,0,0,0,0,0,0,1,399
