"N","min(velocity_magnitude)","q1(velocity_magnitude)","med(velocity_magnitude)","q3(velocity_magnitude)","max(velocity_magnitude)","avg(velocity_magnitude)","std(velocity_magnitude)","sum(velocity_magnitude)","min(velocity_x)","q1(velocity_x)","med(velocity_x)","q3(velocity_x)","max(velocity_x)","avg(velocity_x)","std(velocity_x)","sum(velocity_x)","min(velocity_y)","q1(velocity_y)","med(velocity_y)","q3(velocity_y)","max(velocity_y)","avg(velocity_y)","std(velocity_y)","sum(velocity_y)","min(vtkValidPointMask)","q1(vtkValidPointMask)","med(vtkValidPointMask)","q3(vtkValidPointMask)","max(vtkValidPointMask)","avg(vtkValidPointMask)","std(vtkValidPointMask)","sum(vtkValidPointMask)","min(X)","q1(X)","med(X)","q3(X)","max(X)","avg(X)","std(X)","sum(X)","min(Y)","q1(Y)","med(Y)","q3(Y)","max(Y)","avg(Y)","std(Y)","sum(Y)","min(Z)","q1(Z)","med(Z)","q3(Z)","max(Z)","avg(Z)","std(Z)","sum(Z)","vtkValidPointMask","Time"
1,0,0,0,0,0,0,0,0,0,0,0,0,0,0,0,0,0,0,0,0,0,0,0,0,1,1,1,1,1,1,0,1,512,512,512,512,512,512,0,512,128.5,128.5,128.5,128.5,128.5,128.5,0,128.5,0,0,0,0,0,0,0,0,1,0
1,4.7294e-16,4.7294e-16,4.7294e-16,4.7294e-16,4.7294e-16,4.7294e-16,0,4.7294e-16,-3.5909e-16,-3.5909e-16,-3.5909e-16,-3.5909e-16,-3.5909e-16,-3.5909e-16,0,-3.5909e-16,-6.245e-17,-6.245e-17,-6.245e-17,-6.245e-17,-6.245e-17,-6.245e-17,0,-6.245e-17,1,1,1,1,1,1,0,1,512,512,512,512,512,512,0,512,128.5,128.5,128.5,128.5,128.5,128.5,0,128.5,0,0,0,0,0,0,0,0,1,1
1,0.014012,0.014012,0.014012,0.014012,0.014012,0.014012,0,0.014012,0.014011,0.014011,0.014011,0.014011,0.014011,0.014011,0,0.014011,-3.5953e-05,-3.5953e-05,-3.5953e-05,-3.5953e-05,-3.5953e-05,-3.5953e-05,0,-3.5953e-05,1,1,1,1,1,1,0,1,512,512,512,512,512,512,0,512,128.5,128.5,128.5,128.5,128.5,128.5,0,128.5,0,0,0,0,0,0,0,0,1,2
1,0.031073,0.031073,0.031073,0.031073,0.031073,0.031073,0,0.031073,0.031073,0.031073,0.031073,0.031073,0.031073,0.031073,0,0.031073,-2.271e-05,-2.271e-05,-2.271e-05,-2.271e-05,-2.271e-05,-2.271e-05,0,-2.271e-05,1,1,1,1,1,1,0,1,512,512,512,512,512,512,0,512,128.5,128.5,128.5,128.5,128.5,128.5,0,128.5,0,0,0,0,0,0,0,0,1,3
1,0.037104,0.037104,0.037104,0.037104,0.037104,0.037104,0,0.037104,0.037104,0.037104,0.037104,0.037104,0.037104,0.037104,0,0.037104,-2.9919e-05,-2.9919e-05,-2.9919e-05,-2.9919e-05,-2.9919e-05,-2.9919e-05,0,-2.9919e-05,1,1,1,1,1,1,0,1,512,512,512,512,512,512,0,512,128.5,128.5,128.5,128.5,128.5,128.5,0,128.5,0,0,0,0,0,0,0,0,1,4
1,0.044853,0.044853,0.044853,0.044853,0.044853,0.044853,0,0.044853,0.044853,0.044853,0.044853,0.044853,0.044853,0.044853,0,0.044853,-4.7946e-05,-4.7946e-05,-4.7946e-05,-4.7946e-05,-4.7946e-05,-4.7946e-05,0,-4.7946e-05,1,1,1,1,1,1,0,1,512,512,512,512,512,512,0,512,128.5,128.5,128.5,128.5,128.5,128.5,0,128.5,0,0,0,0,0,0,0,0,1,5
1,0.049559,0.049559,0.049559,0.049559,0.049559,0.049559,0,0.049559,0.049559,0.049559,0.049559,0.049559,0.049559,0.049559,0,0.049559,-7.4568e-05,-7.4568e-05,-7.4568e-05,-7.4568e-05,-7.4568e-05,-7.4568e-05,0,-7.4568e-05,1,1,1,1,1,1,0,1,512,512,512,512,512,512,0,512,128.5,128.5,128.5,128.5,128.5,128.5,0,128.5,0,0,0,0,0,0,0,0,1,6
1,0.051683,0.051683,0.051683,0.051683,0.051683,0.051683,0,0.051683,0.051683,0.051683,0.051683,0.051683,0.051683,0.051683,0,0.051683,-0.00010511,-0.00010511,-0.00010511,-0.00010511,-0.00010511,-0.00010511,0,-0.00010511,1,1,1,1,1,1,0,1,512,512,512,512,512,512,0,512,128.5,128.5,128.5,128.5,128.5,128.5,0,128.5,0,0,0,0,0,0,0,0,1,7
1,0.051841,0.051841,0.051841,0.051841,0.051841,0.051841,0,0.051841,0.051841,0.051841,0.051841,0.051841,0.051841,0.051841,0,0.051841,-0.00017805,-0.00017805,-0.00017805,-0.00017805,-0.00017805,-0.00017805,0,-0.00017805,1,1,1,1,1,1,0,1,512,512,512,512,512,512,0,512,128.5,128.5,128.5,128.5,128.5,128.5,0,128.5,0,0,0,0,0,0,0,0,1,8
1,0.048456,0.048456,0.048456,0.048456,0.048456,0.048456,0,0.048456,0.048455,0.048455,0.048455,0.048455,0.048455,0.048455,0,0.048455,-0.00029406,-0.00029406,-0.00029406,-0.00029406,-0.00029406,-0.00029406,0,-0.00029406,1,1,1,1,1,1,0,1,512,512,512,512,512,512,0,512,128.5,128.5,128.5,128.5,128.5,128.5,0,128.5,0,0,0,0,0,0,0,0,1,9
1,0.041939,0.041939,0.041939,0.041939,0.041939,0.041939,0,0.041939,0.041935,0.041935,0.041935,0.041935,0.041935,0.041935,0,0.041935,-0.00045381,-0.00045381,-0.00045381,-0.00045381,-0.00045381,-0.00045381,0,-0.00045381,1,1,1,1,1,1,0,1,512,512,512,512,512,512,0,512,128.5,128.5,128.5,128.5,128.5,128.5,0,128.5,0,0,0,0,0,0,0,0,1,10
1,0.030729,0.030729,0.030729,0.030729,0.030729,0.030729,0,0.030729,0.030716,0.030716,0.030716,0.030716,0.030716,0.030716,0,0.030716,-0.00076069,-0.00076069,-0.00076069,-0.00076069,-0.00076069,-0.00076069,0,-0.00076069,1,1,1,1,1,1,0,1,512,512,512,512,512,512,0,512,128.5,128.5,128.5,128.5,128.5,128.5,0,128.5,0,0,0,0,0,0,0,0,1,11
1,0.012979,0.012979,0.012979,0.012979,0.012979,0.012979,0,0.012979,0.01291,0.01291,0.01291,0.01291,0.01291,0.01291,0,0.01291,-0.0011683,-0.0011683,-0.0011683,-0.0011683,-0.0011683,-0.0011683,0,-0.0011683,1,1,1,1,1,1,0,1,512,512,512,512,512,512,0,512,128.5,128.5,128.5,128.5,128.5,128.5,0,128.5,0,0,0,0,0,0,0,0,1,12
1,0.0083141,0.0083141,0.0083141,0.0083141,0.0083141,0.0083141,0,0.0083141,-0.0081767,-0.0081767,-0.0081767,-0.0081767,-0.0081767,-0.0081767,0,-0.0081767,-0.001319,-0.001319,-0.001319,-0.001319,-0.001319,-0.001319,0,-0.001319,1,1,1,1,1,1,0,1,512,512,512,512,512,512,0,512,128.5,128.5,128.5,128.5,128.5,128.5,0,128.5,0,0,0,0,0,0,0,0,1,13
1,0.027035,0.027035,0.027035,0.027035,0.027035,0.027035,0,0.027035,-0.02701,-0.02701,-0.02701,-0.02701,-0.02701,-0.02701,0,-0.02701,-0.00097134,-0.00097134,-0.00097134,-0.00097134,-0.00097134,-0.00097134,0,-0.00097134,1,1,1,1,1,1,0,1,512,512,512,512,512,512,0,512,128.5,128.5,128.5,128.5,128.5,128.5,0,128.5,0,0,0,0,0,0,0,0,1,14
1,0.041793,0.041793,0.041793,0.041793,0.041793,0.041793,0,0.041793,-0.04179,-0.04179,-0.04179,-0.04179,-0.04179,-0.04179,0,-0.04179,-0.00021831,-0.00021831,-0.00021831,-0.00021831,-0.00021831,-0.00021831,0,-0.00021831,1,1,1,1,1,1,0,1,512,512,512,512,512,512,0,512,128.5,128.5,128.5,128.5,128.5,128.5,0,128.5,0,0,0,0,0,0,0,0,1,15
1,0.052071,0.052071,0.052071,0.052071,0.052071,0.052071,0,0.052071,-0.052067,-0.052067,-0.052067,-0.052067,-0.052067,-0.052067,0,-0.052067,0.0005272,0.0005272,0.0005272,0.0005272,0.0005272,0.0005272,0,0.0005272,1,1,1,1,1,1,0,1,512,512,512,512,512,512,0,512,128.5,128.5,128.5,128.5,128.5,128.5,0,128.5,0,0,0,0,0,0,0,0,1,16
1,0.058658,0.058658,0.058658,0.058658,0.058658,0.058658,0,0.058658,-0.058651,-0.058651,-0.058651,-0.058651,-0.058651,-0.058651,0,-0.058651,0.00082861,0.00082861,0.00082861,0.00082861,0.00082861,0.00082861,0,0.00082861,1,1,1,1,1,1,0,1,512,512,512,512,512,512,0,512,128.5,128.5,128.5,128.5,128.5,128.5,0,128.5,0,0,0,0,0,0,0,0,1,17
1,0.062593,0.062593,0.062593,0.062593,0.062593,0.062593,0,0.062593,-0.062591,-0.062591,-0.062591,-0.062591,-0.062591,-0.062591,0,-0.062591,0.00046316,0.00046316,0.00046316,0.00046316,0.00046316,0.00046316,0,0.00046316,1,1,1,1,1,1,0,1,512,512,512,512,512,512,0,512,128.5,128.5,128.5,128.5,128.5,128.5,0,128.5,0,0,0,0,0,0,0,0,1,18
1,0.064774,0.064774,0.064774,0.064774,0.064774,0.064774,0,0.064774,-0.064772,-0.064772,-0.064772,-0.064772,-0.064772,-0.064772,0,-0.064772,-0.00049907,-0.00049907,-0.00049907,-0.00049907,-0.00049907,-0.00049907,0,-0.00049907,1,1,1,1,1,1,0,1,512,512,512,512,512,512,0,512,128.5,128.5,128.5,128.5,128.5,128.5,0,128.5,0,0,0,0,0,0,0,0,1,19
1,0.065838,0.065838,0.065838,0.065838,0.065838,0.065838,0,0.065838,-0.065816,-0.065816,-0.065816,-0.065816,-0.065816,-0.065816,0,-0.065816,-0.0016805,-0.0016805,-0.0016805,-0.0016805,-0.0016805,-0.0016805,0,-0.0016805,1,1,1,1,1,1,0,1,512,512,512,512,512,512,0,512,128.5,128.5,128.5,128.5,128.5,128.5,0,128.5,0,0,0,0,0,0,0,0,1,20
1,0.06612,0.06612,0.06612,0.06612,0.06612,0.06612,0,0.06612,-0.066074,-0.066074,-0.066074,-0.066074,-0.066074,-0.066074,0,-0.066074,-0.0024671,-0.0024671,-0.0024671,-0.0024671,-0.0024671,-0.0024671,0,-0.0024671,1,1,1,1,1,1,0,1,512,512,512,512,512,512,0,512,128.5,128.5,128.5,128.5,128.5,128.5,0,128.5,0,0,0,0,0,0,0,0,1,21
1,0.065762,0.065762,0.065762,0.065762,0.065762,0.065762,0,0.065762,-0.065725,-0.065725,-0.065725,-0.065725,-0.065725,-0.065725,0,-0.065725,-0.0022193,-0.0022193,-0.0022193,-0.0022193,-0.0022193,-0.0022193,0,-0.0022193,1,1,1,1,1,1,0,1,512,512,512,512,512,512,0,512,128.5,128.5,128.5,128.5,128.5,128.5,0,128.5,0,0,0,0,0,0,0,0,1,22
1,0.06495,0.06495,0.06495,0.06495,0.06495,0.06495,0,0.06495,-0.064947,-0.064947,-0.064947,-0.064947,-0.064947,-0.064947,0,-0.064947,-0.00061425,-0.00061425,-0.00061425,-0.00061425,-0.00061425,-0.00061425,0,-0.00061425,1,1,1,1,1,1,0,1,512,512,512,512,512,512,0,512,128.5,128.5,128.5,128.5,128.5,128.5,0,128.5,0,0,0,0,0,0,0,0,1,23
1,0.064026,0.064026,0.064026,0.064026,0.064026,0.064026,0,0.064026,-0.063995,-0.063995,-0.063995,-0.063995,-0.063995,-0.063995,0,-0.063995,0.0020199,0.0020199,0.0020199,0.0020199,0.0020199,0.0020199,0,0.0020199,1,1,1,1,1,1,0,1,512,512,512,512,512,512,0,512,128.5,128.5,128.5,128.5,128.5,128.5,0,128.5,0,0,0,0,0,0,0,0,1,24
1,0.063166,0.063166,0.063166,0.063166,0.063166,0.063166,0,0.063166,-0.063,-0.063,-0.063,-0.063,-0.063,-0.063,0,-0.063,0.0045833,0.0045833,0.0045833,0.0045833,0.0045833,0.0045833,0,0.0045833,1,1,1,1,1,1,0,1,512,512,512,512,512,512,0,512,128.5,128.5,128.5,128.5,128.5,128.5,0,128.5,0,0,0,0,0,0,0,0,1,25
1,0.06198,0.06198,0.06198,0.06198,0.06198,0.06198,0,0.06198,-0.061739,-0.061739,-0.061739,-0.061739,-0.061739,-0.061739,0,-0.061739,0.0054646,0.0054646,0.0054646,0.0054646,0.0054646,0.0054646,0,0.0054646,1,1,1,1,1,1,0,1,512,512,512,512,512,512,0,512,128.5,128.5,128.5,128.5,128.5,128.5,0,128.5,0,0,0,0,0,0,0,0,1,26
1,0.060012,0.060012,0.060012,0.060012,0.060012,0.060012,0,0.060012,-0.059921,-0.059921,-0.059921,-0.059921,-0.059921,-0.059921,0,-0.059921,0.0032949,0.0032949,0.0032949,0.0032949,0.0032949,0.0032949,0,0.0032949,1,1,1,1,1,1,0,1,512,512,512,512,512,512,0,512,128.5,128.5,128.5,128.5,128.5,128.5,0,128.5,0,0,0,0,0,0,0,0,1,27
1,0.057859,0.057859,0.057859,0.057859,0.057859,0.057859,0,0.057859,-0.057823,-0.057823,-0.057823,-0.057823,-0.057823,-0.057823,0,-0.057823,-0.002042,-0.002042,-0.002042,-0.002042,-0.002042,-0.002042,0,-0.002042,1,1,1,1,1,1,0,1,512,512,512,512,512,512,0,512,128.5,128.5,128.5,128.5,128.5,128.5,0,128.5,0,0,0,0,0,0,0,0,1,28
1,0.056823,0.056823,0.056823,0.056823,0.056823,0.056823,0,0.056823,-0.056133,-0.056133,-0.056133,-0.056133,-0.056133,-0.056133,0,-0.056133,-0.0088308,-0.0088308,-0.0088308,-0.0088308,-0.0088308,-0.0088308,0,-0.0088308,1,1,1,1,1,1,0,1,512,512,512,512,512,512,0,512,128.5,128.5,128.5,128.5,128.5,128.5,0,128.5,0,0,0,0,0,0,0,0,1,29
1,0.056344,0.056344,0.056344,0.056344,0.056344,0.056344,0,0.056344,-0.054668,-0.054668,-0.054668,-0.054668,-0.054668,-0.054668,0,-0.054668,-0.013639,-0.013639,-0.013639,-0.013639,-0.013639,-0.013639,0,-0.013639,1,1,1,1,1,1,0,1,512,512,512,512,512,512,0,512,128.5,128.5,128.5,128.5,128.5,128.5,0,128.5,0,0,0,0,0,0,0,0,1,30
1,0.053354,0.053354,0.053354,0.053354,0.053354,0.053354,0,0.053354,-0.051897,-0.051897,-0.051897,-0.051897,-0.051897,-0.051897,0,-0.051897,-0.012383,-0.012383,-0.012383,-0.012383,-0.012383,-0.012383,0,-0.012383,1,1,1,1,1,1,0,1,512,512,512,512,512,512,0,512,128.5,128.5,128.5,128.5,128.5,128.5,0,128.5,0,0,0,0,0,0,0,0,1,31
1,0.047344,0.047344,0.047344,0.047344,0.047344,0.047344,0,0.047344,-0.047245,-0.047245,-0.047245,-0.047245,-0.047245,-0.047245,0,-0.047245,-0.0030684,-0.0030684,-0.0030684,-0.0030684,-0.0030684,-0.0030684,0,-0.0030684,1,1,1,1,1,1,0,1,512,512,512,512,512,512,0,512,128.5,128.5,128.5,128.5,128.5,128.5,0,128.5,0,0,0,0,0,0,0,0,1,32
1,0.044918,0.044918,0.044918,0.044918,0.044918,0.044918,0,0.044918,-0.043221,-0.043221,-0.043221,-0.043221,-0.043221,-0.043221,0,-0.043221,0.012229,0.012229,0.012229,0.012229,0.012229,0.012229,0,0.012229,1,1,1,1,1,1,0,1,512,512,512,512,512,512,0,512,128.5,128.5,128.5,128.5,128.5,128.5,0,128.5,0,0,0,0,0,0,0,0,1,33
1,0.050933,0.050933,0.050933,0.050933,0.050933,0.050933,0,0.050933,-0.042564,-0.042564,-0.042564,-0.042564,-0.042564,-0.042564,0,-0.042564,0.02797,0.02797,0.02797,0.02797,0.02797,0.02797,0,0.02797,1,1,1,1,1,1,0,1,512,512,512,512,512,512,0,512,128.5,128.5,128.5,128.5,128.5,128.5,0,128.5,0,0,0,0,0,0,0,0,1,34
1,0.054175,0.054175,0.054175,0.054175,0.054175,0.054175,0,0.054175,-0.042181,-0.042181,-0.042181,-0.042181,-0.042181,-0.042181,0,-0.042181,0.033996,0.033996,0.033996,0.033996,0.033996,0.033996,0,0.033996,1,1,1,1,1,1,0,1,512,512,512,512,512,512,0,512,128.5,128.5,128.5,128.5,128.5,128.5,0,128.5,0,0,0,0,0,0,0,0,1,35
1,0.039781,0.039781,0.039781,0.039781,0.039781,0.039781,0,0.039781,-0.034695,-0.034695,-0.034695,-0.034695,-0.034695,-0.034695,0,-0.034695,0.019462,0.019462,0.019462,0.019462,0.019462,0.019462,0,0.019462,1,1,1,1,1,1,0,1,512,512,512,512,512,512,0,512,128.5,128.5,128.5,128.5,128.5,128.5,0,128.5,0,0,0,0,0,0,0,0,1,36
1,0.025625,0.025625,0.025625,0.025625,0.025625,0.025625,0,0.025625,-0.022355,-0.022355,-0.022355,-0.022355,-0.022355,-0.022355,0,-0.022355,-0.012521,-0.012521,-0.012521,-0.012521,-0.012521,-0.012521,0,-0.012521,1,1,1,1,1,1,0,1,512,512,512,512,512,512,0,512,128.5,128.5,128.5,128.5,128.5,128.5,0,128.5,0,0,0,0,0,0,0,0,1,37
1,0.052484,0.052484,0.052484,0.052484,0.052484,0.052484,0,0.052484,-0.019464,-0.019464,-0.019464,-0.019464,-0.019464,-0.019464,0,-0.019464,-0.048738,-0.048738,-0.048738,-0.048738,-0.048738,-0.048738,0,-0.048738,1,1,1,1,1,1,0,1,512,512,512,512,512,512,0,512,128.5,128.5,128.5,128.5,128.5,128.5,0,128.5,0,0,0,0,0,0,0,0,1,38
1,0.067902,0.067902,0.067902,0.067902,0.067902,0.067902,0,0.067902,-0.019041,-0.019041,-0.019041,-0.019041,-0.019041,-0.019041,0,-0.019041,-0.065176,-0.065176,-0.065176,-0.065176,-0.065176,-0.065176,0,-0.065176,1,1,1,1,1,1,0,1,512,512,512,512,512,512,0,512,128.5,128.5,128.5,128.5,128.5,128.5,0,128.5,0,0,0,0,0,0,0,0,1,39
1,0.041028,0.041028,0.041028,0.041028,0.041028,0.041028,0,0.041028,0.0067478,0.0067478,0.0067478,0.0067478,0.0067478,0.0067478,0,0.0067478,-0.040459,-0.040459,-0.040459,-0.040459,-0.040459,-0.040459,0,-0.040459,1,1,1,1,1,1,0,1,512,512,512,512,512,512,0,512,128.5,128.5,128.5,128.5,128.5,128.5,0,128.5,0,0,0,0,0,0,0,0,1,40
1,0.019718,0.019718,0.019718,0.019718,0.019718,0.019718,0,0.019718,0.012278,0.012278,0.012278,0.012278,0.012278,0.012278,0,0.012278,0.015392,0.015392,0.015392,0.015392,0.015392,0.015392,0,0.015392,1,1,1,1,1,1,0,1,512,512,512,512,512,512,0,512,128.5,128.5,128.5,128.5,128.5,128.5,0,128.5,0,0,0,0,0,0,0,0,1,41
1,0.076114,0.076114,0.076114,0.076114,0.076114,0.076114,0,0.076114,-0.00051206,-0.00051206,-0.00051206,-0.00051206,-0.00051206,-0.00051206,0,-0.00051206,0.076113,0.076113,0.076113,0.076113,0.076113,0.076113,0,0.076113,1,1,1,1,1,1,0,1,512,512,512,512,512,512,0,512,128.5,128.5,128.5,128.5,128.5,128.5,0,128.5,0,0,0,0,0,0,0,0,1,42
1,0.077619,0.077619,0.077619,0.077619,0.077619,0.077619,0,0.077619,0.030865,0.030865,0.030865,0.030865,0.030865,0.030865,0,0.030865,0.071216,0.071216,0.071216,0.071216,0.071216,0.071216,0,0.071216,1,1,1,1,1,1,0,1,512,512,512,512,512,512,0,512,128.5,128.5,128.5,128.5,128.5,128.5,0,128.5,0,0,0,0,0,0,0,0,1,43
1,0.038776,0.038776,0.038776,0.038776,0.038776,0.038776,0,0.038776,0.029132,0.029132,0.029132,0.029132,0.029132,0.029132,0,0.029132,0.025589,0.025589,0.025589,0.025589,0.025589,0.025589,0,0.025589,1,1,1,1,1,1,0,1,512,512,512,512,512,512,0,512,128.5,128.5,128.5,128.5,128.5,128.5,0,128.5,0,0,0,0,0,0,0,0,1,44
1,0.062625,0.062625,0.062625,0.062625,0.062625,0.062625,0,0.062625,0.013435,0.013435,0.013435,0.013435,0.013435,0.013435,0,0.013435,-0.061165,-0.061165,-0.061165,-0.061165,-0.061165,-0.061165,0,-0.061165,1,1,1,1,1,1,0,1,512,512,512,512,512,512,0,512,128.5,128.5,128.5,128.5,128.5,128.5,0,128.5,0,0,0,0,0,0,0,0,1,45
1,0.08628,0.08628,0.08628,0.08628,0.08628,0.08628,0,0.08628,0.040166,0.040166,0.040166,0.040166,0.040166,0.040166,0,0.040166,-0.07636,-0.07636,-0.07636,-0.07636,-0.07636,-0.07636,0,-0.07636,1,1,1,1,1,1,0,1,512,512,512,512,512,512,0,512,128.5,128.5,128.5,128.5,128.5,128.5,0,128.5,0,0,0,0,0,0,0,0,1,46
1,0.072471,0.072471,0.072471,0.072471,0.072471,0.072471,0,0.072471,0.042605,0.042605,0.042605,0.042605,0.042605,0.042605,0,0.042605,-0.058622,-0.058622,-0.058622,-0.058622,-0.058622,-0.058622,0,-0.058622,1,1,1,1,1,1,0,1,512,512,512,512,512,512,0,512,128.5,128.5,128.5,128.5,128.5,128.5,0,128.5,0,0,0,0,0,0,0,0,1,47
1,0.042997,0.042997,0.042997,0.042997,0.042997,0.042997,0,0.042997,0.027775,0.027775,0.027775,0.027775,0.027775,0.027775,0,0.027775,0.032809,0.032809,0.032809,0.032809,0.032809,0.032809,0,0.032809,1,1,1,1,1,1,0,1,512,512,512,512,512,512,0,512,128.5,128.5,128.5,128.5,128.5,128.5,0,128.5,0,0,0,0,0,0,0,0,1,48
1,0.087333,0.087333,0.087333,0.087333,0.087333,0.087333,0,0.087333,0.040504,0.040504,0.040504,0.040504,0.040504,0.040504,0,0.040504,0.077372,0.077372,0.077372,0.077372,0.077372,0.077372,0,0.077372,1,1,1,1,1,1,0,1,512,512,512,512,512,512,0,512,128.5,128.5,128.5,128.5,128.5,128.5,0,128.5,0,0,0,0,0,0,0,0,1,49
1,0.093247,0.093247,0.093247,0.093247,0.093247,0.093247,0,0.093247,0.050996,0.050996,0.050996,0.050996,0.050996,0.050996,0,0.050996,0.078065,0.078065,0.078065,0.078065,0.078065,0.078065,0,0.078065,1,1,1,1,1,1,0,1,512,512,512,512,512,512,0,512,128.5,128.5,128.5,128.5,128.5,128.5,0,128.5,0,0,0,0,0,0,0,0,1,50
1,0.042117,0.042117,0.042117,0.042117,0.042117,0.042117,0,0.042117,0.041961,0.041961,0.041961,0.041961,0.041961,0.041961,0,0.041961,-0.0035897,-0.0035897,-0.0035897,-0.0035897,-0.0035897,-0.0035897,0,-0.0035897,1,1,1,1,1,1,0,1,512,512,512,512,512,512,0,512,128.5,128.5,128.5,128.5,128.5,128.5,0,128.5,0,0,0,0,0,0,0,0,1,51
1,0.087764,0.087764,0.087764,0.087764,0.087764,0.087764,0,0.087764,0.041618,0.041618,0.041618,0.041618,0.041618,0.041618,0,0.041618,-0.077268,-0.077268,-0.077268,-0.077268,-0.077268,-0.077268,0,-0.077268,1,1,1,1,1,1,0,1,512,512,512,512,512,512,0,512,128.5,128.5,128.5,128.5,128.5,128.5,0,128.5,0,0,0,0,0,0,0,0,1,52
1,0.10195,0.10195,0.10195,0.10195,0.10195,0.10195,0,0.10195,0.058237,0.058237,0.058237,0.058237,0.058237,0.058237,0,0.058237,-0.083677,-0.083677,-0.083677,-0.083677,-0.083677,-0.083677,0,-0.083677,1,1,1,1,1,1,0,1,512,512,512,512,512,512,0,512,128.5,128.5,128.5,128.5,128.5,128.5,0,128.5,0,0,0,0,0,0,0,0,1,53
1,0.058438,0.058438,0.058438,0.058438,0.058438,0.058438,0,0.058438,0.052514,0.052514,0.052514,0.052514,0.052514,0.052514,0,0.052514,-0.025637,-0.025637,-0.025637,-0.025637,-0.025637,-0.025637,0,-0.025637,1,1,1,1,1,1,0,1,512,512,512,512,512,512,0,512,128.5,128.5,128.5,128.5,128.5,128.5,0,128.5,0,0,0,0,0,0,0,0,1,54
1,0.084191,0.084191,0.084191,0.084191,0.084191,0.084191,0,0.084191,0.040299,0.040299,0.040299,0.040299,0.040299,0.040299,0,0.040299,0.073919,0.073919,0.073919,0.073919,0.073919,0.073919,0,0.073919,1,1,1,1,1,1,0,1,512,512,512,512,512,512,0,512,128.5,128.5,128.5,128.5,128.5,128.5,0,128.5,0,0,0,0,0,0,0,0,1,55
1,0.098356,0.098356,0.098356,0.098356,0.098356,0.098356,0,0.098356,0.057456,0.057456,0.057456,0.057456,0.057456,0.057456,0,0.057456,0.079829,0.079829,0.079829,0.079829,0.079829,0.079829,0,0.079829,1,1,1,1,1,1,0,1,512,512,512,512,512,512,0,512,128.5,128.5,128.5,128.5,128.5,128.5,0,128.5,0,0,0,0,0,0,0,0,1,56
1,0.081141,0.081141,0.081141,0.081141,0.081141,0.081141,0,0.081141,0.05651,0.05651,0.05651,0.05651,0.05651,0.05651,0,0.05651,0.058227,0.058227,0.058227,0.058227,0.058227,0.058227,0,0.058227,1,1,1,1,1,1,0,1,512,512,512,512,512,512,0,512,128.5,128.5,128.5,128.5,128.5,128.5,0,128.5,0,0,0,0,0,0,0,0,1,57
1,0.061116,0.061116,0.061116,0.061116,0.061116,0.061116,0,0.061116,0.0418,0.0418,0.0418,0.0418,0.0418,0.0418,0,0.0418,-0.044585,-0.044585,-0.044585,-0.044585,-0.044585,-0.044585,0,-0.044585,1,1,1,1,1,1,0,1,512,512,512,512,512,512,0,512,128.5,128.5,128.5,128.5,128.5,128.5,0,128.5,0,0,0,0,0,0,0,0,1,58
1,0.094221,0.094221,0.094221,0.094221,0.094221,0.094221,0,0.094221,0.053741,0.053741,0.053741,0.053741,0.053741,0.053741,0,0.053741,-0.077392,-0.077392,-0.077392,-0.077392,-0.077392,-0.077392,0,-0.077392,1,1,1,1,1,1,0,1,512,512,512,512,512,512,0,512,128.5,128.5,128.5,128.5,128.5,128.5,0,128.5,0,0,0,0,0,0,0,0,1,59
1,0.10174,0.10174,0.10174,0.10174,0.10174,0.10174,0,0.10174,0.059572,0.059572,0.059572,0.059572,0.059572,0.059572,0,0.059572,-0.082472,-0.082472,-0.082472,-0.082472,-0.082472,-0.082472,0,-0.082472,1,1,1,1,1,1,0,1,512,512,512,512,512,512,0,512,128.5,128.5,128.5,128.5,128.5,128.5,0,128.5,0,0,0,0,0,0,0,0,1,60
1,0.047411,0.047411,0.047411,0.047411,0.047411,0.047411,0,0.047411,0.046791,0.046791,0.046791,0.046791,0.046791,0.046791,0,0.046791,-0.0076386,-0.0076386,-0.0076386,-0.0076386,-0.0076386,-0.0076386,0,-0.0076386,1,1,1,1,1,1,0,1,512,512,512,512,512,512,0,512,128.5,128.5,128.5,128.5,128.5,128.5,0,128.5,0,0,0,0,0,0,0,0,1,61
1,0.092393,0.092393,0.092393,0.092393,0.092393,0.092393,0,0.092393,0.04799,0.04799,0.04799,0.04799,0.04799,0.04799,0,0.04799,0.078952,0.078952,0.078952,0.078952,0.078952,0.078952,0,0.078952,1,1,1,1,1,1,0,1,512,512,512,512,512,512,0,512,128.5,128.5,128.5,128.5,128.5,128.5,0,128.5,0,0,0,0,0,0,0,0,1,62
1,0.098792,0.098792,0.098792,0.098792,0.098792,0.098792,0,0.098792,0.057378,0.057378,0.057378,0.057378,0.057378,0.057378,0,0.057378,0.080421,0.080421,0.080421,0.080421,0.080421,0.080421,0,0.080421,1,1,1,1,1,1,0,1,512,512,512,512,512,512,0,512,128.5,128.5,128.5,128.5,128.5,128.5,0,128.5,0,0,0,0,0,0,0,0,1,63
1,0.078611,0.078611,0.078611,0.078611,0.078611,0.078611,0,0.078611,0.051511,0.051511,0.051511,0.051511,0.051511,0.051511,0,0.051511,0.059382,0.059382,0.059382,0.059382,0.059382,0.059382,0,0.059382,1,1,1,1,1,1,0,1,512,512,512,512,512,512,0,512,128.5,128.5,128.5,128.5,128.5,128.5,0,128.5,0,0,0,0,0,0,0,0,1,64
1,0.06478,0.06478,0.06478,0.06478,0.06478,0.06478,0,0.06478,0.043901,0.043901,0.043901,0.043901,0.043901,0.043901,0,0.043901,-0.047635,-0.047635,-0.047635,-0.047635,-0.047635,-0.047635,0,-0.047635,1,1,1,1,1,1,0,1,512,512,512,512,512,512,0,512,128.5,128.5,128.5,128.5,128.5,128.5,0,128.5,0,0,0,0,0,0,0,0,1,65
1,0.09469,0.09469,0.09469,0.09469,0.09469,0.09469,0,0.09469,0.0541,0.0541,0.0541,0.0541,0.0541,0.0541,0,0.0541,-0.077714,-0.077714,-0.077714,-0.077714,-0.077714,-0.077714,0,-0.077714,1,1,1,1,1,1,0,1,512,512,512,512,512,512,0,512,128.5,128.5,128.5,128.5,128.5,128.5,0,128.5,0,0,0,0,0,0,0,0,1,66
1,0.099706,0.099706,0.099706,0.099706,0.099706,0.099706,0,0.099706,0.056512,0.056512,0.056512,0.056512,0.056512,0.056512,0,0.056512,-0.082144,-0.082144,-0.082144,-0.082144,-0.082144,-0.082144,0,-0.082144,1,1,1,1,1,1,0,1,512,512,512,512,512,512,0,512,128.5,128.5,128.5,128.5,128.5,128.5,0,128.5,0,0,0,0,0,0,0,0,1,67
1,0.046519,0.046519,0.046519,0.046519,0.046519,0.046519,0,0.046519,0.044301,0.044301,0.044301,0.044301,0.044301,0.044301,0,0.044301,-0.014194,-0.014194,-0.014194,-0.014194,-0.014194,-0.014194,0,-0.014194,1,1,1,1,1,1,0,1,512,512,512,512,512,512,0,512,128.5,128.5,128.5,128.5,128.5,128.5,0,128.5,0,0,0,0,0,0,0,0,1,68
1,0.090693,0.090693,0.090693,0.090693,0.090693,0.090693,0,0.090693,0.048083,0.048083,0.048083,0.048083,0.048083,0.048083,0,0.048083,0.076898,0.076898,0.076898,0.076898,0.076898,0.076898,0,0.076898,1,1,1,1,1,1,0,1,512,512,512,512,512,512,0,512,128.5,128.5,128.5,128.5,128.5,128.5,0,128.5,0,0,0,0,0,0,0,0,1,69
1,0.095803,0.095803,0.095803,0.095803,0.095803,0.095803,0,0.095803,0.055251,0.055251,0.055251,0.055251,0.055251,0.055251,0,0.055251,0.078266,0.078266,0.078266,0.078266,0.078266,0.078266,0,0.078266,1,1,1,1,1,1,0,1,512,512,512,512,512,512,0,512,128.5,128.5,128.5,128.5,128.5,128.5,0,128.5,0,0,0,0,0,0,0,0,1,70
1,0.081731,0.081731,0.081731,0.081731,0.081731,0.081731,0,0.081731,0.048929,0.048929,0.048929,0.048929,0.048929,0.048929,0,0.048929,0.065467,0.065467,0.065467,0.065467,0.065467,0.065467,0,0.065467,1,1,1,1,1,1,0,1,512,512,512,512,512,512,0,512,128.5,128.5,128.5,128.5,128.5,128.5,0,128.5,0,0,0,0,0,0,0,0,1,71
1,0.054865,0.054865,0.054865,0.054865,0.054865,0.054865,0,0.054865,0.041259,0.041259,0.041259,0.041259,0.041259,0.041259,0,0.041259,-0.036163,-0.036163,-0.036163,-0.036163,-0.036163,-0.036163,0,-0.036163,1,1,1,1,1,1,0,1,512,512,512,512,512,512,0,512,128.5,128.5,128.5,128.5,128.5,128.5,0,128.5,0,0,0,0,0,0,0,0,1,72
1,0.092208,0.092208,0.092208,0.092208,0.092208,0.092208,0,0.092208,0.05082,0.05082,0.05082,0.05082,0.05082,0.05082,0,0.05082,-0.07694,-0.07694,-0.07694,-0.07694,-0.07694,-0.07694,0,-0.07694,1,1,1,1,1,1,0,1,512,512,512,512,512,512,0,512,128.5,128.5,128.5,128.5,128.5,128.5,0,128.5,0,0,0,0,0,0,0,0,1,73
1,0.096858,0.096858,0.096858,0.096858,0.096858,0.096858,0,0.096858,0.053707,0.053707,0.053707,0.053707,0.053707,0.053707,0,0.053707,-0.080603,-0.080603,-0.080603,-0.080603,-0.080603,-0.080603,0,-0.080603,1,1,1,1,1,1,0,1,512,512,512,512,512,512,0,512,128.5,128.5,128.5,128.5,128.5,128.5,0,128.5,0,0,0,0,0,0,0,0,1,74
1,0.050421,0.050421,0.050421,0.050421,0.050421,0.050421,0,0.050421,0.042182,0.042182,0.042182,0.042182,0.042182,0.042182,0,0.042182,-0.027621,-0.027621,-0.027621,-0.027621,-0.027621,-0.027621,0,-0.027621,1,1,1,1,1,1,0,1,512,512,512,512,512,512,0,512,128.5,128.5,128.5,128.5,128.5,128.5,0,128.5,0,0,0,0,0,0,0,0,1,75
1,0.08295,0.08295,0.08295,0.08295,0.08295,0.08295,0,0.08295,0.043704,0.043704,0.043704,0.043704,0.043704,0.043704,0,0.043704,0.070503,0.070503,0.070503,0.070503,0.070503,0.070503,0,0.070503,1,1,1,1,1,1,0,1,512,512,512,512,512,512,0,512,128.5,128.5,128.5,128.5,128.5,128.5,0,128.5,0,0,0,0,0,0,0,0,1,76
1,0.093123,0.093123,0.093123,0.093123,0.093123,0.093123,0,0.093123,0.051939,0.051939,0.051939,0.051939,0.051939,0.051939,0,0.051939,0.077293,0.077293,0.077293,0.077293,0.077293,0.077293,0,0.077293,1,1,1,1,1,1,0,1,512,512,512,512,512,512,0,512,128.5,128.5,128.5,128.5,128.5,128.5,0,128.5,0,0,0,0,0,0,0,0,1,77
1,0.08794,0.08794,0.08794,0.08794,0.08794,0.08794,0,0.08794,0.047994,0.047994,0.047994,0.047994,0.047994,0.047994,0,0.047994,0.073689,0.073689,0.073689,0.073689,0.073689,0.073689,0,0.073689,1,1,1,1,1,1,0,1,512,512,512,512,512,512,0,512,128.5,128.5,128.5,128.5,128.5,128.5,0,128.5,0,0,0,0,0,0,0,0,1,78
1,0.041296,0.041296,0.041296,0.041296,0.041296,0.041296,0,0.041296,0.038384,0.038384,0.038384,0.038384,0.038384,0.038384,0,0.038384,-0.015231,-0.015231,-0.015231,-0.015231,-0.015231,-0.015231,0,-0.015231,1,1,1,1,1,1,0,1,512,512,512,512,512,512,0,512,128.5,128.5,128.5,128.5,128.5,128.5,0,128.5,0,0,0,0,0,0,0,0,1,79
1,0.089937,0.089937,0.089937,0.089937,0.089937,0.089937,0,0.089937,0.046217,0.046217,0.046217,0.046217,0.046217,0.046217,0,0.046217,-0.077154,-0.077154,-0.077154,-0.077154,-0.077154,-0.077154,0,-0.077154,1,1,1,1,1,1,0,1,512,512,512,512,512,512,0,512,128.5,128.5,128.5,128.5,128.5,128.5,0,128.5,0,0,0,0,0,0,0,0,1,80
1,0.094397,0.094397,0.094397,0.094397,0.094397,0.094397,0,0.094397,0.051468,0.051468,0.051468,0.051468,0.051468,0.051468,0,0.051468,-0.079131,-0.079131,-0.079131,-0.079131,-0.079131,-0.079131,0,-0.079131,1,1,1,1,1,1,0,1,512,512,512,512,512,512,0,512,128.5,128.5,128.5,128.5,128.5,128.5,0,128.5,0,0,0,0,0,0,0,0,1,81
1,0.064054,0.064054,0.064054,0.064054,0.064054,0.064054,0,0.064054,0.042305,0.042305,0.042305,0.042305,0.042305,0.042305,0,0.042305,-0.048095,-0.048095,-0.048095,-0.048095,-0.048095,-0.048095,0,-0.048095,1,1,1,1,1,1,0,1,512,512,512,512,512,512,0,512,128.5,128.5,128.5,128.5,128.5,128.5,0,128.5,0,0,0,0,0,0,0,0,1,82
1,0.065724,0.065724,0.065724,0.065724,0.065724,0.065724,0,0.065724,0.039602,0.039602,0.039602,0.039602,0.039602,0.039602,0,0.039602,0.052454,0.052454,0.052454,0.052454,0.052454,0.052454,0,0.052454,1,1,1,1,1,1,0,1,512,512,512,512,512,512,0,512,128.5,128.5,128.5,128.5,128.5,128.5,0,128.5,0,0,0,0,0,0,0,0,1,83
1,0.090932,0.090932,0.090932,0.090932,0.090932,0.090932,0,0.090932,0.048548,0.048548,0.048548,0.048548,0.048548,0.048548,0,0.048548,0.076888,0.076888,0.076888,0.076888,0.076888,0.076888,0,0.076888,1,1,1,1,1,1,0,1,512,512,512,512,512,512,0,512,128.5,128.5,128.5,128.5,128.5,128.5,0,128.5,0,0,0,0,0,0,0,0,1,84
1,0.093,0.093,0.093,0.093,0.093,0.093,0,0.093,0.048445,0.048445,0.048445,0.048445,0.048445,0.048445,0,0.048445,0.079385,0.079385,0.079385,0.079385,0.079385,0.079385,0,0.079385,1,1,1,1,1,1,0,1,512,512,512,512,512,512,0,512,128.5,128.5,128.5,128.5,128.5,128.5,0,128.5,0,0,0,0,0,0,0,0,1,85
1,0.039921,0.039921,0.039921,0.039921,0.039921,0.039921,0,0.039921,0.037572,0.037572,0.037572,0.037572,0.037572,0.037572,0,0.037572,0.013491,0.013491,0.013491,0.013491,0.013491,0.013491,0,0.013491,1,1,1,1,1,1,0,1,512,512,512,512,512,512,0,512,128.5,128.5,128.5,128.5,128.5,128.5,0,128.5,0,0,0,0,0,0,0,0,1,86
1,0.084066,0.084066,0.084066,0.084066,0.084066,0.084066,0,0.084066,0.04169,0.04169,0.04169,0.04169,0.04169,0.04169,0,0.04169,-0.073001,-0.073001,-0.073001,-0.073001,-0.073001,-0.073001,0,-0.073001,1,1,1,1,1,1,0,1,512,512,512,512,512,512,0,512,128.5,128.5,128.5,128.5,128.5,128.5,0,128.5,0,0,0,0,0,0,0,0,1,87
1,0.091805,0.091805,0.091805,0.091805,0.091805,0.091805,0,0.091805,0.049821,0.049821,0.049821,0.049821,0.049821,0.049821,0,0.049821,-0.07711,-0.07711,-0.07711,-0.07711,-0.07711,-0.07711,0,-0.07711,1,1,1,1,1,1,0,1,512,512,512,512,512,512,0,512,128.5,128.5,128.5,128.5,128.5,128.5,0,128.5,0,0,0,0,0,0,0,0,1,88
1,0.081351,0.081351,0.081351,0.081351,0.081351,0.081351,0,0.081351,0.044976,0.044976,0.044976,0.044976,0.044976,0.044976,0,0.044976,-0.067787,-0.067787,-0.067787,-0.067787,-0.067787,-0.067787,0,-0.067787,1,1,1,1,1,1,0,1,512,512,512,512,512,512,0,512,128.5,128.5,128.5,128.5,128.5,128.5,0,128.5,0,0,0,0,0,0,0,0,1,89
1,0.044463,0.044463,0.044463,0.044463,0.044463,0.044463,0,0.044463,0.037637,0.037637,0.037637,0.037637,0.037637,0.037637,0,0.037637,0.023673,0.023673,0.023673,0.023673,0.023673,0.023673,0,0.023673,1,1,1,1,1,1,0,1,512,512,512,512,512,512,0,512,128.5,128.5,128.5,128.5,128.5,128.5,0,128.5,0,0,0,0,0,0,0,0,1,90
1,0.089591,0.089591,0.089591,0.089591,0.089591,0.089591,0,0.089591,0.045831,0.045831,0.045831,0.045831,0.045831,0.045831,0,0.045831,0.076981,0.076981,0.076981,0.076981,0.076981,0.076981,0,0.076981,1,1,1,1,1,1,0,1,512,512,512,512,512,512,0,512,128.5,128.5,128.5,128.5,128.5,128.5,0,128.5,0,0,0,0,0,0,0,0,1,91
1,0.093561,0.093561,0.093561,0.093561,0.093561,0.093561,0,0.093561,0.049776,0.049776,0.049776,0.049776,0.049776,0.049776,0,0.049776,0.079221,0.079221,0.079221,0.079221,0.079221,0.079221,0,0.079221,1,1,1,1,1,1,0,1,512,512,512,512,512,512,0,512,128.5,128.5,128.5,128.5,128.5,128.5,0,128.5,0,0,0,0,0,0,0,0,1,92
1,0.057332,0.057332,0.057332,0.057332,0.057332,0.057332,0,0.057332,0.040238,0.040238,0.040238,0.040238,0.040238,0.040238,0,0.040238,0.040839,0.040839,0.040839,0.040839,0.040839,0.040839,0,0.040839,1,1,1,1,1,1,0,1,512,512,512,512,512,512,0,512,128.5,128.5,128.5,128.5,128.5,128.5,0,128.5,0,0,0,0,0,0,0,0,1,93
1,0.069362,0.069362,0.069362,0.069362,0.069362,0.069362,0,0.069362,0.03922,0.03922,0.03922,0.03922,0.03922,0.03922,0,0.03922,-0.057209,-0.057209,-0.057209,-0.057209,-0.057209,-0.057209,0,-0.057209,1,1,1,1,1,1,0,1,512,512,512,512,512,512,0,512,128.5,128.5,128.5,128.5,128.5,128.5,0,128.5,0,0,0,0,0,0,0,0,1,94
1,0.090298,0.090298,0.090298,0.090298,0.090298,0.090298,0,0.090298,0.048813,0.048813,0.048813,0.048813,0.048813,0.048813,0,0.048813,-0.075967,-0.075967,-0.075967,-0.075967,-0.075967,-0.075967,0,-0.075967,1,1,1,1,1,1,0,1,512,512,512,512,512,512,0,512,128.5,128.5,128.5,128.5,128.5,128.5,0,128.5,0,0,0,0,0,0,0,0,1,95
1,0.091785,0.091785,0.091785,0.091785,0.091785,0.091785,0,0.091785,0.048578,0.048578,0.048578,0.048578,0.048578,0.048578,0,0.048578,-0.077876,-0.077876,-0.077876,-0.077876,-0.077876,-0.077876,0,-0.077876,1,1,1,1,1,1,0,1,512,512,512,512,512,512,0,512,128.5,128.5,128.5,128.5,128.5,128.5,0,128.5,0,0,0,0,0,0,0,0,1,96
1,0.03859,0.03859,0.03859,0.03859,0.03859,0.03859,0,0.03859,0.038252,0.038252,0.038252,0.038252,0.038252,0.038252,0,0.038252,-0.0050965,-0.0050965,-0.0050965,-0.0050965,-0.0050965,-0.0050965,0,-0.0050965,1,1,1,1,1,1,0,1,512,512,512,512,512,512,0,512,128.5,128.5,128.5,128.5,128.5,128.5,0,128.5,0,0,0,0,0,0,0,0,1,97
1,0.086985,0.086985,0.086985,0.086985,0.086985,0.086985,0,0.086985,0.043554,0.043554,0.043554,0.043554,0.043554,0.043554,0,0.043554,0.075296,0.075296,0.075296,0.075296,0.075296,0.075296,0,0.075296,1,1,1,1,1,1,0,1,512,512,512,512,512,512,0,512,128.5,128.5,128.5,128.5,128.5,128.5,0,128.5,0,0,0,0,0,0,0,0,1,98
1,0.092705,0.092705,0.092705,0.092705,0.092705,0.092705,0,0.092705,0.050579,0.050579,0.050579,0.050579,0.050579,0.050579,0,0.050579,0.077691,0.077691,0.077691,0.077691,0.077691,0.077691,0,0.077691,1,1,1,1,1,1,0,1,512,512,512,512,512,512,0,512,128.5,128.5,128.5,128.5,128.5,128.5,0,128.5,0,0,0,0,0,0,0,0,1,99
1,0.075893,0.075893,0.075893,0.075893,0.075893,0.075893,0,0.075893,0.04427,0.04427,0.04427,0.04427,0.04427,0.04427,0,0.04427,0.061643,0.061643,0.061643,0.061643,0.061643,0.061643,0,0.061643,1,1,1,1,1,1,0,1,512,512,512,512,512,512,0,512,128.5,128.5,128.5,128.5,128.5,128.5,0,128.5,0,0,0,0,0,0,0,0,1,100
1,0.051639,0.051639,0.051639,0.051639,0.051639,0.051639,0,0.051639,0.038419,0.038419,0.038419,0.038419,0.038419,0.038419,0,0.038419,-0.034504,-0.034504,-0.034504,-0.034504,-0.034504,-0.034504,0,-0.034504,1,1,1,1,1,1,0,1,512,512,512,512,512,512,0,512,128.5,128.5,128.5,128.5,128.5,128.5,0,128.5,0,0,0,0,0,0,0,0,1,101
1,0.089854,0.089854,0.089854,0.089854,0.089854,0.089854,0,0.089854,0.047814,0.047814,0.047814,0.047814,0.047814,0.047814,0,0.047814,-0.076076,-0.076076,-0.076076,-0.076076,-0.076076,-0.076076,0,-0.076076,1,1,1,1,1,1,0,1,512,512,512,512,512,512,0,512,128.5,128.5,128.5,128.5,128.5,128.5,0,128.5,0,0,0,0,0,0,0,0,1,102
1,0.094735,0.094735,0.094735,0.094735,0.094735,0.094735,0,0.094735,0.051216,0.051216,0.051216,0.051216,0.051216,0.051216,0,0.051216,-0.079697,-0.079697,-0.079697,-0.079697,-0.079697,-0.079697,0,-0.079697,1,1,1,1,1,1,0,1,512,512,512,512,512,512,0,512,128.5,128.5,128.5,128.5,128.5,128.5,0,128.5,0,0,0,0,0,0,0,0,1,103
1,0.049997,0.049997,0.049997,0.049997,0.049997,0.049997,0,0.049997,0.040862,0.040862,0.040862,0.040862,0.040862,0.040862,0,0.040862,-0.02881,-0.02881,-0.02881,-0.02881,-0.02881,-0.02881,0,-0.02881,1,1,1,1,1,1,0,1,512,512,512,512,512,512,0,512,128.5,128.5,128.5,128.5,128.5,128.5,0,128.5,0,0,0,0,0,0,0,0,1,104
1,0.07978,0.07978,0.07978,0.07978,0.07978,0.07978,0,0.07978,0.042224,0.042224,0.042224,0.042224,0.042224,0.042224,0,0.042224,0.06769,0.06769,0.06769,0.06769,0.06769,0.06769,0,0.06769,1,1,1,1,1,1,0,1,512,512,512,512,512,512,0,512,128.5,128.5,128.5,128.5,128.5,128.5,0,128.5,0,0,0,0,0,0,0,0,1,105
1,0.092132,0.092132,0.092132,0.092132,0.092132,0.092132,0,0.092132,0.050984,0.050984,0.050984,0.050984,0.050984,0.050984,0,0.050984,0.076739,0.076739,0.076739,0.076739,0.076739,0.076739,0,0.076739,1,1,1,1,1,1,0,1,512,512,512,512,512,512,0,512,128.5,128.5,128.5,128.5,128.5,128.5,0,128.5,0,0,0,0,0,0,0,0,1,106
1,0.087949,0.087949,0.087949,0.087949,0.087949,0.087949,0,0.087949,0.047956,0.047956,0.047956,0.047956,0.047956,0.047956,0,0.047956,0.073724,0.073724,0.073724,0.073724,0.073724,0.073724,0,0.073724,1,1,1,1,1,1,0,1,512,512,512,512,512,512,0,512,128.5,128.5,128.5,128.5,128.5,128.5,0,128.5,0,0,0,0,0,0,0,0,1,107
1,0.040926,0.040926,0.040926,0.040926,0.040926,0.040926,0,0.040926,0.038718,0.038718,0.038718,0.038718,0.038718,0.038718,0,0.038718,-0.013263,-0.013263,-0.013263,-0.013263,-0.013263,-0.013263,0,-0.013263,1,1,1,1,1,1,0,1,512,512,512,512,512,512,0,512,128.5,128.5,128.5,128.5,128.5,128.5,0,128.5,0,0,0,0,0,0,0,0,1,108
1,0.089574,0.089574,0.089574,0.089574,0.089574,0.089574,0,0.089574,0.046565,0.046565,0.046565,0.046565,0.046565,0.046565,0,0.046565,-0.076519,-0.076519,-0.076519,-0.076519,-0.076519,-0.076519,0,-0.076519,1,1,1,1,1,1,0,1,512,512,512,512,512,512,0,512,128.5,128.5,128.5,128.5,128.5,128.5,0,128.5,0,0,0,0,0,0,0,0,1,109
1,0.094665,0.094665,0.094665,0.094665,0.094665,0.094665,0,0.094665,0.05243,0.05243,0.05243,0.05243,0.05243,0.05243,0,0.05243,-0.07882,-0.07882,-0.07882,-0.07882,-0.07882,-0.07882,0,-0.07882,1,1,1,1,1,1,0,1,512,512,512,512,512,512,0,512,128.5,128.5,128.5,128.5,128.5,128.5,0,128.5,0,0,0,0,0,0,0,0,1,110
1,0.064212,0.064212,0.064212,0.064212,0.064212,0.064212,0,0.064212,0.04372,0.04372,0.04372,0.04372,0.04372,0.04372,0,0.04372,-0.047028,-0.047028,-0.047028,-0.047028,-0.047028,-0.047028,0,-0.047028,1,1,1,1,1,1,0,1,512,512,512,512,512,512,0,512,128.5,128.5,128.5,128.5,128.5,128.5,0,128.5,0,0,0,0,0,0,0,0,1,111
1,0.068514,0.068514,0.068514,0.068514,0.068514,0.068514,0,0.068514,0.041147,0.041147,0.041147,0.041147,0.041147,0.041147,0,0.041147,0.054782,0.054782,0.054782,0.054782,0.054782,0.054782,0,0.054782,1,1,1,1,1,1,0,1,512,512,512,512,512,512,0,512,128.5,128.5,128.5,128.5,128.5,128.5,0,128.5,0,0,0,0,0,0,0,0,1,112
1,0.091774,0.091774,0.091774,0.091774,0.091774,0.091774,0,0.091774,0.050578,0.050578,0.050578,0.050578,0.050578,0.050578,0,0.050578,0.076579,0.076579,0.076579,0.076579,0.076579,0.076579,0,0.076579,1,1,1,1,1,1,0,1,512,512,512,512,512,512,0,512,128.5,128.5,128.5,128.5,128.5,128.5,0,128.5,0,0,0,0,0,0,0,0,1,113
1,0.093745,0.093745,0.093745,0.093745,0.093745,0.093745,0,0.093745,0.050374,0.050374,0.050374,0.050374,0.050374,0.050374,0,0.050374,0.07906,0.07906,0.07906,0.07906,0.07906,0.07906,0,0.07906,1,1,1,1,1,1,0,1,512,512,512,512,512,512,0,512,128.5,128.5,128.5,128.5,128.5,128.5,0,128.5,0,0,0,0,0,0,0,0,1,114
1,0.039932,0.039932,0.039932,0.039932,0.039932,0.039932,0,0.039932,0.039477,0.039477,0.039477,0.039477,0.039477,0.039477,0,0.039477,0.0060109,0.0060109,0.0060109,0.0060109,0.0060109,0.0060109,0,0.0060109,1,1,1,1,1,1,0,1,512,512,512,512,512,512,0,512,128.5,128.5,128.5,128.5,128.5,128.5,0,128.5,0,0,0,0,0,0,0,0,1,115
1,0.087904,0.087904,0.087904,0.087904,0.087904,0.087904,0,0.087904,0.044914,0.044914,0.044914,0.044914,0.044914,0.044914,0,0.044914,-0.075564,-0.075564,-0.075564,-0.075564,-0.075564,-0.075564,0,-0.075564,1,1,1,1,1,1,0,1,512,512,512,512,512,512,0,512,128.5,128.5,128.5,128.5,128.5,128.5,0,128.5,0,0,0,0,0,0,0,0,1,116
1,0.093879,0.093879,0.093879,0.093879,0.093879,0.093879,0,0.093879,0.052641,0.052641,0.052641,0.052641,0.052641,0.052641,0,0.052641,-0.077731,-0.077731,-0.077731,-0.077731,-0.077731,-0.077731,0,-0.077731,1,1,1,1,1,1,0,1,512,512,512,512,512,512,0,512,128.5,128.5,128.5,128.5,128.5,128.5,0,128.5,0,0,0,0,0,0,0,0,1,117
1,0.076625,0.076625,0.076625,0.076625,0.076625,0.076625,0,0.076625,0.046341,0.046341,0.046341,0.046341,0.046341,0.046341,0,0.046341,-0.061024,-0.061024,-0.061024,-0.061024,-0.061024,-0.061024,0,-0.061024,1,1,1,1,1,1,0,1,512,512,512,512,512,512,0,512,128.5,128.5,128.5,128.5,128.5,128.5,0,128.5,0,0,0,0,0,0,0,0,1,118
1,0.05618,0.05618,0.05618,0.05618,0.05618,0.05618,0,0.05618,0.04041,0.04041,0.04041,0.04041,0.04041,0.04041,0,0.04041,0.039028,0.039028,0.039028,0.039028,0.039028,0.039028,0,0.039028,1,1,1,1,1,1,0,1,512,512,512,512,512,512,0,512,128.5,128.5,128.5,128.5,128.5,128.5,0,128.5,0,0,0,0,0,0,0,0,1,119
1,0.091533,0.091533,0.091533,0.091533,0.091533,0.091533,0,0.091533,0.04975,0.04975,0.04975,0.04975,0.04975,0.04975,0,0.04975,0.076833,0.076833,0.076833,0.076833,0.076833,0.076833,0,0.076833,1,1,1,1,1,1,0,1,512,512,512,512,512,512,0,512,128.5,128.5,128.5,128.5,128.5,128.5,0,128.5,0,0,0,0,0,0,0,0,1,120
1,0.095645,0.095645,0.095645,0.095645,0.095645,0.095645,0,0.095645,0.051893,0.051893,0.051893,0.051893,0.051893,0.051893,0,0.051893,0.080343,0.080343,0.080343,0.080343,0.080343,0.080343,0,0.080343,1,1,1,1,1,1,0,1,512,512,512,512,512,512,0,512,128.5,128.5,128.5,128.5,128.5,128.5,0,128.5,0,0,0,0,0,0,0,0,1,121
1,0.046821,0.046821,0.046821,0.046821,0.046821,0.046821,0,0.046821,0.04086,0.04086,0.04086,0.04086,0.04086,0.04086,0,0.04086,0.022862,0.022862,0.022862,0.022862,0.022862,0.022862,0,0.022862,1,1,1,1,1,1,0,1,512,512,512,512,512,512,0,512,128.5,128.5,128.5,128.5,128.5,128.5,0,128.5,0,0,0,0,0,0,0,0,1,122
1,0.083635,0.083635,0.083635,0.083635,0.083635,0.083635,0,0.083635,0.043483,0.043483,0.043483,0.043483,0.043483,0.043483,0,0.043483,-0.071443,-0.071443,-0.071443,-0.071443,-0.071443,-0.071443,0,-0.071443,1,1,1,1,1,1,0,1,512,512,512,512,512,512,0,512,128.5,128.5,128.5,128.5,128.5,128.5,0,128.5,0,0,0,0,0,0,0,0,1,123
1,0.093121,0.093121,0.093121,0.093121,0.093121,0.093121,0,0.093121,0.05253,0.05253,0.05253,0.05253,0.05253,0.05253,0,0.05253,-0.076891,-0.076891,-0.076891,-0.076891,-0.076891,-0.076891,0,-0.076891,1,1,1,1,1,1,0,1,512,512,512,512,512,512,0,512,128.5,128.5,128.5,128.5,128.5,128.5,0,128.5,0,0,0,0,0,0,0,0,1,124
1,0.085829,0.085829,0.085829,0.085829,0.085829,0.085829,0,0.085829,0.048706,0.048706,0.048706,0.048706,0.048706,0.048706,0,0.048706,-0.07067,-0.07067,-0.07067,-0.07067,-0.07067,-0.07067,0,-0.07067,1,1,1,1,1,1,0,1,512,512,512,512,512,512,0,512,128.5,128.5,128.5,128.5,128.5,128.5,0,128.5,0,0,0,0,0,0,0,0,1,125
1,0.046467,0.046467,0.046467,0.046467,0.046467,0.046467,0,0.046467,0.04015,0.04015,0.04015,0.04015,0.04015,0.04015,0,0.04015,0.023392,0.023392,0.023392,0.023392,0.023392,0.023392,0,0.023392,1,1,1,1,1,1,0,1,512,512,512,512,512,512,0,512,128.5,128.5,128.5,128.5,128.5,128.5,0,128.5,0,0,0,0,0,0,0,0,1,126
1,0.09135,0.09135,0.09135,0.09135,0.09135,0.09135,0,0.09135,0.048725,0.048725,0.048725,0.048725,0.048725,0.048725,0,0.048725,0.07727,0.07727,0.07727,0.07727,0.07727,0.07727,0,0.07727,1,1,1,1,1,1,0,1,512,512,512,512,512,512,0,512,128.5,128.5,128.5,128.5,128.5,128.5,0,128.5,0,0,0,0,0,0,0,0,1,127
1,0.095762,0.095762,0.095762,0.095762,0.095762,0.095762,0,0.095762,0.052735,0.052735,0.052735,0.052735,0.052735,0.052735,0,0.052735,0.079933,0.079933,0.079933,0.079933,0.079933,0.079933,0,0.079933,1,1,1,1,1,1,0,1,512,512,512,512,512,512,0,512,128.5,128.5,128.5,128.5,128.5,128.5,0,128.5,0,0,0,0,0,0,0,0,1,128
1,0.056551,0.056551,0.056551,0.056551,0.056551,0.056551,0,0.056551,0.042525,0.042525,0.042525,0.042525,0.042525,0.042525,0,0.042525,0.037278,0.037278,0.037278,0.037278,0.037278,0.037278,0,0.037278,1,1,1,1,1,1,0,1,512,512,512,512,512,512,0,512,128.5,128.5,128.5,128.5,128.5,128.5,0,128.5,0,0,0,0,0,0,0,0,1,129
1,0.076531,0.076531,0.076531,0.076531,0.076531,0.076531,0,0.076531,0.042186,0.042186,0.042186,0.042186,0.042186,0.042186,0,0.042186,-0.063854,-0.063854,-0.063854,-0.063854,-0.063854,-0.063854,0,-0.063854,1,1,1,1,1,1,0,1,512,512,512,512,512,512,0,512,128.5,128.5,128.5,128.5,128.5,128.5,0,128.5,0,0,0,0,0,0,0,0,1,130
1,0.09247,0.09247,0.09247,0.09247,0.09247,0.09247,0,0.09247,0.052014,0.052014,0.052014,0.052014,0.052014,0.052014,0,0.052014,-0.076454,-0.076454,-0.076454,-0.076454,-0.076454,-0.076454,0,-0.076454,1,1,1,1,1,1,0,1,512,512,512,512,512,512,0,512,128.5,128.5,128.5,128.5,128.5,128.5,0,128.5,0,0,0,0,0,0,0,0,1,131
1,0.091811,0.091811,0.091811,0.091811,0.091811,0.091811,0,0.091811,0.050522,0.050522,0.050522,0.050522,0.050522,0.050522,0,0.050522,-0.07666,-0.07666,-0.07666,-0.07666,-0.07666,-0.07666,0,-0.07666,1,1,1,1,1,1,0,1,512,512,512,512,512,512,0,512,128.5,128.5,128.5,128.5,128.5,128.5,0,128.5,0,0,0,0,0,0,0,0,1,132
1,0.040973,0.040973,0.040973,0.040973,0.040973,0.040973,0,0.040973,0.040173,0.040173,0.040173,0.040173,0.040173,0.040173,0,0.040173,0.0080581,0.0080581,0.0080581,0.0080581,0.0080581,0.0080581,0,0.0080581,1,1,1,1,1,1,0,1,512,512,512,512,512,512,0,512,128.5,128.5,128.5,128.5,128.5,128.5,0,128.5,0,0,0,0,0,0,0,0,1,133
1,0.090789,0.090789,0.090789,0.090789,0.090789,0.090789,0,0.090789,0.04738,0.04738,0.04738,0.04738,0.04738,0.04738,0,0.04738,0.077446,0.077446,0.077446,0.077446,0.077446,0.077446,0,0.077446,1,1,1,1,1,1,0,1,512,512,512,512,512,512,0,512,128.5,128.5,128.5,128.5,128.5,128.5,0,128.5,0,0,0,0,0,0,0,0,1,134
1,0.095177,0.095177,0.095177,0.095177,0.095177,0.095177,0,0.095177,0.052998,0.052998,0.052998,0.052998,0.052998,0.052998,0,0.052998,0.079056,0.079056,0.079056,0.079056,0.079056,0.079056,0,0.079056,1,1,1,1,1,1,0,1,512,512,512,512,512,512,0,512,128.5,128.5,128.5,128.5,128.5,128.5,0,128.5,0,0,0,0,0,0,0,0,1,135
1,0.066764,0.066764,0.066764,0.066764,0.066764,0.066764,0,0.066764,0.044283,0.044283,0.044283,0.044283,0.044283,0.044283,0,0.044283,0.049964,0.049964,0.049964,0.049964,0.049964,0.049964,0,0.049964,1,1,1,1,1,1,0,1,512,512,512,512,512,512,0,512,128.5,128.5,128.5,128.5,128.5,128.5,0,128.5,0,0,0,0,0,0,0,0,1,136
1,0.067062,0.067062,0.067062,0.067062,0.067062,0.067062,0,0.067062,0.041069,0.041069,0.041069,0.041069,0.041069,0.041069,0,0.041069,-0.053015,-0.053015,-0.053015,-0.053015,-0.053015,-0.053015,0,-0.053015,1,1,1,1,1,1,0,1,512,512,512,512,512,512,0,512,128.5,128.5,128.5,128.5,128.5,128.5,0,128.5,0,0,0,0,0,0,0,0,1,137
1,0.091898,0.091898,0.091898,0.091898,0.091898,0.091898,0,0.091898,0.051202,0.051202,0.051202,0.051202,0.051202,0.051202,0,0.051202,-0.076312,-0.076312,-0.076312,-0.076312,-0.076312,-0.076312,0,-0.076312,1,1,1,1,1,1,0,1,512,512,512,512,512,512,0,512,128.5,128.5,128.5,128.5,128.5,128.5,0,128.5,0,0,0,0,0,0,0,0,1,138
1,0.095031,0.095031,0.095031,0.095031,0.095031,0.095031,0,0.095031,0.051883,0.051883,0.051883,0.051883,0.051883,0.051883,0,0.051883,-0.079618,-0.079618,-0.079618,-0.079618,-0.079618,-0.079618,0,-0.079618,1,1,1,1,1,1,0,1,512,512,512,512,512,512,0,512,128.5,128.5,128.5,128.5,128.5,128.5,0,128.5,0,0,0,0,0,0,0,0,1,139
1,0.041236,0.041236,0.041236,0.041236,0.041236,0.041236,0,0.041236,0.040663,0.040663,0.040663,0.040663,0.040663,0.040663,0,0.040663,-0.0068496,-0.0068496,-0.0068496,-0.0068496,-0.0068496,-0.0068496,0,-0.0068496,1,1,1,1,1,1,0,1,512,512,512,512,512,512,0,512,128.5,128.5,128.5,128.5,128.5,128.5,0,128.5,0,0,0,0,0,0,0,0,1,140
1,0.089171,0.089171,0.089171,0.089171,0.089171,0.089171,0,0.089171,0.045996,0.045996,0.045996,0.045996,0.045996,0.045996,0,0.045996,0.076393,0.076393,0.076393,0.076393,0.076393,0.076393,0,0.076393,1,1,1,1,1,1,0,1,512,512,512,512,512,512,0,512,128.5,128.5,128.5,128.5,128.5,128.5,0,128.5,0,0,0,0,0,0,0,0,1,141
1,0.094453,0.094453,0.094453,0.094453,0.094453,0.094453,0,0.094453,0.053041,0.053041,0.053041,0.053041,0.053041,0.053041,0,0.053041,0.078154,0.078154,0.078154,0.078154,0.078154,0.078154,0,0.078154,1,1,1,1,1,1,0,1,512,512,512,512,512,512,0,512,128.5,128.5,128.5,128.5,128.5,128.5,0,128.5,0,0,0,0,0,0,0,0,1,142
1,0.076198,0.076198,0.076198,0.076198,0.076198,0.076198,0,0.076198,0.046197,0.046197,0.046197,0.046197,0.046197,0.046197,0,0.046197,0.060596,0.060596,0.060596,0.060596,0.060596,0.060596,0,0.060596,1,1,1,1,1,1,0,1,512,512,512,512,512,512,0,512,128.5,128.5,128.5,128.5,128.5,128.5,0,128.5,0,0,0,0,0,0,0,0,1,143
1,0.05717,0.05717,0.05717,0.05717,0.05717,0.05717,0,0.05717,0.040366,0.040366,0.040366,0.040366,0.040366,0.040366,0,0.040366,-0.040483,-0.040483,-0.040483,-0.040483,-0.040483,-0.040483,0,-0.040483,1,1,1,1,1,1,0,1,512,512,512,512,512,512,0,512,128.5,128.5,128.5,128.5,128.5,128.5,0,128.5,0,0,0,0,0,0,0,0,1,144
1,0.091493,0.091493,0.091493,0.091493,0.091493,0.091493,0,0.091493,0.05031,0.05031,0.05031,0.05031,0.05031,0.05031,0,0.05031,-0.076419,-0.076419,-0.076419,-0.076419,-0.076419,-0.076419,0,-0.076419,1,1,1,1,1,1,0,1,512,512,512,512,512,512,0,512,128.5,128.5,128.5,128.5,128.5,128.5,0,128.5,0,0,0,0,0,0,0,0,1,145
1,0.096251,0.096251,0.096251,0.096251,0.096251,0.096251,0,0.096251,0.052874,0.052874,0.052874,0.052874,0.052874,0.052874,0,0.052874,-0.080427,-0.080427,-0.080427,-0.080427,-0.080427,-0.080427,0,-0.080427,1,1,1,1,1,1,0,1,512,512,512,512,512,512,0,512,128.5,128.5,128.5,128.5,128.5,128.5,0,128.5,0,0,0,0,0,0,0,0,1,146
1,0.046485,0.046485,0.046485,0.046485,0.046485,0.046485,0,0.046485,0.041631,0.041631,0.041631,0.041631,0.041631,0.041631,0,0.041631,-0.020681,-0.020681,-0.020681,-0.020681,-0.020681,-0.020681,0,-0.020681,1,1,1,1,1,1,0,1,512,512,512,512,512,512,0,512,128.5,128.5,128.5,128.5,128.5,128.5,0,128.5,0,0,0,0,0,0,0,0,1,147
1,0.085747,0.085747,0.085747,0.085747,0.085747,0.085747,0,0.085747,0.044669,0.044669,0.044669,0.044669,0.044669,0.044669,0,0.044669,0.073193,0.073193,0.073193,0.073193,0.073193,0.073193,0,0.073193,1,1,1,1,1,1,0,1,512,512,512,512,512,512,0,512,128.5,128.5,128.5,128.5,128.5,128.5,0,128.5,0,0,0,0,0,0,0,0,1,148
1,0.093762,0.093762,0.093762,0.093762,0.093762,0.093762,0,0.093762,0.052827,0.052827,0.052827,0.052827,0.052827,0.052827,0,0.052827,0.077463,0.077463,0.077463,0.077463,0.077463,0.077463,0,0.077463,1,1,1,1,1,1,0,1,512,512,512,512,512,512,0,512,128.5,128.5,128.5,128.5,128.5,128.5,0,128.5,0,0,0,0,0,0,0,0,1,149
1,0.08404,0.08404,0.08404,0.08404,0.08404,0.08404,0,0.08404,0.047957,0.047957,0.047957,0.047957,0.047957,0.047957,0,0.047957,0.069013,0.069013,0.069013,0.069013,0.069013,0.069013,0,0.069013,1,1,1,1,1,1,0,1,512,512,512,512,512,512,0,512,128.5,128.5,128.5,128.5,128.5,128.5,0,128.5,0,0,0,0,0,0,0,0,1,150
1,0.048212,0.048212,0.048212,0.048212,0.048212,0.048212,0,0.048212,0.039876,0.039876,0.039876,0.039876,0.039876,0.039876,0,0.039876,-0.027098,-0.027098,-0.027098,-0.027098,-0.027098,-0.027098,0,-0.027098,1,1,1,1,1,1,0,1,512,512,512,512,512,512,0,512,128.5,128.5,128.5,128.5,128.5,128.5,0,128.5,0,0,0,0,0,0,0,0,1,151
1,0.091127,0.091127,0.091127,0.091127,0.091127,0.091127,0,0.091127,0.04913,0.04913,0.04913,0.04913,0.04913,0.04913,0,0.04913,-0.076749,-0.076749,-0.076749,-0.076749,-0.076749,-0.076749,0,-0.076749,1,1,1,1,1,1,0,1,512,512,512,512,512,512,0,512,128.5,128.5,128.5,128.5,128.5,128.5,0,128.5,0,0,0,0,0,0,0,0,1,152
1,0.096238,0.096238,0.096238,0.096238,0.096238,0.096238,0,0.096238,0.053363,0.053363,0.053363,0.053363,0.053363,0.053363,0,0.053363,-0.080088,-0.080088,-0.080088,-0.080088,-0.080088,-0.080088,0,-0.080088,1,1,1,1,1,1,0,1,512,512,512,512,512,512,0,512,128.5,128.5,128.5,128.5,128.5,128.5,0,128.5,0,0,0,0,0,0,0,0,1,153
1,0.054567,0.054567,0.054567,0.054567,0.054567,0.054567,0,0.054567,0.042883,0.042883,0.042883,0.042883,0.042883,0.042883,0,0.042883,-0.033743,-0.033743,-0.033743,-0.033743,-0.033743,-0.033743,0,-0.033743,1,1,1,1,1,1,0,1,512,512,512,512,512,512,0,512,128.5,128.5,128.5,128.5,128.5,128.5,0,128.5,0,0,0,0,0,0,0,0,1,154
1,0.079835,0.079835,0.079835,0.079835,0.079835,0.079835,0,0.079835,0.043366,0.043366,0.043366,0.043366,0.043366,0.043366,0,0.043366,0.06703,0.06703,0.06703,0.06703,0.06703,0.06703,0,0.06703,1,1,1,1,1,1,0,1,512,512,512,512,512,512,0,512,128.5,128.5,128.5,128.5,128.5,128.5,0,128.5,0,0,0,0,0,0,0,0,1,155
1,0.09314,0.09314,0.09314,0.09314,0.09314,0.09314,0,0.09314,0.052383,0.052383,0.052383,0.052383,0.052383,0.052383,0,0.052383,0.077014,0.077014,0.077014,0.077014,0.077014,0.077014,0,0.077014,1,1,1,1,1,1,0,1,512,512,512,512,512,512,0,512,128.5,128.5,128.5,128.5,128.5,128.5,0,128.5,0,0,0,0,0,0,0,0,1,156
1,0.089985,0.089985,0.089985,0.089985,0.089985,0.089985,0,0.089985,0.04959,0.04959,0.04959,0.04959,0.04959,0.04959,0,0.04959,0.075087,0.075087,0.075087,0.075087,0.075087,0.075087,0,0.075087,1,1,1,1,1,1,0,1,512,512,512,512,512,512,0,512,128.5,128.5,128.5,128.5,128.5,128.5,0,128.5,0,0,0,0,0,0,0,0,1,157
1,0.041976,0.041976,0.041976,0.041976,0.041976,0.041976,0,0.041976,0.039786,0.039786,0.039786,0.039786,0.039786,0.039786,0,0.039786,-0.013381,-0.013381,-0.013381,-0.013381,-0.013381,-0.013381,0,-0.013381,1,1,1,1,1,1,0,1,512,512,512,512,512,512,0,512,128.5,128.5,128.5,128.5,128.5,128.5,0,128.5,0,0,0,0,0,0,0,0,1,158
1,0.090676,0.090676,0.090676,0.090676,0.090676,0.090676,0,0.090676,0.047895,0.047895,0.047895,0.047895,0.047895,0.047895,0,0.047895,-0.076995,-0.076995,-0.076995,-0.076995,-0.076995,-0.076995,0,-0.076995,1,1,1,1,1,1,0,1,512,512,512,512,512,512,0,512,128.5,128.5,128.5,128.5,128.5,128.5,0,128.5,0,0,0,0,0,0,0,0,1,159
1,0.095711,0.095711,0.095711,0.095711,0.095711,0.095711,0,0.095711,0.053664,0.053664,0.053664,0.053664,0.053664,0.053664,0,0.053664,-0.079252,-0.079252,-0.079252,-0.079252,-0.079252,-0.079252,0,-0.079252,1,1,1,1,1,1,0,1,512,512,512,512,512,512,0,512,128.5,128.5,128.5,128.5,128.5,128.5,0,128.5,0,0,0,0,0,0,0,0,1,160
1,0.063596,0.063596,0.063596,0.063596,0.063596,0.063596,0,0.063596,0.044518,0.044518,0.044518,0.044518,0.044518,0.044518,0,0.044518,-0.045415,-0.045415,-0.045415,-0.045415,-0.045415,-0.045415,0,-0.045415,1,1,1,1,1,1,0,1,512,512,512,512,512,512,0,512,128.5,128.5,128.5,128.5,128.5,128.5,0,128.5,0,0,0,0,0,0,0,0,1,161
1,0.07214,0.07214,0.07214,0.07214,0.07214,0.07214,0,0.07214,0.042397,0.042397,0.042397,0.042397,0.042397,0.042397,0,0.042397,0.058366,0.058366,0.058366,0.058366,0.058366,0.058366,0,0.058366,1,1,1,1,1,1,0,1,512,512,512,512,512,512,0,512,128.5,128.5,128.5,128.5,128.5,128.5,0,128.5,0,0,0,0,0,0,0,0,1,162
1,0.092678,0.092678,0.092678,0.092678,0.092678,0.092678,0,0.092678,0.051893,0.051893,0.051893,0.051893,0.051893,0.051893,0,0.051893,0.076787,0.076787,0.076787,0.076787,0.076787,0.076787,0,0.076787,1,1,1,1,1,1,0,1,512,512,512,512,512,512,0,512,128.5,128.5,128.5,128.5,128.5,128.5,0,128.5,0,0,0,0,0,0,0,0,1,163
1,0.093748,0.093748,0.093748,0.093748,0.093748,0.093748,0,0.093748,0.051011,0.051011,0.051011,0.051011,0.051011,0.051011,0,0.051011,0.078654,0.078654,0.078654,0.078654,0.078654,0.078654,0,0.078654,1,1,1,1,1,1,0,1,512,512,512,512,512,512,0,512,128.5,128.5,128.5,128.5,128.5,128.5,0,128.5,0,0,0,0,0,0,0,0,1,164
1,0.040065,0.040065,0.040065,0.040065,0.040065,0.040065,0,0.040065,0.040064,0.040064,0.040064,0.040064,0.040064,0.040064,0,0.040064,-0.00023549,-0.00023549,-0.00023549,-0.00023549,-0.00023549,-0.00023549,0,-0.00023549,1,1,1,1,1,1,0,1,512,512,512,512,512,512,0,512,128.5,128.5,128.5,128.5,128.5,128.5,0,128.5,0,0,0,0,0,0,0,0,1,165
1,0.089725,0.089725,0.089725,0.089725,0.089725,0.089725,0,0.089725,0.046581,0.046581,0.046581,0.046581,0.046581,0.046581,0,0.046581,-0.076686,-0.076686,-0.076686,-0.076686,-0.076686,-0.076686,0,-0.076686,1,1,1,1,1,1,0,1,512,512,512,512,512,512,0,512,128.5,128.5,128.5,128.5,128.5,128.5,0,128.5,0,0,0,0,0,0,0,0,1,166
1,0.09498,0.09498,0.09498,0.09498,0.09498,0.09498,0,0.09498,0.053659,0.053659,0.053659,0.053659,0.053659,0.053659,0,0.053659,-0.07837,-0.07837,-0.07837,-0.07837,-0.07837,-0.07837,0,-0.07837,1,1,1,1,1,1,0,1,512,512,512,512,512,512,0,512,128.5,128.5,128.5,128.5,128.5,128.5,0,128.5,0,0,0,0,0,0,0,0,1,167
1,0.0723,0.0723,0.0723,0.0723,0.0723,0.0723,0,0.0723,0.046136,0.046136,0.046136,0.046136,0.046136,0.046136,0,0.046136,-0.055666,-0.055666,-0.055666,-0.055666,-0.055666,-0.055666,0,-0.055666,1,1,1,1,1,1,0,1,512,512,512,512,512,512,0,512,128.5,128.5,128.5,128.5,128.5,128.5,0,128.5,0,0,0,0,0,0,0,0,1,168
1,0.063246,0.063246,0.063246,0.063246,0.063246,0.063246,0,0.063246,0.041515,0.041515,0.041515,0.041515,0.041515,0.041515,0,0.041515,0.047714,0.047714,0.047714,0.047714,0.047714,0.047714,0,0.047714,1,1,1,1,1,1,0,1,512,512,512,512,512,512,0,512,128.5,128.5,128.5,128.5,128.5,128.5,0,128.5,0,0,0,0,0,0,0,0,1,169
1,0.092297,0.092297,0.092297,0.092297,0.092297,0.092297,0,0.092297,0.051124,0.051124,0.051124,0.051124,0.051124,0.051124,0,0.051124,0.076844,0.076844,0.076844,0.076844,0.076844,0.076844,0,0.076844,1,1,1,1,1,1,0,1,512,512,512,512,512,512,0,512,128.5,128.5,128.5,128.5,128.5,128.5,0,128.5,0,0,0,0,0,0,0,0,1,170
1,0.095673,0.095673,0.095673,0.095673,0.095673,0.095673,0,0.095673,0.052018,0.052018,0.052018,0.052018,0.052018,0.052018,0,0.052018,0.080295,0.080295,0.080295,0.080295,0.080295,0.080295,0,0.080295,1,1,1,1,1,1,0,1,512,512,512,512,512,512,0,512,128.5,128.5,128.5,128.5,128.5,128.5,0,128.5,0,0,0,0,0,0,0,0,1,171
1,0.04259,0.04259,0.04259,0.04259,0.04259,0.04259,0,0.04259,0.04064,0.04064,0.04064,0.04064,0.04064,0.04064,0,0.04064,0.012741,0.012741,0.012741,0.012741,0.012741,0.012741,0,0.012741,1,1,1,1,1,1,0,1,512,512,512,512,512,512,0,512,128.5,128.5,128.5,128.5,128.5,128.5,0,128.5,0,0,0,0,0,0,0,0,1,172
1,0.087584,0.087584,0.087584,0.087584,0.087584,0.087584,0,0.087584,0.045193,0.045193,0.045193,0.045193,0.045193,0.045193,0,0.045193,-0.075023,-0.075023,-0.075023,-0.075023,-0.075023,-0.075023,0,-0.075023,1,1,1,1,1,1,0,1,512,512,512,512,512,512,0,512,128.5,128.5,128.5,128.5,128.5,128.5,0,128.5,0,0,0,0,0,0,0,0,1,173
1,0.09422,0.09422,0.09422,0.09422,0.09422,0.09422,0,0.09422,0.053456,0.053456,0.053456,0.053456,0.053456,0.053456,0,0.053456,-0.077588,-0.077588,-0.077588,-0.077588,-0.077588,-0.077588,0,-0.077588,1,1,1,1,1,1,0,1,512,512,512,512,512,512,0,512,128.5,128.5,128.5,128.5,128.5,128.5,0,128.5,0,0,0,0,0,0,0,0,1,174
1,0.080236,0.080236,0.080236,0.080236,0.080236,0.080236,0,0.080236,0.047822,0.047822,0.047822,0.047822,0.047822,0.047822,0,0.047822,-0.064427,-0.064427,-0.064427,-0.064427,-0.064427,-0.064427,0,-0.064427,1,1,1,1,1,1,0,1,512,512,512,512,512,512,0,512,128.5,128.5,128.5,128.5,128.5,128.5,0,128.5,0,0,0,0,0,0,0,0,1,175
1,0.054441,0.054441,0.054441,0.054441,0.054441,0.054441,0,0.054441,0.040956,0.040956,0.040956,0.040956,0.040956,0.040956,0,0.040956,0.035867,0.035867,0.035867,0.035867,0.035867,0.035867,0,0.035867,1,1,1,1,1,1,0,1,512,512,512,512,512,512,0,512,128.5,128.5,128.5,128.5,128.5,128.5,0,128.5,0,0,0,0,0,0,0,0,1,176
1,0.092028,0.092028,0.092028,0.092028,0.092028,0.092028,0,0.092028,0.050299,0.050299,0.050299,0.050299,0.050299,0.050299,0,0.050299,0.077066,0.077066,0.077066,0.077066,0.077066,0.077066,0,0.077066,1,1,1,1,1,1,0,1,512,512,512,512,512,512,0,512,128.5,128.5,128.5,128.5,128.5,128.5,0,128.5,0,0,0,0,0,0,0,0,1,177
1,0.096327,0.096327,0.096327,0.096327,0.096327,0.096327,0,0.096327,0.052798,0.052798,0.052798,0.052798,0.052798,0.052798,0,0.052798,0.080568,0.080568,0.080568,0.080568,0.080568,0.080568,0,0.080568,1,1,1,1,1,1,0,1,512,512,512,512,512,512,0,512,128.5,128.5,128.5,128.5,128.5,128.5,0,128.5,0,0,0,0,0,0,0,0,1,178
1,0.048515,0.048515,0.048515,0.048515,0.048515,0.048515,0,0.048515,0.041627,0.041627,0.041627,0.041627,0.041627,0.041627,0,0.041627,0.024916,0.024916,0.024916,0.024916,0.024916,0.024916,0,0.024916,1,1,1,1,1,1,0,1,512,512,512,512,512,512,0,512,128.5,128.5,128.5,128.5,128.5,128.5,0,128.5,0,0,0,0,0,0,0,0,1,179
1,0.083772,0.083772,0.083772,0.083772,0.083772,0.083772,0,0.083772,0.043937,0.043937,0.043937,0.043937,0.043937,0.043937,0,0.043937,-0.071326,-0.071326,-0.071326,-0.071326,-0.071326,-0.071326,0,-0.071326,1,1,1,1,1,1,0,1,512,512,512,512,512,512,0,512,128.5,128.5,128.5,128.5,128.5,128.5,0,128.5,0,0,0,0,0,0,0,0,1,180
1,0.09352,0.09352,0.09352,0.09352,0.09352,0.09352,0,0.09352,0.053109,0.053109,0.053109,0.053109,0.053109,0.053109,0,0.053109,-0.076977,-0.076977,-0.076977,-0.076977,-0.076977,-0.076977,0,-0.076977,1,1,1,1,1,1,0,1,512,512,512,512,512,512,0,512,128.5,128.5,128.5,128.5,128.5,128.5,0,128.5,0,0,0,0,0,0,0,0,1,181
1,0.086724,0.086724,0.086724,0.086724,0.086724,0.086724,0,0.086724,0.049382,0.049382,0.049382,0.049382,0.049382,0.049382,0,0.049382,-0.071292,-0.071292,-0.071292,-0.071292,-0.071292,-0.071292,0,-0.071292,1,1,1,1,1,1,0,1,512,512,512,512,512,512,0,512,128.5,128.5,128.5,128.5,128.5,128.5,0,128.5,0,0,0,0,0,0,0,0,1,182
1,0.046921,0.046921,0.046921,0.046921,0.046921,0.046921,0,0.046921,0.040589,0.040589,0.040589,0.040589,0.040589,0.040589,0,0.040589,0.02354,0.02354,0.02354,0.02354,0.02354,0.02354,0,0.02354,1,1,1,1,1,1,0,1,512,512,512,512,512,512,0,512,128.5,128.5,128.5,128.5,128.5,128.5,0,128.5,0,0,0,0,0,0,0,0,1,183
1,0.09176,0.09176,0.09176,0.09176,0.09176,0.09176,0,0.09176,0.049258,0.049258,0.049258,0.049258,0.049258,0.049258,0,0.049258,0.077418,0.077418,0.077418,0.077418,0.077418,0.077418,0,0.077418,1,1,1,1,1,1,0,1,512,512,512,512,512,512,0,512,128.5,128.5,128.5,128.5,128.5,128.5,0,128.5,0,0,0,0,0,0,0,0,1,184
1,0.096178,0.096178,0.096178,0.096178,0.096178,0.096178,0,0.096178,0.053207,0.053207,0.053207,0.053207,0.053207,0.053207,0,0.053207,0.080119,0.080119,0.080119,0.080119,0.080119,0.080119,0,0.080119,1,1,1,1,1,1,0,1,512,512,512,512,512,512,0,512,128.5,128.5,128.5,128.5,128.5,128.5,0,128.5,0,0,0,0,0,0,0,0,1,185
1,0.056236,0.056236,0.056236,0.056236,0.056236,0.056236,0,0.056236,0.04281,0.04281,0.04281,0.04281,0.04281,0.04281,0,0.04281,0.036466,0.036466,0.036466,0.036466,0.036466,0.036466,0,0.036466,1,1,1,1,1,1,0,1,512,512,512,512,512,512,0,512,128.5,128.5,128.5,128.5,128.5,128.5,0,128.5,0,0,0,0,0,0,0,0,1,186
1,0.077859,0.077859,0.077859,0.077859,0.077859,0.077859,0,0.077859,0.042715,0.042715,0.042715,0.042715,0.042715,0.042715,0,0.042715,-0.065095,-0.065095,-0.065095,-0.065095,-0.065095,-0.065095,0,-0.065095,1,1,1,1,1,1,0,1,512,512,512,512,512,512,0,512,128.5,128.5,128.5,128.5,128.5,128.5,0,128.5,0,0,0,0,0,0,0,0,1,187
1,0.092878,0.092878,0.092878,0.092878,0.092878,0.092878,0,0.092878,0.052546,0.052546,0.052546,0.052546,0.052546,0.052546,0,0.052546,-0.076584,-0.076584,-0.076584,-0.076584,-0.076584,-0.076584,0,-0.076584,1,1,1,1,1,1,0,1,512,512,512,512,512,512,0,512,128.5,128.5,128.5,128.5,128.5,128.5,0,128.5,0,0,0,0,0,0,0,0,1,188
1,0.091579,0.091579,0.091579,0.091579,0.091579,0.091579,0,0.091579,0.050765,0.050765,0.050765,0.050765,0.050765,0.050765,0,0.050765,-0.07622,-0.07622,-0.07622,-0.07622,-0.07622,-0.07622,0,-0.07622,1,1,1,1,1,1,0,1,512,512,512,512,512,512,0,512,128.5,128.5,128.5,128.5,128.5,128.5,0,128.5,0,0,0,0,0,0,0,0,1,189
1,0.041937,0.041937,0.041937,0.041937,0.041937,0.041937,0,0.041937,0.040516,0.040516,0.040516,0.040516,0.040516,0.040516,0,0.040516,0.010825,0.010825,0.010825,0.010825,0.010825,0.010825,0,0.010825,1,1,1,1,1,1,0,1,512,512,512,512,512,512,0,512,128.5,128.5,128.5,128.5,128.5,128.5,0,128.5,0,0,0,0,0,0,0,0,1,190
1,0.091308,0.091308,0.091308,0.091308,0.091308,0.091308,0,0.091308,0.048105,0.048105,0.048105,0.048105,0.048105,0.048105,0,0.048105,0.077608,0.077608,0.077608,0.077608,0.077608,0.077608,0,0.077608,1,1,1,1,1,1,0,1,512,512,512,512,512,512,0,512,128.5,128.5,128.5,128.5,128.5,128.5,0,128.5,0,0,0,0,0,0,0,0,1,191
1,0.095657,0.095657,0.095657,0.095657,0.095657,0.095657,0,0.095657,0.053423,0.053423,0.053423,0.053423,0.053423,0.053423,0,0.053423,0.079349,0.079349,0.079349,0.079349,0.079349,0.079349,0,0.079349,1,1,1,1,1,1,0,1,512,512,512,512,512,512,0,512,128.5,128.5,128.5,128.5,128.5,128.5,0,128.5,0,0,0,0,0,0,0,0,1,192
1,0.064647,0.064647,0.064647,0.064647,0.064647,0.064647,0,0.064647,0.044256,0.044256,0.044256,0.044256,0.044256,0.044256,0,0.044256,0.047124,0.047124,0.047124,0.047124,0.047124,0.047124,0,0.047124,1,1,1,1,1,1,0,1,512,512,512,512,512,512,0,512,128.5,128.5,128.5,128.5,128.5,128.5,0,128.5,0,0,0,0,0,0,0,0,1,193
1,0.070281,0.070281,0.070281,0.070281,0.070281,0.070281,0,0.070281,0.04173,0.04173,0.04173,0.04173,0.04173,0.04173,0,0.04173,-0.056551,-0.056551,-0.056551,-0.056551,-0.056551,-0.056551,0,-0.056551,1,1,1,1,1,1,0,1,512,512,512,512,512,512,0,512,128.5,128.5,128.5,128.5,128.5,128.5,0,128.5,0,0,0,0,0,0,0,0,1,194
1,0.092338,0.092338,0.092338,0.092338,0.092338,0.092338,0,0.092338,0.05189,0.05189,0.05189,0.05189,0.05189,0.05189,0,0.05189,-0.07638,-0.07638,-0.07638,-0.07638,-0.07638,-0.07638,0,-0.07638,1,1,1,1,1,1,0,1,512,512,512,512,512,512,0,512,128.5,128.5,128.5,128.5,128.5,128.5,0,128.5,0,0,0,0,0,0,0,0,1,195
1,0.094651,0.094651,0.094651,0.094651,0.094651,0.094651,0,0.094651,0.051944,0.051944,0.051944,0.051944,0.051944,0.051944,0,0.051944,-0.079123,-0.079123,-0.079123,-0.079123,-0.079123,-0.079123,0,-0.079123,1,1,1,1,1,1,0,1,512,512,512,512,512,512,0,512,128.5,128.5,128.5,128.5,128.5,128.5,0,128.5,0,0,0,0,0,0,0,0,1,196
1,0.04082,0.04082,0.04082,0.04082,0.04082,0.04082,0,0.04082,0.040782,0.040782,0.040782,0.040782,0.040782,0.040782,0,0.040782,-0.0017611,-0.0017611,-0.0017611,-0.0017611,-0.0017611,-0.0017611,0,-0.0017611,1,1,1,1,1,1,0,1,512,512,512,512,512,512,0,512,128.5,128.5,128.5,128.5,128.5,128.5,0,128.5,0,0,0,0,0,0,0,0,1,197
1,0.09026,0.09026,0.09026,0.09026,0.09026,0.09026,0,0.09026,0.046873,0.046873,0.046873,0.046873,0.046873,0.046873,0,0.046873,0.077135,0.077135,0.077135,0.077135,0.077135,0.077135,0,0.077135,1,1,1,1,1,1,0,1,512,512,512,512,512,512,0,512,128.5,128.5,128.5,128.5,128.5,128.5,0,128.5,0,0,0,0,0,0,0,0,1,198
1,0.094992,0.094992,0.094992,0.094992,0.094992,0.094992,0,0.094992,0.053423,0.053423,0.053423,0.053423,0.053423,0.053423,0,0.053423,0.078546,0.078546,0.078546,0.078546,0.078546,0.078546,0,0.078546,1,1,1,1,1,1,0,1,512,512,512,512,512,512,0,512,128.5,128.5,128.5,128.5,128.5,128.5,0,128.5,0,0,0,0,0,0,0,0,1,199
1,0.07287,0.07287,0.07287,0.07287,0.07287,0.07287,0,0.07287,0.045768,0.045768,0.045768,0.045768,0.045768,0.045768,0,0.045768,0.056703,0.056703,0.056703,0.056703,0.056703,0.056703,0,0.056703,1,1,1,1,1,1,0,1,512,512,512,512,512,512,0,512,128.5,128.5,128.5,128.5,128.5,128.5,0,128.5,0,0,0,0,0,0,0,0,1,200
1,0.061688,0.061688,0.061688,0.061688,0.061688,0.061688,0,0.061688,0.040903,0.040903,0.040903,0.040903,0.040903,0.040903,0,0.040903,-0.046178,-0.046178,-0.046178,-0.046178,-0.046178,-0.046178,0,-0.046178,1,1,1,1,1,1,0,1,512,512,512,512,512,512,0,512,128.5,128.5,128.5,128.5,128.5,128.5,0,128.5,0,0,0,0,0,0,0,0,1,201
1,0.091885,0.091885,0.091885,0.091885,0.091885,0.091885,0,0.091885,0.051043,0.051043,0.051043,0.051043,0.051043,0.051043,0,0.051043,-0.076404,-0.076404,-0.076404,-0.076404,-0.076404,-0.076404,0,-0.076404,1,1,1,1,1,1,0,1,512,512,512,512,512,512,0,512,128.5,128.5,128.5,128.5,128.5,128.5,0,128.5,0,0,0,0,0,0,0,0,1,202
1,0.096167,0.096167,0.096167,0.096167,0.096167,0.096167,0,0.096167,0.052803,0.052803,0.052803,0.052803,0.052803,0.052803,0,0.052803,-0.080373,-0.080373,-0.080373,-0.080373,-0.080373,-0.080373,0,-0.080373,1,1,1,1,1,1,0,1,512,512,512,512,512,512,0,512,128.5,128.5,128.5,128.5,128.5,128.5,0,128.5,0,0,0,0,0,0,0,0,1,203
1,0.043755,0.043755,0.043755,0.043755,0.043755,0.043755,0,0.043755,0.041376,0.041376,0.041376,0.041376,0.041376,0.041376,0,0.041376,-0.014231,-0.014231,-0.014231,-0.014231,-0.014231,-0.014231,0,-0.014231,1,1,1,1,1,1,0,1,512,512,512,512,512,512,0,512,128.5,128.5,128.5,128.5,128.5,128.5,0,128.5,0,0,0,0,0,0,0,0,1,204
1,0.087989,0.087989,0.087989,0.087989,0.087989,0.087989,0,0.087989,0.045589,0.045589,0.045589,0.045589,0.045589,0.045589,0,0.045589,0.075257,0.075257,0.075257,0.075257,0.075257,0.075257,0,0.075257,1,1,1,1,1,1,0,1,512,512,512,512,512,512,0,512,128.5,128.5,128.5,128.5,128.5,128.5,0,128.5,0,0,0,0,0,0,0,0,1,205
1,0.094312,0.094312,0.094312,0.094312,0.094312,0.094312,0,0.094312,0.053248,0.053248,0.053248,0.053248,0.053248,0.053248,0,0.053248,0.077842,0.077842,0.077842,0.077842,0.077842,0.077842,0,0.077842,1,1,1,1,1,1,0,1,512,512,512,512,512,512,0,512,128.5,128.5,128.5,128.5,128.5,128.5,0,128.5,0,0,0,0,0,0,0,0,1,206
1,0.080412,0.080412,0.080412,0.080412,0.080412,0.080412,0,0.080412,0.047332,0.047332,0.047332,0.047332,0.047332,0.047332,0,0.047332,0.065006,0.065006,0.065006,0.065006,0.065006,0.065006,0,0.065006,1,1,1,1,1,1,0,1,512,512,512,512,512,512,0,512,128.5,128.5,128.5,128.5,128.5,128.5,0,128.5,0,0,0,0,0,0,0,0,1,207
1,0.053141,0.053141,0.053141,0.053141,0.053141,0.053141,0,0.053141,0.040336,0.040336,0.040336,0.040336,0.040336,0.040336,0,0.040336,-0.034597,-0.034597,-0.034597,-0.034597,-0.034597,-0.034597,0,-0.034597,1,1,1,1,1,1,0,1,512,512,512,512,512,512,0,512,128.5,128.5,128.5,128.5,128.5,128.5,0,128.5,0,0,0,0,0,0,0,0,1,208
1,0.091524,0.091524,0.091524,0.091524,0.091524,0.091524,0,0.091524,0.050084,0.050084,0.050084,0.050084,0.050084,0.050084,0,0.050084,-0.076605,-0.076605,-0.076605,-0.076605,-0.076605,-0.076605,0,-0.076605,1,1,1,1,1,1,0,1,512,512,512,512,512,512,0,512,128.5,128.5,128.5,128.5,128.5,128.5,0,128.5,0,0,0,0,0,0,0,0,1,209
1,0.09657,0.09657,0.09657,0.09657,0.09657,0.09657,0,0.09657,0.053412,0.053412,0.053412,0.053412,0.053412,0.053412,0,0.053412,-0.080455,-0.080455,-0.080455,-0.080455,-0.080455,-0.080455,0,-0.080455,1,1,1,1,1,1,0,1,512,512,512,512,512,512,0,512,128.5,128.5,128.5,128.5,128.5,128.5,0,128.5,0,0,0,0,0,0,0,0,1,210
1,0.049797,0.049797,0.049797,0.049797,0.049797,0.049797,0,0.049797,0.042349,0.042349,0.042349,0.042349,0.042349,0.042349,0,0.042349,-0.026198,-0.026198,-0.026198,-0.026198,-0.026198,-0.026198,0,-0.026198,1,1,1,1,1,1,0,1,512,512,512,512,512,512,0,512,128.5,128.5,128.5,128.5,128.5,128.5,0,128.5,0,0,0,0,0,0,0,0,1,211
1,0.083983,0.083983,0.083983,0.083983,0.083983,0.083983,0,0.083983,0.044385,0.044385,0.044385,0.044385,0.044385,0.044385,0,0.044385,0.071296,0.071296,0.071296,0.071296,0.071296,0.071296,0,0.071296,1,1,1,1,1,1,0,1,512,512,512,512,512,512,0,512,128.5,128.5,128.5,128.5,128.5,128.5,0,128.5,0,0,0,0,0,0,0,0,1,212
1,0.093688,0.093688,0.093688,0.093688,0.093688,0.093688,0,0.093688,0.05294,0.05294,0.05294,0.05294,0.05294,0.05294,0,0.05294,0.077297,0.077297,0.077297,0.077297,0.077297,0.077297,0,0.077297,1,1,1,1,1,1,0,1,512,512,512,512,512,512,0,512,128.5,128.5,128.5,128.5,128.5,128.5,0,128.5,0,0,0,0,0,0,0,0,1,213
1,0.086689,0.086689,0.086689,0.086689,0.086689,0.086689,0,0.086689,0.048839,0.048839,0.048839,0.048839,0.048839,0.048839,0,0.048839,0.071622,0.071622,0.071622,0.071622,0.071622,0.071622,0,0.071622,1,1,1,1,1,1,0,1,512,512,512,512,512,512,0,512,128.5,128.5,128.5,128.5,128.5,128.5,0,128.5,0,0,0,0,0,0,0,0,1,214
1,0.04588,0.04588,0.04588,0.04588,0.04588,0.04588,0,0.04588,0.04001,0.04001,0.04001,0.04001,0.04001,0.04001,0,0.04001,-0.022455,-0.022455,-0.022455,-0.022455,-0.022455,-0.022455,0,-0.022455,1,1,1,1,1,1,0,1,512,512,512,512,512,512,0,512,128.5,128.5,128.5,128.5,128.5,128.5,0,128.5,0,0,0,0,0,0,0,0,1,215
1,0.091175,0.091175,0.091175,0.091175,0.091175,0.091175,0,0.091175,0.048969,0.048969,0.048969,0.048969,0.048969,0.048969,0,0.048969,-0.076908,-0.076908,-0.076908,-0.076908,-0.076908,-0.076908,0,-0.076908,1,1,1,1,1,1,0,1,512,512,512,512,512,512,0,512,128.5,128.5,128.5,128.5,128.5,128.5,0,128.5,0,0,0,0,0,0,0,0,1,216
1,0.096283,0.096283,0.096283,0.096283,0.096283,0.096283,0,0.096283,0.053731,0.053731,0.053731,0.053731,0.053731,0.053731,0,0.053731,-0.079896,-0.079896,-0.079896,-0.079896,-0.079896,-0.079896,0,-0.079896,1,1,1,1,1,1,0,1,512,512,512,512,512,512,0,512,128.5,128.5,128.5,128.5,128.5,128.5,0,128.5,0,0,0,0,0,0,0,0,1,217
1,0.057505,0.057505,0.057505,0.057505,0.057505,0.057505,0,0.057505,0.043576,0.043576,0.043576,0.043576,0.043576,0.043576,0,0.043576,-0.037522,-0.037522,-0.037522,-0.037522,-0.037522,-0.037522,0,-0.037522,1,1,1,1,1,1,0,1,512,512,512,512,512,512,0,512,128.5,128.5,128.5,128.5,128.5,128.5,0,128.5,0,0,0,0,0,0,0,0,1,218
1,0.077985,0.077985,0.077985,0.077985,0.077985,0.077985,0,0.077985,0.043252,0.043252,0.043252,0.043252,0.043252,0.043252,0,0.043252,0.064891,0.064891,0.064891,0.064891,0.064891,0.064891,0,0.064891,1,1,1,1,1,1,0,1,512,512,512,512,512,512,0,512,128.5,128.5,128.5,128.5,128.5,128.5,0,128.5,0,0,0,0,0,0,0,0,1,219
1,0.093138,0.093138,0.093138,0.093138,0.093138,0.093138,0,0.093138,0.052464,0.052464,0.052464,0.052464,0.052464,0.052464,0,0.052464,0.076956,0.076956,0.076956,0.076956,0.076956,0.076956,0,0.076956,1,1,1,1,1,1,0,1,512,512,512,512,512,512,0,512,128.5,128.5,128.5,128.5,128.5,128.5,0,128.5,0,0,0,0,0,0,0,0,1,220
1,0.091393,0.091393,0.091393,0.091393,0.091393,0.091393,0,0.091393,0.050207,0.050207,0.050207,0.050207,0.050207,0.050207,0,0.050207,0.076367,0.076367,0.076367,0.076367,0.076367,0.076367,0,0.076367,1,1,1,1,1,1,0,1,512,512,512,512,512,512,0,512,128.5,128.5,128.5,128.5,128.5,128.5,0,128.5,0,0,0,0,0,0,0,0,1,221
1,0.041202,0.041202,0.041202,0.041202,0.041202,0.041202,0,0.041202,0.039967,0.039967,0.039967,0.039967,0.039967,0.039967,0,0.039967,-0.010013,-0.010013,-0.010013,-0.010013,-0.010013,-0.010013,0,-0.010013,1,1,1,1,1,1,0,1,512,512,512,512,512,512,0,512,128.5,128.5,128.5,128.5,128.5,128.5,0,128.5,0,0,0,0,0,0,0,0,1,222
1,0.090648,0.090648,0.090648,0.090648,0.090648,0.090648,0,0.090648,0.047738,0.047738,0.047738,0.047738,0.047738,0.047738,0,0.047738,-0.077059,-0.077059,-0.077059,-0.077059,-0.077059,-0.077059,0,-0.077059,1,1,1,1,1,1,0,1,512,512,512,512,512,512,0,512,128.5,128.5,128.5,128.5,128.5,128.5,0,128.5,0,0,0,0,0,0,0,0,1,223
1,0.095666,0.095666,0.095666,0.095666,0.095666,0.095666,0,0.095666,0.053842,0.053842,0.053842,0.053842,0.053842,0.053842,0,0.053842,-0.079076,-0.079076,-0.079076,-0.079076,-0.079076,-0.079076,0,-0.079076,1,1,1,1,1,1,0,1,512,512,512,512,512,512,0,512,128.5,128.5,128.5,128.5,128.5,128.5,0,128.5,0,0,0,0,0,0,0,0,1,224
1,0.0658,0.0658,0.0658,0.0658,0.0658,0.0658,0,0.0658,0.045027,0.045027,0.045027,0.045027,0.045027,0.045027,0,0.045027,-0.047981,-0.047981,-0.047981,-0.047981,-0.047981,-0.047981,0,-0.047981,1,1,1,1,1,1,0,1,512,512,512,512,512,512,0,512,128.5,128.5,128.5,128.5,128.5,128.5,0,128.5,0,0,0,0,0,0,0,0,1,225
1,0.070381,0.070381,0.070381,0.070381,0.070381,0.070381,0,0.070381,0.042301,0.042301,0.042301,0.042301,0.042301,0.042301,0,0.042301,0.056251,0.056251,0.056251,0.056251,0.056251,0.056251,0,0.056251,1,1,1,1,1,1,0,1,512,512,512,512,512,512,0,512,128.5,128.5,128.5,128.5,128.5,128.5,0,128.5,0,0,0,0,0,0,0,0,1,226
1,0.092686,0.092686,0.092686,0.092686,0.092686,0.092686,0,0.092686,0.051873,0.051873,0.051873,0.051873,0.051873,0.051873,0,0.051873,0.076811,0.076811,0.076811,0.076811,0.076811,0.076811,0,0.076811,1,1,1,1,1,1,0,1,512,512,512,512,512,512,0,512,128.5,128.5,128.5,128.5,128.5,128.5,0,128.5,0,0,0,0,0,0,0,0,1,227
1,0.094405,0.094405,0.094405,0.094405,0.094405,0.094405,0,0.094405,0.051379,0.051379,0.051379,0.051379,0.051379,0.051379,0,0.051379,0.079198,0.079198,0.079198,0.079198,0.079198,0.079198,0,0.079198,1,1,1,1,1,1,0,1,512,512,512,512,512,512,0,512,128.5,128.5,128.5,128.5,128.5,128.5,0,128.5,0,0,0,0,0,0,0,0,1,228
1,0.040316,0.040316,0.040316,0.040316,0.040316,0.040316,0,0.040316,0.040247,0.040247,0.040247,0.040247,0.040247,0.040247,0,0.040247,0.0023554,0.0023554,0.0023554,0.0023554,0.0023554,0.0023554,0,0.0023554,1,1,1,1,1,1,0,1,512,512,512,512,512,512,0,512,128.5,128.5,128.5,128.5,128.5,128.5,0,128.5,0,0,0,0,0,0,0,0,1,229
1,0.089539,0.089539,0.089539,0.089539,0.089539,0.089539,0,0.089539,0.046433,0.046433,0.046433,0.046433,0.046433,0.046433,0,0.046433,-0.076559,-0.076559,-0.076559,-0.076559,-0.076559,-0.076559,0,-0.076559,1,1,1,1,1,1,0,1,512,512,512,512,512,512,0,512,128.5,128.5,128.5,128.5,128.5,128.5,0,128.5,0,0,0,0,0,0,0,0,1,230
1,0.094927,0.094927,0.094927,0.094927,0.094927,0.094927,0,0.094927,0.053755,0.053755,0.053755,0.053755,0.053755,0.053755,0,0.053755,-0.07824,-0.07824,-0.07824,-0.07824,-0.07824,-0.07824,0,-0.07824,1,1,1,1,1,1,0,1,512,512,512,512,512,512,0,512,128.5,128.5,128.5,128.5,128.5,128.5,0,128.5,0,0,0,0,0,0,0,0,1,231
1,0.073888,0.073888,0.073888,0.073888,0.073888,0.073888,0,0.073888,0.046554,0.046554,0.046554,0.046554,0.046554,0.046554,0,0.046554,-0.057376,-0.057376,-0.057376,-0.057376,-0.057376,-0.057376,0,-0.057376,1,1,1,1,1,1,0,1,512,512,512,512,512,512,0,512,128.5,128.5,128.5,128.5,128.5,128.5,0,128.5,0,0,0,0,0,0,0,0,1,232
1,0.061868,0.061868,0.061868,0.061868,0.061868,0.061868,0,0.061868,0.04151,0.04151,0.04151,0.04151,0.04151,0.04151,0,0.04151,0.045875,0.045875,0.045875,0.045875,0.045875,0.045875,0,0.045875,1,1,1,1,1,1,0,1,512,512,512,512,512,512,0,512,128.5,128.5,128.5,128.5,128.5,128.5,0,128.5,0,0,0,0,0,0,0,0,1,233
1,0.092325,0.092325,0.092325,0.092325,0.092325,0.092325,0,0.092325,0.051118,0.051118,0.051118,0.051118,0.051118,0.051118,0,0.051118,0.076882,0.076882,0.076882,0.076882,0.076882,0.076882,0,0.076882,1,1,1,1,1,1,0,1,512,512,512,512,512,512,0,512,128.5,128.5,128.5,128.5,128.5,128.5,0,128.5,0,0,0,0,0,0,0,0,1,234
1,0.095935,0.095935,0.095935,0.095935,0.095935,0.095935,0,0.095935,0.052274,0.052274,0.052274,0.052274,0.052274,0.052274,0,0.052274,0.080442,0.080442,0.080442,0.080442,0.080442,0.080442,0,0.080442,1,1,1,1,1,1,0,1,512,512,512,512,512,512,0,512,128.5,128.5,128.5,128.5,128.5,128.5,0,128.5,0,0,0,0,0,0,0,0,1,235
1,0.043367,0.043367,0.043367,0.043367,0.043367,0.043367,0,0.043367,0.04085,0.04085,0.04085,0.04085,0.04085,0.04085,0,0.04085,0.014561,0.014561,0.014561,0.014561,0.014561,0.014561,0,0.014561,1,1,1,1,1,1,0,1,512,512,512,512,512,512,0,512,128.5,128.5,128.5,128.5,128.5,128.5,0,128.5,0,0,0,0,0,0,0,0,1,236
1,0.087253,0.087253,0.087253,0.087253,0.087253,0.087253,0,0.087253,0.045099,0.045099,0.045099,0.045099,0.045099,0.045099,0,0.045099,-0.074694,-0.074694,-0.074694,-0.074694,-0.074694,-0.074694,0,-0.074694,1,1,1,1,1,1,0,1,512,512,512,512,512,512,0,512,128.5,128.5,128.5,128.5,128.5,128.5,0,128.5,0,0,0,0,0,0,0,0,1,237
1,0.094181,0.094181,0.094181,0.094181,0.094181,0.094181,0,0.094181,0.053502,0.053502,0.053502,0.053502,0.053502,0.053502,0,0.053502,-0.077508,-0.077508,-0.077508,-0.077508,-0.077508,-0.077508,0,-0.077508,1,1,1,1,1,1,0,1,512,512,512,512,512,512,0,512,128.5,128.5,128.5,128.5,128.5,128.5,0,128.5,0,0,0,0,0,0,0,0,1,238
1,0.081254,0.081254,0.081254,0.081254,0.081254,0.081254,0,0.081254,0.048109,0.048109,0.048109,0.048109,0.048109,0.048109,0,0.048109,-0.06548,-0.06548,-0.06548,-0.06548,-0.06548,-0.06548,0,-0.06548,1,1,1,1,1,1,0,1,512,512,512,512,512,512,0,512,128.5,128.5,128.5,128.5,128.5,128.5,0,128.5,0,0,0,0,0,0,0,0,1,239
1,0.053463,0.053463,0.053463,0.053463,0.053463,0.053463,0,0.053463,0.040949,0.040949,0.040949,0.040949,0.040949,0.040949,0,0.040949,0.034372,0.034372,0.034372,0.034372,0.034372,0.034372,0,0.034372,1,1,1,1,1,1,0,1,512,512,512,512,512,512,0,512,128.5,128.5,128.5,128.5,128.5,128.5,0,128.5,0,0,0,0,0,0,0,0,1,240
1,0.092047,0.092047,0.092047,0.092047,0.092047,0.092047,0,0.092047,0.05024,0.05024,0.05024,0.05024,0.05024,0.05024,0,0.05024,0.077127,0.077127,0.077127,0.077127,0.077127,0.077127,0,0.077127,1,1,1,1,1,1,0,1,512,512,512,512,512,512,0,512,128.5,128.5,128.5,128.5,128.5,128.5,0,128.5,0,0,0,0,0,0,0,0,1,241
1,0.096393,0.096393,0.096393,0.096393,0.096393,0.096393,0,0.096393,0.052919,0.052919,0.052919,0.052919,0.052919,0.052919,0,0.052919,0.080567,0.080567,0.080567,0.080567,0.080567,0.080567,0,0.080567,1,1,1,1,1,1,0,1,512,512,512,512,512,512,0,512,128.5,128.5,128.5,128.5,128.5,128.5,0,128.5,0,0,0,0,0,0,0,0,1,242
1,0.049384,0.049384,0.049384,0.049384,0.049384,0.049384,0,0.049384,0.041793,0.041793,0.041793,0.041793,0.041793,0.041793,0,0.041793,0.026309,0.026309,0.026309,0.026309,0.026309,0.026309,0,0.026309,1,1,1,1,1,1,0,1,512,512,512,512,512,512,0,512,128.5,128.5,128.5,128.5,128.5,128.5,0,128.5,0,0,0,0,0,0,0,0,1,243
1,0.083267,0.083267,0.083267,0.083267,0.083267,0.083267,0,0.083267,0.043838,0.043838,0.043838,0.043838,0.043838,0.043838,0,0.043838,-0.070793,-0.070793,-0.070793,-0.070793,-0.070793,-0.070793,0,-0.070793,1,1,1,1,1,1,0,1,512,512,512,512,512,512,0,512,128.5,128.5,128.5,128.5,128.5,128.5,0,128.5,0,0,0,0,0,0,0,0,1,244
1,0.093487,0.093487,0.093487,0.093487,0.093487,0.093487,0,0.093487,0.053105,0.053105,0.053105,0.053105,0.053105,0.053105,0,0.053105,-0.076939,-0.076939,-0.076939,-0.076939,-0.076939,-0.076939,0,-0.076939,1,1,1,1,1,1,0,1,512,512,512,512,512,512,0,512,128.5,128.5,128.5,128.5,128.5,128.5,0,128.5,0,0,0,0,0,0,0,0,1,245
1,0.087375,0.087375,0.087375,0.087375,0.087375,0.087375,0,0.087375,0.049592,0.049592,0.049592,0.049592,0.049592,0.049592,0,0.049592,-0.071937,-0.071937,-0.071937,-0.071937,-0.071937,-0.071937,0,-0.071937,1,1,1,1,1,1,0,1,512,512,512,512,512,512,0,512,128.5,128.5,128.5,128.5,128.5,128.5,0,128.5,0,0,0,0,0,0,0,0,1,246
1,0.04633,0.04633,0.04633,0.04633,0.04633,0.04633,0,0.04633,0.040618,0.040618,0.040618,0.040618,0.040618,0.040618,0,0.040618,0.022285,0.022285,0.022285,0.022285,0.022285,0.022285,0,0.022285,1,1,1,1,1,1,0,1,512,512,512,512,512,512,0,512,128.5,128.5,128.5,128.5,128.5,128.5,0,128.5,0,0,0,0,0,0,0,0,1,247
1,0.091771,0.091771,0.091771,0.091771,0.091771,0.091771,0,0.091771,0.049211,0.049211,0.049211,0.049211,0.049211,0.049211,0,0.049211,0.07746,0.07746,0.07746,0.07746,0.07746,0.07746,0,0.07746,1,1,1,1,1,1,0,1,512,512,512,512,512,512,0,512,128.5,128.5,128.5,128.5,128.5,128.5,0,128.5,0,0,0,0,0,0,0,0,1,248
1,0.096184,0.096184,0.096184,0.096184,0.096184,0.096184,0,0.096184,0.053299,0.053299,0.053299,0.053299,0.053299,0.053299,0,0.053299,0.080065,0.080065,0.080065,0.080065,0.080065,0.080065,0,0.080065,1,1,1,1,1,1,0,1,512,512,512,512,512,512,0,512,128.5,128.5,128.5,128.5,128.5,128.5,0,128.5,0,0,0,0,0,0,0,0,1,249
1,0.057021,0.057021,0.057021,0.057021,0.057021,0.057021,0,0.057021,0.04299,0.04299,0.04299,0.04299,0.04299,0.04299,0,0.04299,0.03746,0.03746,0.03746,0.03746,0.03746,0.03746,0,0.03746,1,1,1,1,1,1,0,1,512,512,512,512,512,512,0,512,128.5,128.5,128.5,128.5,128.5,128.5,0,128.5,0,0,0,0,0,0,0,0,1,250
1,0.077339,0.077339,0.077339,0.077339,0.077339,0.077339,0,0.077339,0.042678,0.042678,0.042678,0.042678,0.042678,0.042678,0,0.042678,-0.064497,-0.064497,-0.064497,-0.064497,-0.064497,-0.064497,0,-0.064497,1,1,1,1,1,1,0,1,512,512,512,512,512,512,0,512,128.5,128.5,128.5,128.5,128.5,128.5,0,128.5,0,0,0,0,0,0,0,0,1,251
1,0.092866,0.092866,0.092866,0.092866,0.092866,0.092866,0,0.092866,0.052555,0.052555,0.052555,0.052555,0.052555,0.052555,0,0.052555,-0.076564,-0.076564,-0.076564,-0.076564,-0.076564,-0.076564,0,-0.076564,1,1,1,1,1,1,0,1,512,512,512,512,512,512,0,512,128.5,128.5,128.5,128.5,128.5,128.5,0,128.5,0,0,0,0,0,0,0,0,1,252
1,0.09193,0.09193,0.09193,0.09193,0.09193,0.09193,0,0.09193,0.050925,0.050925,0.050925,0.050925,0.050925,0.050925,0,0.050925,-0.076536,-0.076536,-0.076536,-0.076536,-0.076536,-0.076536,0,-0.076536,1,1,1,1,1,1,0,1,512,512,512,512,512,512,0,512,128.5,128.5,128.5,128.5,128.5,128.5,0,128.5,0,0,0,0,0,0,0,0,1,253
1,0.041762,0.041762,0.041762,0.041762,0.041762,0.041762,0,0.041762,0.040569,0.040569,0.040569,0.040569,0.040569,0.040569,0,0.040569,0.0099115,0.0099115,0.0099115,0.0099115,0.0099115,0.0099115,0,0.0099115,1,1,1,1,1,1,0,1,512,512,512,512,512,512,0,512,128.5,128.5,128.5,128.5,128.5,128.5,0,128.5,0,0,0,0,0,0,0,0,1,254
1,0.091296,0.091296,0.091296,0.091296,0.091296,0.091296,0,0.091296,0.04807,0.04807,0.04807,0.04807,0.04807,0.04807,0,0.04807,0.077616,0.077616,0.077616,0.077616,0.077616,0.077616,0,0.077616,1,1,1,1,1,1,0,1,512,512,512,512,512,512,0,512,128.5,128.5,128.5,128.5,128.5,128.5,0,128.5,0,0,0,0,0,0,0,0,1,255
1,0.095648,0.095648,0.095648,0.095648,0.095648,0.095648,0,0.095648,0.053476,0.053476,0.053476,0.053476,0.053476,0.053476,0,0.053476,0.079302,0.079302,0.079302,0.079302,0.079302,0.079302,0,0.079302,1,1,1,1,1,1,0,1,512,512,512,512,512,512,0,512,128.5,128.5,128.5,128.5,128.5,128.5,0,128.5,0,0,0,0,0,0,0,0,1,256
1,0.065233,0.065233,0.065233,0.065233,0.065233,0.065233,0,0.065233,0.044393,0.044393,0.044393,0.044393,0.044393,0.044393,0,0.044393,0.047798,0.047798,0.047798,0.047798,0.047798,0.047798,0,0.047798,1,1,1,1,1,1,0,1,512,512,512,512,512,512,0,512,128.5,128.5,128.5,128.5,128.5,128.5,0,128.5,0,0,0,0,0,0,0,0,1,257
1,0.069808,0.069808,0.069808,0.069808,0.069808,0.069808,0,0.069808,0.041703,0.041703,0.041703,0.041703,0.041703,0.041703,0,0.041703,-0.055982,-0.055982,-0.055982,-0.055982,-0.055982,-0.055982,0,-0.055982,1,1,1,1,1,1,0,1,512,512,512,512,512,512,0,512,128.5,128.5,128.5,128.5,128.5,128.5,0,128.5,0,0,0,0,0,0,0,0,1,258
1,0.092337,0.092337,0.092337,0.092337,0.092337,0.092337,0,0.092337,0.05188,0.05188,0.05188,0.05188,0.05188,0.05188,0,0.05188,-0.076385,-0.076385,-0.076385,-0.076385,-0.076385,-0.076385,0,-0.076385,1,1,1,1,1,1,0,1,512,512,512,512,512,512,0,512,128.5,128.5,128.5,128.5,128.5,128.5,0,128.5,0,0,0,0,0,0,0,0,1,259
1,0.094814,0.094814,0.094814,0.094814,0.094814,0.094814,0,0.094814,0.052042,0.052042,0.052042,0.052042,0.052042,0.052042,0,0.052042,-0.079255,-0.079255,-0.079255,-0.079255,-0.079255,-0.079255,0,-0.079255,1,1,1,1,1,1,0,1,512,512,512,512,512,512,0,512,128.5,128.5,128.5,128.5,128.5,128.5,0,128.5,0,0,0,0,0,0,0,0,1,260
1,0.040911,0.040911,0.040911,0.040911,0.040911,0.040911,0,0.040911,0.040838,0.040838,0.040838,0.040838,0.040838,0.040838,0,0.040838,-0.0024466,-0.0024466,-0.0024466,-0.0024466,-0.0024466,-0.0024466,0,-0.0024466,1,1,1,1,1,1,0,1,512,512,512,512,512,512,0,512,128.5,128.5,128.5,128.5,128.5,128.5,0,128.5,0,0,0,0,0,0,0,0,1,261
1,0.090212,0.090212,0.090212,0.090212,0.090212,0.090212,0,0.090212,0.046846,0.046846,0.046846,0.046846,0.046846,0.046846,0,0.046846,0.077095,0.077095,0.077095,0.077095,0.077095,0.077095,0,0.077095,1,1,1,1,1,1,0,1,512,512,512,512,512,512,0,512,128.5,128.5,128.5,128.5,128.5,128.5,0,128.5,0,0,0,0,0,0,0,0,1,262
1,0.094988,0.094988,0.094988,0.094988,0.094988,0.094988,0,0.094988,0.05346,0.05346,0.05346,0.05346,0.05346,0.05346,0,0.05346,0.078515,0.078515,0.078515,0.078515,0.078515,0.078515,0,0.078515,1,1,1,1,1,1,0,1,512,512,512,512,512,512,0,512,128.5,128.5,128.5,128.5,128.5,128.5,0,128.5,0,0,0,0,0,0,0,0,1,263
1,0.07328,0.07328,0.07328,0.07328,0.07328,0.07328,0,0.07328,0.045886,0.045886,0.045886,0.045886,0.045886,0.045886,0,0.045886,0.057135,0.057135,0.057135,0.057135,0.057135,0.057135,0,0.057135,1,1,1,1,1,1,0,1,512,512,512,512,512,512,0,512,128.5,128.5,128.5,128.5,128.5,128.5,0,128.5,0,0,0,0,0,0,0,0,1,264
1,0.061357,0.061357,0.061357,0.061357,0.061357,0.061357,0,0.061357,0.040912,0.040912,0.040912,0.040912,0.040912,0.040912,0,0.040912,-0.045726,-0.045726,-0.045726,-0.045726,-0.045726,-0.045726,0,-0.045726,1,1,1,1,1,1,0,1,512,512,512,512,512,512,0,512,128.5,128.5,128.5,128.5,128.5,128.5,0,128.5,0,0,0,0,0,0,0,0,1,265
1,0.091898,0.091898,0.091898,0.091898,0.091898,0.091898,0,0.091898,0.051052,0.051052,0.051052,0.051052,0.051052,0.051052,0,0.051052,-0.076413,-0.076413,-0.076413,-0.076413,-0.076413,-0.076413,0,-0.076413,1,1,1,1,1,1,0,1,512,512,512,512,512,512,0,512,128.5,128.5,128.5,128.5,128.5,128.5,0,128.5,0,0,0,0,0,0,0,0,1,266
1,0.096237,0.096237,0.096237,0.096237,0.096237,0.096237,0,0.096237,0.05288,0.05288,0.05288,0.05288,0.05288,0.05288,0,0.05288,-0.080406,-0.080406,-0.080406,-0.080406,-0.080406,-0.080406,0,-0.080406,1,1,1,1,1,1,0,1,512,512,512,512,512,512,0,512,128.5,128.5,128.5,128.5,128.5,128.5,0,128.5,0,0,0,0,0,0,0,0,1,267
1,0.043956,0.043956,0.043956,0.043956,0.043956,0.043956,0,0.043956,0.041445,0.041445,0.041445,0.041445,0.041445,0.041445,0,0.041445,-0.014642,-0.014642,-0.014642,-0.014642,-0.014642,-0.014642,0,-0.014642,1,1,1,1,1,1,0,1,512,512,512,512,512,512,0,512,128.5,128.5,128.5,128.5,128.5,128.5,0,128.5,0,0,0,0,0,0,0,0,1,268
1,0.087932,0.087932,0.087932,0.087932,0.087932,0.087932,0,0.087932,0.045595,0.045595,0.045595,0.045595,0.045595,0.045595,0,0.045595,0.075188,0.075188,0.075188,0.075188,0.075188,0.075188,0,0.075188,1,1,1,1,1,1,0,1,512,512,512,512,512,512,0,512,128.5,128.5,128.5,128.5,128.5,128.5,0,128.5,0,0,0,0,0,0,0,0,1,269
1,0.09432,0.09432,0.09432,0.09432,0.09432,0.09432,0,0.09432,0.053285,0.053285,0.053285,0.053285,0.053285,0.053285,0,0.053285,0.077826,0.077826,0.077826,0.077826,0.077826,0.077826,0,0.077826,1,1,1,1,1,1,0,1,512,512,512,512,512,512,0,512,128.5,128.5,128.5,128.5,128.5,128.5,0,128.5,0,0,0,0,0,0,0,0,1,270
1,0.08063,0.08063,0.08063,0.08063,0.08063,0.08063,0,0.08063,0.047413,0.047413,0.047413,0.047413,0.047413,0.047413,0,0.047413,0.065216,0.065216,0.065216,0.065216,0.065216,0.065216,0,0.065216,1,1,1,1,1,1,0,1,512,512,512,512,512,512,0,512,128.5,128.5,128.5,128.5,128.5,128.5,0,128.5,0,0,0,0,0,0,0,0,1,271
1,0.052987,0.052987,0.052987,0.052987,0.052987,0.052987,0,0.052987,0.040354,0.040354,0.040354,0.040354,0.040354,0.040354,0,0.040354,-0.03434,-0.03434,-0.03434,-0.03434,-0.03434,-0.03434,0,-0.03434,1,1,1,1,1,1,0,1,512,512,512,512,512,512,0,512,128.5,128.5,128.5,128.5,128.5,128.5,0,128.5,0,0,0,0,0,0,0,0,1,272
1,0.091541,0.091541,0.091541,0.091541,0.091541,0.091541,0,0.091541,0.050094,0.050094,0.050094,0.050094,0.050094,0.050094,0,0.050094,-0.076618,-0.076618,-0.076618,-0.076618,-0.076618,-0.076618,0,-0.076618,1,1,1,1,1,1,0,1,512,512,512,512,512,512,0,512,128.5,128.5,128.5,128.5,128.5,128.5,0,128.5,0,0,0,0,0,0,0,0,1,273
1,0.096597,0.096597,0.096597,0.096597,0.096597,0.096597,0,0.096597,0.053453,0.053453,0.053453,0.053453,0.053453,0.053453,0,0.053453,-0.08046,-0.08046,-0.08046,-0.08046,-0.08046,-0.08046,0,-0.08046,1,1,1,1,1,1,0,1,512,512,512,512,512,512,0,512,128.5,128.5,128.5,128.5,128.5,128.5,0,128.5,0,0,0,0,0,0,0,0,1,274
1,0.049946,0.049946,0.049946,0.049946,0.049946,0.049946,0,0.049946,0.042393,0.042393,0.042393,0.042393,0.042393,0.042393,0,0.042393,-0.026407,-0.026407,-0.026407,-0.026407,-0.026407,-0.026407,0,-0.026407,1,1,1,1,1,1,0,1,512,512,512,512,512,512,0,512,128.5,128.5,128.5,128.5,128.5,128.5,0,128.5,0,0,0,0,0,0,0,0,1,275
1,0.083936,0.083936,0.083936,0.083936,0.083936,0.083936,0,0.083936,0.044392,0.044392,0.044392,0.044392,0.044392,0.044392,0,0.044392,0.071236,0.071236,0.071236,0.071236,0.071236,0.071236,0,0.071236,1,1,1,1,1,1,0,1,512,512,512,512,512,512,0,512,128.5,128.5,128.5,128.5,128.5,128.5,0,128.5,0,0,0,0,0,0,0,0,1,276
1,0.093701,0.093701,0.093701,0.093701,0.093701,0.093701,0,0.093701,0.052963,0.052963,0.052963,0.052963,0.052963,0.052963,0,0.052963,0.077297,0.077297,0.077297,0.077297,0.077297,0.077297,0,0.077297,1,1,1,1,1,1,0,1,512,512,512,512,512,512,0,512,128.5,128.5,128.5,128.5,128.5,128.5,0,128.5,0,0,0,0,0,0,0,0,1,277
1,0.086785,0.086785,0.086785,0.086785,0.086785,0.086785,0,0.086785,0.048887,0.048887,0.048887,0.048887,0.048887,0.048887,0,0.048887,0.071705,0.071705,0.071705,0.071705,0.071705,0.071705,0,0.071705,1,1,1,1,1,1,0,1,512,512,512,512,512,512,0,512,128.5,128.5,128.5,128.5,128.5,128.5,0,128.5,0,0,0,0,0,0,0,0,1,278
1,0.045847,0.045847,0.045847,0.045847,0.045847,0.045847,0,0.045847,0.040033,0.040033,0.040033,0.040033,0.040033,0.040033,0,0.040033,-0.022346,-0.022346,-0.022346,-0.022346,-0.022346,-0.022346,0,-0.022346,1,1,1,1,1,1,0,1,512,512,512,512,512,512,0,512,128.5,128.5,128.5,128.5,128.5,128.5,0,128.5,0,0,0,0,0,0,0,0,1,279
1,0.091194,0.091194,0.091194,0.091194,0.091194,0.091194,0,0.091194,0.048991,0.048991,0.048991,0.048991,0.048991,0.048991,0,0.048991,-0.076917,-0.076917,-0.076917,-0.076917,-0.076917,-0.076917,0,-0.076917,1,1,1,1,1,1,0,1,512,512,512,512,512,512,0,512,128.5,128.5,128.5,128.5,128.5,128.5,0,128.5,0,0,0,0,0,0,0,0,1,280
1,0.096305,0.096305,0.096305,0.096305,0.096305,0.096305,0,0.096305,0.053765,0.053765,0.053765,0.053765,0.053765,0.053765,0,0.053765,-0.079899,-0.079899,-0.079899,-0.079899,-0.079899,-0.079899,0,-0.079899,1,1,1,1,1,1,0,1,512,512,512,512,512,512,0,512,128.5,128.5,128.5,128.5,128.5,128.5,0,128.5,0,0,0,0,0,0,0,0,1,281
1,0.057559,0.057559,0.057559,0.057559,0.057559,0.057559,0,0.057559,0.043612,0.043612,0.043612,0.043612,0.043612,0.043612,0,0.043612,-0.037563,-0.037563,-0.037563,-0.037563,-0.037563,-0.037563,0,-0.037563,1,1,1,1,1,1,0,1,512,512,512,512,512,512,0,512,128.5,128.5,128.5,128.5,128.5,128.5,0,128.5,0,0,0,0,0,0,0,0,1,282
1,0.078013,0.078013,0.078013,0.078013,0.078013,0.078013,0,0.078013,0.043282,0.043282,0.043282,0.043282,0.043282,0.043282,0,0.043282,0.064905,0.064905,0.064905,0.064905,0.064905,0.064905,0,0.064905,1,1,1,1,1,1,0,1,512,512,512,512,512,512,0,512,128.5,128.5,128.5,128.5,128.5,128.5,0,128.5,0,0,0,0,0,0,0,0,1,283
1,0.093158,0.093158,0.093158,0.093158,0.093158,0.093158,0,0.093158,0.052496,0.052496,0.052496,0.052496,0.052496,0.052496,0,0.052496,0.076958,0.076958,0.076958,0.076958,0.076958,0.076958,0,0.076958,1,1,1,1,1,1,0,1,512,512,512,512,512,512,0,512,128.5,128.5,128.5,128.5,128.5,128.5,0,128.5,0,0,0,0,0,0,0,0,1,284
1,0.09141,0.09141,0.09141,0.09141,0.09141,0.09141,0,0.09141,0.050235,0.050235,0.050235,0.050235,0.050235,0.050235,0,0.050235,0.076368,0.076368,0.076368,0.076368,0.076368,0.076368,0,0.076368,1,1,1,1,1,1,0,1,512,512,512,512,512,512,0,512,128.5,128.5,128.5,128.5,128.5,128.5,0,128.5,0,0,0,0,0,0,0,0,1,285
1,0.041241,0.041241,0.041241,0.041241,0.041241,0.041241,0,0.041241,0.03999,0.03999,0.03999,0.03999,0.03999,0.03999,0,0.03999,-0.010081,-0.010081,-0.010081,-0.010081,-0.010081,-0.010081,0,-0.010081,1,1,1,1,1,1,0,1,512,512,512,512,512,512,0,512,128.5,128.5,128.5,128.5,128.5,128.5,0,128.5,0,0,0,0,0,0,0,0,1,286
1,0.090671,0.090671,0.090671,0.090671,0.090671,0.090671,0,0.090671,0.047771,0.047771,0.047771,0.047771,0.047771,0.047771,0,0.047771,-0.077066,-0.077066,-0.077066,-0.077066,-0.077066,-0.077066,0,-0.077066,1,1,1,1,1,1,0,1,512,512,512,512,512,512,0,512,128.5,128.5,128.5,128.5,128.5,128.5,0,128.5,0,0,0,0,0,0,0,0,1,287
1,0.095689,0.095689,0.095689,0.095689,0.095689,0.095689,0,0.095689,0.053865,0.053865,0.053865,0.053865,0.053865,0.053865,0,0.053865,-0.079088,-0.079088,-0.079088,-0.079088,-0.079088,-0.079088,0,-0.079088,1,1,1,1,1,1,0,1,512,512,512,512,512,512,0,512,128.5,128.5,128.5,128.5,128.5,128.5,0,128.5,0,0,0,0,0,0,0,0,1,288
1,0.065744,0.065744,0.065744,0.065744,0.065744,0.065744,0,0.065744,0.045032,0.045032,0.045032,0.045032,0.045032,0.045032,0,0.045032,-0.0479,-0.0479,-0.0479,-0.0479,-0.0479,-0.0479,0,-0.0479,1,1,1,1,1,1,0,1,512,512,512,512,512,512,0,512,128.5,128.5,128.5,128.5,128.5,128.5,0,128.5,0,0,0,0,0,0,0,0,1,289
1,0.070487,0.070487,0.070487,0.070487,0.070487,0.070487,0,0.070487,0.042325,0.042325,0.042325,0.042325,0.042325,0.042325,0,0.042325,0.056364,0.056364,0.056364,0.056364,0.056364,0.056364,0,0.056364,1,1,1,1,1,1,0,1,512,512,512,512,512,512,0,512,128.5,128.5,128.5,128.5,128.5,128.5,0,128.5,0,0,0,0,0,0,0,0,1,290
1,0.092705,0.092705,0.092705,0.092705,0.092705,0.092705,0,0.092705,0.051898,0.051898,0.051898,0.051898,0.051898,0.051898,0,0.051898,0.076816,0.076816,0.076816,0.076816,0.076816,0.076816,0,0.076816,1,1,1,1,1,1,0,1,512,512,512,512,512,512,0,512,128.5,128.5,128.5,128.5,128.5,128.5,0,128.5,0,0,0,0,0,0,0,0,1,291
1,0.094395,0.094395,0.094395,0.094395,0.094395,0.094395,0,0.094395,0.051384,0.051384,0.051384,0.051384,0.051384,0.051384,0,0.051384,0.079183,0.079183,0.079183,0.079183,0.079183,0.079183,0,0.079183,1,1,1,1,1,1,0,1,512,512,512,512,512,512,0,512,128.5,128.5,128.5,128.5,128.5,128.5,0,128.5,0,0,0,0,0,0,0,0,1,292
1,0.040314,0.040314,0.040314,0.040314,0.040314,0.040314,0,0.040314,0.040255,0.040255,0.040255,0.040255,0.040255,0.040255,0,0.040255,0.0021867,0.0021867,0.0021867,0.0021867,0.0021867,0.0021867,0,0.0021867,1,1,1,1,1,1,0,1,512,512,512,512,512,512,0,512,128.5,128.5,128.5,128.5,128.5,128.5,0,128.5,0,0,0,0,0,0,0,0,1,293
1,0.089578,0.089578,0.089578,0.089578,0.089578,0.089578,0,0.089578,0.046469,0.046469,0.046469,0.046469,0.046469,0.046469,0,0.046469,-0.076583,-0.076583,-0.076583,-0.076583,-0.076583,-0.076583,0,-0.076583,1,1,1,1,1,1,0,1,512,512,512,512,512,512,0,512,128.5,128.5,128.5,128.5,128.5,128.5,0,128.5,0,0,0,0,0,0,0,0,1,294
1,0.094953,0.094953,0.094953,0.094953,0.094953,0.094953,0,0.094953,0.053776,0.053776,0.053776,0.053776,0.053776,0.053776,0,0.053776,-0.078257,-0.078257,-0.078257,-0.078257,-0.078257,-0.078257,0,-0.078257,1,1,1,1,1,1,0,1,512,512,512,512,512,512,0,512,128.5,128.5,128.5,128.5,128.5,128.5,0,128.5,0,0,0,0,0,0,0,0,1,295
1,0.073769,0.073769,0.073769,0.073769,0.073769,0.073769,0,0.073769,0.046547,0.046547,0.046547,0.046547,0.046547,0.046547,0,0.046547,-0.05723,-0.05723,-0.05723,-0.05723,-0.05723,-0.05723,0,-0.05723,1,1,1,1,1,1,0,1,512,512,512,512,512,512,0,512,128.5,128.5,128.5,128.5,128.5,128.5,0,128.5,0,0,0,0,0,0,0,0,1,296
1,0.062053,0.062053,0.062053,0.062053,0.062053,0.062053,0,0.062053,0.041541,0.041541,0.041541,0.041541,0.041541,0.041541,0,0.041541,0.046096,0.046096,0.046096,0.046096,0.046096,0.046096,0,0.046096,1,1,1,1,1,1,0,1,512,512,512,512,512,512,0,512,128.5,128.5,128.5,128.5,128.5,128.5,0,128.5,0,0,0,0,0,0,0,0,1,297
1,0.092344,0.092344,0.092344,0.092344,0.092344,0.092344,0,0.092344,0.051155,0.051155,0.051155,0.051155,0.051155,0.051155,0,0.051155,0.07688,0.07688,0.07688,0.07688,0.07688,0.07688,0,0.07688,1,1,1,1,1,1,0,1,512,512,512,512,512,512,0,512,128.5,128.5,128.5,128.5,128.5,128.5,0,128.5,0,0,0,0,0,0,0,0,1,298
1,0.095931,0.095931,0.095931,0.095931,0.095931,0.095931,0,0.095931,0.052279,0.052279,0.052279,0.052279,0.052279,0.052279,0,0.052279,0.080434,0.080434,0.080434,0.080434,0.080434,0.080434,0,0.080434,1,1,1,1,1,1,0,1,512,512,512,512,512,512,0,512,128.5,128.5,128.5,128.5,128.5,128.5,0,128.5,0,0,0,0,0,0,0,0,1,299
1,0.043275,0.043275,0.043275,0.043275,0.043275,0.043275,0,0.043275,0.04085,0.04085,0.04085,0.04085,0.04085,0.04085,0,0.04085,0.014284,0.014284,0.014284,0.014284,0.014284,0.014284,0,0.014284,1,1,1,1,1,1,0,1,512,512,512,512,512,512,0,512,128.5,128.5,128.5,128.5,128.5,128.5,0,128.5,0,0,0,0,0,0,0,0,1,300
1,0.087342,0.087342,0.087342,0.087342,0.087342,0.087342,0,0.087342,0.045148,0.045148,0.045148,0.045148,0.045148,0.045148,0,0.045148,-0.074769,-0.074769,-0.074769,-0.074769,-0.074769,-0.074769,0,-0.074769,1,1,1,1,1,1,0,1,512,512,512,512,512,512,0,512,128.5,128.5,128.5,128.5,128.5,128.5,0,128.5,0,0,0,0,0,0,0,0,1,301
1,0.09421,0.09421,0.09421,0.09421,0.09421,0.09421,0,0.09421,0.053527,0.053527,0.053527,0.053527,0.053527,0.053527,0,0.053527,-0.077527,-0.077527,-0.077527,-0.077527,-0.077527,-0.077527,0,-0.077527,1,1,1,1,1,1,0,1,512,512,512,512,512,512,0,512,128.5,128.5,128.5,128.5,128.5,128.5,0,128.5,0,0,0,0,0,0,0,0,1,302
1,0.081091,0.081091,0.081091,0.081091,0.081091,0.081091,0,0.081091,0.048084,0.048084,0.048084,0.048084,0.048084,0.048084,0,0.048084,-0.065296,-0.065296,-0.065296,-0.065296,-0.065296,-0.065296,0,-0.065296,1,1,1,1,1,1,0,1,512,512,512,512,512,512,0,512,128.5,128.5,128.5,128.5,128.5,128.5,0,128.5,0,0,0,0,0,0,0,0,1,303
1,0.053691,0.053691,0.053691,0.053691,0.053691,0.053691,0,0.053691,0.040971,0.040971,0.040971,0.040971,0.040971,0.040971,0,0.040971,0.034699,0.034699,0.034699,0.034699,0.034699,0.034699,0,0.034699,1,1,1,1,1,1,0,1,512,512,512,512,512,512,0,512,128.5,128.5,128.5,128.5,128.5,128.5,0,128.5,0,0,0,0,0,0,0,0,1,304
1,0.092063,0.092063,0.092063,0.092063,0.092063,0.092063,0,0.092063,0.050278,0.050278,0.050278,0.050278,0.050278,0.050278,0,0.050278,0.077121,0.077121,0.077121,0.077121,0.077121,0.077121,0,0.077121,1,1,1,1,1,1,0,1,512,512,512,512,512,512,0,512,128.5,128.5,128.5,128.5,128.5,128.5,0,128.5,0,0,0,0,0,0,0,0,1,305
1,0.0964,0.0964,0.0964,0.0964,0.0964,0.0964,0,0.0964,0.052916,0.052916,0.052916,0.052916,0.052916,0.052916,0,0.052916,0.080579,0.080579,0.080579,0.080579,0.080579,0.080579,0,0.080579,1,1,1,1,1,1,0,1,512,512,512,512,512,512,0,512,128.5,128.5,128.5,128.5,128.5,128.5,0,128.5,0,0,0,0,0,0,0,0,1,306
1,0.04919,0.04919,0.04919,0.04919,0.04919,0.04919,0,0.04919,0.041769,0.041769,0.041769,0.041769,0.041769,0.041769,0,0.041769,0.02598,0.02598,0.02598,0.02598,0.02598,0.02598,0,0.02598,1,1,1,1,1,1,0,1,512,512,512,512,512,512,0,512,128.5,128.5,128.5,128.5,128.5,128.5,0,128.5,0,0,0,0,0,0,0,0,1,307
1,0.083424,0.083424,0.083424,0.083424,0.083424,0.083424,0,0.083424,0.043882,0.043882,0.043882,0.043882,0.043882,0.043882,0,0.043882,-0.07095,-0.07095,-0.07095,-0.07095,-0.07095,-0.07095,0,-0.07095,1,1,1,1,1,1,0,1,512,512,512,512,512,512,0,512,128.5,128.5,128.5,128.5,128.5,128.5,0,128.5,0,0,0,0,0,0,0,0,1,308
1,0.093515,0.093515,0.093515,0.093515,0.093515,0.093515,0,0.093515,0.053129,0.053129,0.053129,0.053129,0.053129,0.053129,0,0.053129,-0.076957,-0.076957,-0.076957,-0.076957,-0.076957,-0.076957,0,-0.076957,1,1,1,1,1,1,0,1,512,512,512,512,512,512,0,512,128.5,128.5,128.5,128.5,128.5,128.5,0,128.5,0,0,0,0,0,0,0,0,1,309
1,0.087218,0.087218,0.087218,0.087218,0.087218,0.087218,0,0.087218,0.049559,0.049559,0.049559,0.049559,0.049559,0.049559,0,0.049559,-0.071769,-0.071769,-0.071769,-0.071769,-0.071769,-0.071769,0,-0.071769,1,1,1,1,1,1,0,1,512,512,512,512,512,512,0,512,128.5,128.5,128.5,128.5,128.5,128.5,0,128.5,0,0,0,0,0,0,0,0,1,310
1,0.046536,0.046536,0.046536,0.046536,0.046536,0.046536,0,0.046536,0.040634,0.040634,0.040634,0.040634,0.040634,0.040634,0,0.040634,0.022681,0.022681,0.022681,0.022681,0.022681,0.022681,0,0.022681,1,1,1,1,1,1,0,1,512,512,512,512,512,512,0,512,128.5,128.5,128.5,128.5,128.5,128.5,0,128.5,0,0,0,0,0,0,0,0,1,311
1,0.09179,0.09179,0.09179,0.09179,0.09179,0.09179,0,0.09179,0.049259,0.049259,0.049259,0.049259,0.049259,0.049259,0,0.049259,0.077452,0.077452,0.077452,0.077452,0.077452,0.077452,0,0.077452,1,1,1,1,1,1,0,1,512,512,512,512,512,512,0,512,128.5,128.5,128.5,128.5,128.5,128.5,0,128.5,0,0,0,0,0,0,0,0,1,312
1,0.096207,0.096207,0.096207,0.096207,0.096207,0.096207,0,0.096207,0.053303,0.053303,0.053303,0.053303,0.053303,0.053303,0,0.053303,0.08009,0.08009,0.08009,0.08009,0.08009,0.08009,0,0.08009,1,1,1,1,1,1,0,1,512,512,512,512,512,512,0,512,128.5,128.5,128.5,128.5,128.5,128.5,0,128.5,0,0,0,0,0,0,0,0,1,313
1,0.056753,0.056753,0.056753,0.056753,0.056753,0.056753,0,0.056753,0.042957,0.042957,0.042957,0.042957,0.042957,0.042957,0,0.042957,0.037089,0.037089,0.037089,0.037089,0.037089,0.037089,0,0.037089,1,1,1,1,1,1,0,1,512,512,512,512,512,512,0,512,128.5,128.5,128.5,128.5,128.5,128.5,0,128.5,0,0,0,0,0,0,0,0,1,314
1,0.077594,0.077594,0.077594,0.077594,0.077594,0.077594,0,0.077594,0.042729,0.042729,0.042729,0.042729,0.042729,0.042729,0,0.042729,-0.06477,-0.06477,-0.06477,-0.06477,-0.06477,-0.06477,0,-0.06477,1,1,1,1,1,1,0,1,512,512,512,512,512,512,0,512,128.5,128.5,128.5,128.5,128.5,128.5,0,128.5,0,0,0,0,0,0,0,0,1,315
1,0.092894,0.092894,0.092894,0.092894,0.092894,0.092894,0,0.092894,0.05259,0.05259,0.05259,0.05259,0.05259,0.05259,0,0.05259,-0.076574,-0.076574,-0.076574,-0.076574,-0.076574,-0.076574,0,-0.076574,1,1,1,1,1,1,0,1,512,512,512,512,512,512,0,512,128.5,128.5,128.5,128.5,128.5,128.5,0,128.5,0,0,0,0,0,0,0,0,1,316
1,0.091803,0.091803,0.091803,0.091803,0.091803,0.091803,0,0.091803,0.050892,0.050892,0.050892,0.050892,0.050892,0.050892,0,0.050892,-0.076405,-0.076405,-0.076405,-0.076405,-0.076405,-0.076405,0,-0.076405,1,1,1,1,1,1,0,1,512,512,512,512,512,512,0,512,128.5,128.5,128.5,128.5,128.5,128.5,0,128.5,0,0,0,0,0,0,0,0,1,317
1,0.041881,0.041881,0.041881,0.041881,0.041881,0.041881,0,0.041881,0.040574,0.040574,0.040574,0.040574,0.040574,0.040574,0,0.040574,0.010383,0.010383,0.010383,0.010383,0.010383,0.010383,0,0.010383,1,1,1,1,1,1,0,1,512,512,512,512,512,512,0,512,128.5,128.5,128.5,128.5,128.5,128.5,0,128.5,0,0,0,0,0,0,0,0,1,318
1,0.091329,0.091329,0.091329,0.091329,0.091329,0.091329,0,0.091329,0.048124,0.048124,0.048124,0.048124,0.048124,0.048124,0,0.048124,0.077621,0.077621,0.077621,0.077621,0.077621,0.077621,0,0.077621,1,1,1,1,1,1,0,1,512,512,512,512,512,512,0,512,128.5,128.5,128.5,128.5,128.5,128.5,0,128.5,0,0,0,0,0,0,0,0,1,319
1,0.095678,0.095678,0.095678,0.095678,0.095678,0.095678,0,0.095678,0.053481,0.053481,0.053481,0.053481,0.053481,0.053481,0,0.053481,0.079335,0.079335,0.079335,0.079335,0.079335,0.079335,0,0.079335,1,1,1,1,1,1,0,1,512,512,512,512,512,512,0,512,128.5,128.5,128.5,128.5,128.5,128.5,0,128.5,0,0,0,0,0,0,0,0,1,320
1,0.064917,0.064917,0.064917,0.064917,0.064917,0.064917,0,0.064917,0.044342,0.044342,0.044342,0.044342,0.044342,0.044342,0,0.044342,0.047414,0.047414,0.047414,0.047414,0.047414,0.047414,0,0.047414,1,1,1,1,1,1,0,1,512,512,512,512,512,512,0,512,128.5,128.5,128.5,128.5,128.5,128.5,0,128.5,0,0,0,0,0,0,0,0,1,321
1,0.070137,0.070137,0.070137,0.070137,0.070137,0.070137,0,0.070137,0.041743,0.041743,0.041743,0.041743,0.041743,0.041743,0,0.041743,-0.056362,-0.056362,-0.056362,-0.056362,-0.056362,-0.056362,0,-0.056362,1,1,1,1,1,1,0,1,512,512,512,512,512,512,0,512,128.5,128.5,128.5,128.5,128.5,128.5,0,128.5,0,0,0,0,0,0,0,0,1,322
1,0.092362,0.092362,0.092362,0.092362,0.092362,0.092362,0,0.092362,0.051916,0.051916,0.051916,0.051916,0.051916,0.051916,0,0.051916,-0.07639,-0.07639,-0.07639,-0.07639,-0.07639,-0.07639,0,-0.07639,1,1,1,1,1,1,0,1,512,512,512,512,512,512,0,512,128.5,128.5,128.5,128.5,128.5,128.5,0,128.5,0,0,0,0,0,0,0,0,1,323
1,0.094734,0.094734,0.094734,0.094734,0.094734,0.094734,0,0.094734,0.052008,0.052008,0.052008,0.052008,0.052008,0.052008,0,0.052008,-0.079182,-0.079182,-0.079182,-0.079182,-0.079182,-0.079182,0,-0.079182,1,1,1,1,1,1,0,1,512,512,512,512,512,512,0,512,128.5,128.5,128.5,128.5,128.5,128.5,0,128.5,0,0,0,0,0,0,0,0,1,324
1,0.040872,0.040872,0.040872,0.040872,0.040872,0.040872,0,0.040872,0.040826,0.040826,0.040826,0.040826,0.040826,0.040826,0,0.040826,-0.0019422,-0.0019422,-0.0019422,-0.0019422,-0.0019422,-0.0019422,0,-0.0019422,1,1,1,1,1,1,0,1,512,512,512,512,512,512,0,512,128.5,128.5,128.5,128.5,128.5,128.5,0,128.5,0,0,0,0,0,0,0,0,1,325
1,0.090282,0.090282,0.090282,0.090282,0.090282,0.090282,0,0.090282,0.046904,0.046904,0.046904,0.046904,0.046904,0.046904,0,0.046904,0.077142,0.077142,0.077142,0.077142,0.077142,0.077142,0,0.077142,1,1,1,1,1,1,0,1,512,512,512,512,512,512,0,512,128.5,128.5,128.5,128.5,128.5,128.5,0,128.5,0,0,0,0,0,0,0,0,1,326
1,0.095021,0.095021,0.095021,0.095021,0.095021,0.095021,0,0.095021,0.053472,0.053472,0.053472,0.053472,0.053472,0.053472,0,0.053472,0.078548,0.078548,0.078548,0.078548,0.078548,0.078548,0,0.078548,1,1,1,1,1,1,0,1,512,512,512,512,512,512,0,512,128.5,128.5,128.5,128.5,128.5,128.5,0,128.5,0,0,0,0,0,0,0,0,1,327
1,0.072956,0.072956,0.072956,0.072956,0.072956,0.072956,0,0.072956,0.045829,0.045829,0.045829,0.045829,0.045829,0.045829,0,0.045829,0.056764,0.056764,0.056764,0.056764,0.056764,0.056764,0,0.056764,1,1,1,1,1,1,0,1,512,512,512,512,512,512,0,512,128.5,128.5,128.5,128.5,128.5,128.5,0,128.5,0,0,0,0,0,0,0,0,1,328
1,0.061737,0.061737,0.061737,0.061737,0.061737,0.061737,0,0.061737,0.04095,0.04095,0.04095,0.04095,0.04095,0.04095,0,0.04095,-0.046201,-0.046201,-0.046201,-0.046201,-0.046201,-0.046201,0,-0.046201,1,1,1,1,1,1,0,1,512,512,512,512,512,512,0,512,128.5,128.5,128.5,128.5,128.5,128.5,0,128.5,0,0,0,0,0,0,0,0,1,329
1,0.091921,0.091921,0.091921,0.091921,0.091921,0.091921,0,0.091921,0.0511,0.0511,0.0511,0.0511,0.0511,0.0511,0,0.0511,-0.076408,-0.076408,-0.076408,-0.076408,-0.076408,-0.076408,0,-0.076408,1,1,1,1,1,1,0,1,512,512,512,512,512,512,0,512,128.5,128.5,128.5,128.5,128.5,128.5,0,128.5,0,0,0,0,0,0,0,0,1,330
1,0.096206,0.096206,0.096206,0.096206,0.096206,0.096206,0,0.096206,0.052858,0.052858,0.052858,0.052858,0.052858,0.052858,0,0.052858,-0.080384,-0.080384,-0.080384,-0.080384,-0.080384,-0.080384,0,-0.080384,1,1,1,1,1,1,0,1,512,512,512,512,512,512,0,512,128.5,128.5,128.5,128.5,128.5,128.5,0,128.5,0,0,0,0,0,0,0,0,1,331
1,0.043753,0.043753,0.043753,0.043753,0.043753,0.043753,0,0.043753,0.041418,0.041418,0.041418,0.041418,0.041418,0.041418,0,0.041418,-0.014102,-0.014102,-0.014102,-0.014102,-0.014102,-0.014102,0,-0.014102,1,1,1,1,1,1,0,1,512,512,512,512,512,512,0,512,128.5,128.5,128.5,128.5,128.5,128.5,0,128.5,0,0,0,0,0,0,0,0,1,332
1,0.088076,0.088076,0.088076,0.088076,0.088076,0.088076,0,0.088076,0.045658,0.045658,0.045658,0.045658,0.045658,0.045658,0,0.045658,0.075318,0.075318,0.075318,0.075318,0.075318,0.075318,0,0.075318,1,1,1,1,1,1,0,1,512,512,512,512,512,512,0,512,128.5,128.5,128.5,128.5,128.5,128.5,0,128.5,0,0,0,0,0,0,0,0,1,333
1,0.094354,0.094354,0.094354,0.094354,0.094354,0.094354,0,0.094354,0.053303,0.053303,0.053303,0.053303,0.053303,0.053303,0,0.053303,0.077855,0.077855,0.077855,0.077855,0.077855,0.077855,0,0.077855,1,1,1,1,1,1,0,1,512,512,512,512,512,512,0,512,128.5,128.5,128.5,128.5,128.5,128.5,0,128.5,0,0,0,0,0,0,0,0,1,334
1,0.08032,0.08032,0.08032,0.08032,0.08032,0.08032,0,0.08032,0.047349,0.047349,0.047349,0.047349,0.047349,0.047349,0,0.047349,0.064879,0.064879,0.064879,0.064879,0.064879,0.064879,0,0.064879,1,1,1,1,1,1,0,1,512,512,512,512,512,512,0,512,128.5,128.5,128.5,128.5,128.5,128.5,0,128.5,0,0,0,0,0,0,0,0,1,335
1,0.053363,0.053363,0.053363,0.053363,0.053363,0.053363,0,0.053363,0.040378,0.040378,0.040378,0.040378,0.040378,0.040378,0,0.040378,-0.034889,-0.034889,-0.034889,-0.034889,-0.034889,-0.034889,0,-0.034889,1,1,1,1,1,1,0,1,512,512,512,512,512,512,0,512,128.5,128.5,128.5,128.5,128.5,128.5,0,128.5,0,0,0,0,0,0,0,0,1,336
1,0.09156,0.09156,0.09156,0.09156,0.09156,0.09156,0,0.09156,0.050146,0.050146,0.050146,0.050146,0.050146,0.050146,0,0.050146,-0.076606,-0.076606,-0.076606,-0.076606,-0.076606,-0.076606,0,-0.076606,1,1,1,1,1,1,0,1,512,512,512,512,512,512,0,512,128.5,128.5,128.5,128.5,128.5,128.5,0,128.5,0,0,0,0,0,0,0,0,1,337
1,0.096602,0.096602,0.096602,0.096602,0.096602,0.096602,0,0.096602,0.053436,0.053436,0.053436,0.053436,0.053436,0.053436,0,0.053436,-0.080476,-0.080476,-0.080476,-0.080476,-0.080476,-0.080476,0,-0.080476,1,1,1,1,1,1,0,1,512,512,512,512,512,512,0,512,128.5,128.5,128.5,128.5,128.5,128.5,0,128.5,0,0,0,0,0,0,0,0,1,338
1,0.04962,0.04962,0.04962,0.04962,0.04962,0.04962,0,0.04962,0.042345,0.042345,0.042345,0.042345,0.042345,0.042345,0,0.042345,-0.025866,-0.025866,-0.025866,-0.025866,-0.025866,-0.025866,0,-0.025866,1,1,1,1,1,1,0,1,512,512,512,512,512,512,0,512,128.5,128.5,128.5,128.5,128.5,128.5,0,128.5,0,0,0,0,0,0,0,0,1,339
1,0.084173,0.084173,0.084173,0.084173,0.084173,0.084173,0,0.084173,0.044451,0.044451,0.044451,0.044451,0.044451,0.044451,0,0.044451,0.071479,0.071479,0.071479,0.071479,0.071479,0.071479,0,0.071479,1,1,1,1,1,1,0,1,512,512,512,512,512,512,0,512,128.5,128.5,128.5,128.5,128.5,128.5,0,128.5,0,0,0,0,0,0,0,0,1,340
1,0.093732,0.093732,0.093732,0.093732,0.093732,0.093732,0,0.093732,0.052986,0.052986,0.052986,0.052986,0.052986,0.052986,0,0.052986,0.077319,0.077319,0.077319,0.077319,0.077319,0.077319,0,0.077319,1,1,1,1,1,1,0,1,512,512,512,512,512,512,0,512,128.5,128.5,128.5,128.5,128.5,128.5,0,128.5,0,0,0,0,0,0,0,0,1,341
1,0.086527,0.086527,0.086527,0.086527,0.086527,0.086527,0,0.086527,0.048823,0.048823,0.048823,0.048823,0.048823,0.048823,0,0.048823,0.071436,0.071436,0.071436,0.071436,0.071436,0.071436,0,0.071436,1,1,1,1,1,1,0,1,512,512,512,512,512,512,0,512,128.5,128.5,128.5,128.5,128.5,128.5,0,128.5,0,0,0,0,0,0,0,0,1,342
1,0.04615,0.04615,0.04615,0.04615,0.04615,0.04615,0,0.04615,0.040046,0.040046,0.040046,0.040046,0.040046,0.040046,0,0.040046,-0.022937,-0.022937,-0.022937,-0.022937,-0.022937,-0.022937,0,-0.022937,1,1,1,1,1,1,0,1,512,512,512,512,512,512,0,512,128.5,128.5,128.5,128.5,128.5,128.5,0,128.5,0,0,0,0,0,0,0,0,1,343
1,0.091216,0.091216,0.091216,0.091216,0.091216,0.091216,0,0.091216,0.049053,0.049053,0.049053,0.049053,0.049053,0.049053,0,0.049053,-0.076904,-0.076904,-0.076904,-0.076904,-0.076904,-0.076904,0,-0.076904,1,1,1,1,1,1,0,1,512,512,512,512,512,512,0,512,128.5,128.5,128.5,128.5,128.5,128.5,0,128.5,0,0,0,0,0,0,0,0,1,344
1,0.096333,0.096333,0.096333,0.096333,0.096333,0.096333,0,0.096333,0.05376,0.05376,0.05376,0.05376,0.05376,0.05376,0,0.05376,-0.079936,-0.079936,-0.079936,-0.079936,-0.079936,-0.079936,0,-0.079936,1,1,1,1,1,1,0,1,512,512,512,512,512,512,0,512,128.5,128.5,128.5,128.5,128.5,128.5,0,128.5,0,0,0,0,0,0,0,0,1,345
1,0.057166,0.057166,0.057166,0.057166,0.057166,0.057166,0,0.057166,0.043552,0.043552,0.043552,0.043552,0.043552,0.043552,0,0.043552,-0.037029,-0.037029,-0.037029,-0.037029,-0.037029,-0.037029,0,-0.037029,1,1,1,1,1,1,0,1,512,512,512,512,512,512,0,512,128.5,128.5,128.5,128.5,128.5,128.5,0,128.5,0,0,0,0,0,0,0,0,1,346
1,0.078357,0.078357,0.078357,0.078357,0.078357,0.078357,0,0.078357,0.043339,0.043339,0.043339,0.043339,0.043339,0.043339,0,0.043339,0.06528,0.06528,0.06528,0.06528,0.06528,0.06528,0,0.06528,1,1,1,1,1,1,0,1,512,512,512,512,512,512,0,512,128.5,128.5,128.5,128.5,128.5,128.5,0,128.5,0,0,0,0,0,0,0,0,1,347
1,0.093186,0.093186,0.093186,0.093186,0.093186,0.093186,0,0.093186,0.052528,0.052528,0.052528,0.052528,0.052528,0.052528,0,0.052528,0.07697,0.07697,0.07697,0.07697,0.07697,0.07697,0,0.07697,1,1,1,1,1,1,0,1,512,512,512,512,512,512,0,512,128.5,128.5,128.5,128.5,128.5,128.5,0,128.5,0,0,0,0,0,0,0,0,1,348
1,0.09122,0.09122,0.09122,0.09122,0.09122,0.09122,0,0.09122,0.050176,0.050176,0.050176,0.050176,0.050176,0.050176,0,0.050176,0.07618,0.07618,0.07618,0.07618,0.07618,0.07618,0,0.07618,1,1,1,1,1,1,0,1,512,512,512,512,512,512,0,512,128.5,128.5,128.5,128.5,128.5,128.5,0,128.5,0,0,0,0,0,0,0,0,1,349
1,0.041397,0.041397,0.041397,0.041397,0.041397,0.041397,0,0.041397,0.039988,0.039988,0.039988,0.039988,0.039988,0.039988,0,0.039988,-0.010708,-0.010708,-0.010708,-0.010708,-0.010708,-0.010708,0,-0.010708,1,1,1,1,1,1,0,1,512,512,512,512,512,512,0,512,128.5,128.5,128.5,128.5,128.5,128.5,0,128.5,0,0,0,0,0,0,0,0,1,350
1,0.09071,0.09071,0.09071,0.09071,0.09071,0.09071,0,0.09071,0.047839,0.047839,0.047839,0.047839,0.047839,0.047839,0,0.047839,-0.07707,-0.07707,-0.07707,-0.07707,-0.07707,-0.07707,0,-0.07707,1,1,1,1,1,1,0,1,512,512,512,512,512,512,0,512,128.5,128.5,128.5,128.5,128.5,128.5,0,128.5,0,0,0,0,0,0,0,0,1,351
1,0.095727,0.095727,0.095727,0.095727,0.095727,0.095727,0,0.095727,0.053868,0.053868,0.053868,0.053868,0.053868,0.053868,0,0.053868,-0.079132,-0.079132,-0.079132,-0.079132,-0.079132,-0.079132,0,-0.079132,1,1,1,1,1,1,0,1,512,512,512,512,512,512,0,512,128.5,128.5,128.5,128.5,128.5,128.5,0,128.5,0,0,0,0,0,0,0,0,1,352
1,0.065325,0.065325,0.065325,0.065325,0.065325,0.065325,0,0.065325,0.044959,0.044959,0.044959,0.044959,0.044959,0.044959,0,0.044959,-0.047393,-0.047393,-0.047393,-0.047393,-0.047393,-0.047393,0,-0.047393,1,1,1,1,1,1,0,1,512,512,512,512,512,512,0,512,128.5,128.5,128.5,128.5,128.5,128.5,0,128.5,0,0,0,0,0,0,0,0,1,353
1,0.070907,0.070907,0.070907,0.070907,0.070907,0.070907,0,0.070907,0.042372,0.042372,0.042372,0.042372,0.042372,0.042372,0,0.042372,0.056854,0.056854,0.056854,0.056854,0.056854,0.056854,0,0.056854,1,1,1,1,1,1,0,1,512,512,512,512,512,512,0,512,128.5,128.5,128.5,128.5,128.5,128.5,0,128.5,0,0,0,0,0,0,0,0,1,354
1,0.092728,0.092728,0.092728,0.092728,0.092728,0.092728,0,0.092728,0.051934,0.051934,0.051934,0.051934,0.051934,0.051934,0,0.051934,0.07682,0.07682,0.07682,0.07682,0.07682,0.07682,0,0.07682,1,1,1,1,1,1,0,1,512,512,512,512,512,512,0,512,128.5,128.5,128.5,128.5,128.5,128.5,0,128.5,0,0,0,0,0,0,0,0,1,355
1,0.09428,0.09428,0.09428,0.09428,0.09428,0.09428,0,0.09428,0.051333,0.051333,0.051333,0.051333,0.051333,0.051333,0,0.051333,0.07908,0.07908,0.07908,0.07908,0.07908,0.07908,0,0.07908,1,1,1,1,1,1,0,1,512,512,512,512,512,512,0,512,128.5,128.5,128.5,128.5,128.5,128.5,0,128.5,0,0,0,0,0,0,0,0,1,356
1,0.040265,0.040265,0.040265,0.040265,0.040265,0.040265,0,0.040265,0.040235,0.040235,0.040235,0.040235,0.040235,0.040235,0,0.040235,0.0015505,0.0015505,0.0015505,0.0015505,0.0015505,0.0015505,0,0.0015505,1,1,1,1,1,1,0,1,512,512,512,512,512,512,0,512,128.5,128.5,128.5,128.5,128.5,128.5,0,128.5,0,0,0,0,0,0,0,0,1,357
1,0.089661,0.089661,0.089661,0.089661,0.089661,0.089661,0,0.089661,0.046541,0.046541,0.046541,0.046541,0.046541,0.046541,0,0.046541,-0.076636,-0.076636,-0.076636,-0.076636,-0.076636,-0.076636,0,-0.076636,1,1,1,1,1,1,0,1,512,512,512,512,512,512,0,512,128.5,128.5,128.5,128.5,128.5,128.5,0,128.5,0,0,0,0,0,0,0,0,1,358
1,0.094995,0.094995,0.094995,0.094995,0.094995,0.094995,0,0.094995,0.053788,0.053788,0.053788,0.053788,0.053788,0.053788,0,0.053788,-0.078299,-0.078299,-0.078299,-0.078299,-0.078299,-0.078299,0,-0.078299,1,1,1,1,1,1,0,1,512,512,512,512,512,512,0,512,128.5,128.5,128.5,128.5,128.5,128.5,0,128.5,0,0,0,0,0,0,0,0,1,359
1,0.073362,0.073362,0.073362,0.073362,0.073362,0.073362,0,0.073362,0.046469,0.046469,0.046469,0.046469,0.046469,0.046469,0,0.046469,-0.056768,-0.056768,-0.056768,-0.056768,-0.056768,-0.056768,0,-0.056768,1,1,1,1,1,1,0,1,512,512,512,512,512,512,0,512,128.5,128.5,128.5,128.5,128.5,128.5,0,128.5,0,0,0,0,0,0,0,0,1,360
1,0.062511,0.062511,0.062511,0.062511,0.062511,0.062511,0,0.062511,0.041581,0.041581,0.041581,0.041581,0.041581,0.041581,0,0.041581,0.046676,0.046676,0.046676,0.046676,0.046676,0.046676,0,0.046676,1,1,1,1,1,1,0,1,512,512,512,512,512,512,0,512,128.5,128.5,128.5,128.5,128.5,128.5,0,128.5,0,0,0,0,0,0,0,0,1,361
1,0.092363,0.092363,0.092363,0.092363,0.092363,0.092363,0,0.092363,0.051202,0.051202,0.051202,0.051202,0.051202,0.051202,0,0.051202,0.076872,0.076872,0.076872,0.076872,0.076872,0.076872,0,0.076872,1,1,1,1,1,1,0,1,512,512,512,512,512,512,0,512,128.5,128.5,128.5,128.5,128.5,128.5,0,128.5,0,0,0,0,0,0,0,0,1,362
1,0.095883,0.095883,0.095883,0.095883,0.095883,0.095883,0,0.095883,0.052241,0.052241,0.052241,0.052241,0.052241,0.052241,0,0.052241,0.080401,0.080401,0.080401,0.080401,0.080401,0.080401,0,0.080401,1,1,1,1,1,1,0,1,512,512,512,512,512,512,0,512,128.5,128.5,128.5,128.5,128.5,128.5,0,128.5,0,0,0,0,0,0,0,0,1,363
1,0.043032,0.043032,0.043032,0.043032,0.043032,0.043032,0,0.043032,0.040812,0.040812,0.040812,0.040812,0.040812,0.040812,0,0.040812,0.013642,0.013642,0.013642,0.013642,0.013642,0.013642,0,0.013642,1,1,1,1,1,1,0,1,512,512,512,512,512,512,0,512,128.5,128.5,128.5,128.5,128.5,128.5,0,128.5,0,0,0,0,0,0,0,0,1,364
1,0.087505,0.087505,0.087505,0.087505,0.087505,0.087505,0,0.087505,0.045221,0.045221,0.045221,0.045221,0.045221,0.045221,0,0.045221,-0.074914,-0.074914,-0.074914,-0.074914,-0.074914,-0.074914,0,-0.074914,1,1,1,1,1,1,0,1,512,512,512,512,512,512,0,512,128.5,128.5,128.5,128.5,128.5,128.5,0,128.5,0,0,0,0,0,0,0,0,1,365
1,0.094251,0.094251,0.094251,0.094251,0.094251,0.094251,0,0.094251,0.053547,0.053547,0.053547,0.053547,0.053547,0.053547,0,0.053547,-0.077562,-0.077562,-0.077562,-0.077562,-0.077562,-0.077562,0,-0.077562,1,1,1,1,1,1,0,1,512,512,512,512,512,512,0,512,128.5,128.5,128.5,128.5,128.5,128.5,0,128.5,0,0,0,0,0,0,0,0,1,366
1,0.080723,0.080723,0.080723,0.080723,0.080723,0.080723,0,0.080723,0.048004,0.048004,0.048004,0.048004,0.048004,0.048004,0,0.048004,-0.064898,-0.064898,-0.064898,-0.064898,-0.064898,-0.064898,0,-0.064898,1,1,1,1,1,1,0,1,512,512,512,512,512,512,0,512,128.5,128.5,128.5,128.5,128.5,128.5,0,128.5,0,0,0,0,0,0,0,0,1,367
1,0.054127,0.054127,0.054127,0.054127,0.054127,0.054127,0,0.054127,0.040998,0.040998,0.040998,0.040998,0.040998,0.040998,0,0.040998,0.03534,0.03534,0.03534,0.03534,0.03534,0.03534,0,0.03534,1,1,1,1,1,1,0,1,512,512,512,512,512,512,0,512,128.5,128.5,128.5,128.5,128.5,128.5,0,128.5,0,0,0,0,0,0,0,0,1,368
1,0.092078,0.092078,0.092078,0.092078,0.092078,0.092078,0,0.092078,0.05033,0.05033,0.05033,0.05033,0.05033,0.05033,0,0.05033,0.077105,0.077105,0.077105,0.077105,0.077105,0.077105,0,0.077105,1,1,1,1,1,1,0,1,512,512,512,512,512,512,0,512,128.5,128.5,128.5,128.5,128.5,128.5,0,128.5,0,0,0,0,0,0,0,0,1,369
1,0.096397,0.096397,0.096397,0.096397,0.096397,0.096397,0,0.096397,0.052889,0.052889,0.052889,0.052889,0.052889,0.052889,0,0.052889,0.080592,0.080592,0.080592,0.080592,0.080592,0.080592,0,0.080592,1,1,1,1,1,1,0,1,512,512,512,512,512,512,0,512,128.5,128.5,128.5,128.5,128.5,128.5,0,128.5,0,0,0,0,0,0,0,0,1,370
1,0.048814,0.048814,0.048814,0.048814,0.048814,0.048814,0,0.048814,0.041713,0.041713,0.041713,0.041713,0.041713,0.041713,0,0.041713,0.025355,0.025355,0.025355,0.025355,0.025355,0.025355,0,0.025355,1,1,1,1,1,1,0,1,512,512,512,512,512,512,0,512,128.5,128.5,128.5,128.5,128.5,128.5,0,128.5,0,0,0,0,0,0,0,0,1,371
1,0.083689,0.083689,0.083689,0.083689,0.083689,0.083689,0,0.083689,0.04395,0.04395,0.04395,0.04395,0.04395,0.04395,0,0.04395,-0.07122,-0.07122,-0.07122,-0.07122,-0.07122,-0.07122,0,-0.07122,1,1,1,1,1,1,0,1,512,512,512,512,512,512,0,512,128.5,128.5,128.5,128.5,128.5,128.5,0,128.5,0,0,0,0,0,0,0,0,1,372
1,0.093553,0.093553,0.093553,0.093553,0.093553,0.093553,0,0.093553,0.053156,0.053156,0.053156,0.053156,0.053156,0.053156,0,0.053156,-0.076984,-0.076984,-0.076984,-0.076984,-0.076984,-0.076984,0,-0.076984,1,1,1,1,1,1,0,1,512,512,512,512,512,512,0,512,128.5,128.5,128.5,128.5,128.5,128.5,0,128.5,0,0,0,0,0,0,0,0,1,373
1,0.086921,0.086921,0.086921,0.086921,0.086921,0.086921,0,0.086921,0.049483,0.049483,0.049483,0.049483,0.049483,0.049483,0,0.049483,-0.071461,-0.071461,-0.071461,-0.071461,-0.071461,-0.071461,0,-0.071461,1,1,1,1,1,1,0,1,512,512,512,512,512,512,0,512,128.5,128.5,128.5,128.5,128.5,128.5,0,128.5,0,0,0,0,0,0,0,0,1,374
1,0.04688,0.04688,0.04688,0.04688,0.04688,0.04688,0,0.04688,0.040648,0.040648,0.040648,0.040648,0.040648,0.040648,0,0.040648,0.023354,0.023354,0.023354,0.023354,0.023354,0.023354,0,0.023354,1,1,1,1,1,1,0,1,512,512,512,512,512,512,0,512,128.5,128.5,128.5,128.5,128.5,128.5,0,128.5,0,0,0,0,0,0,0,0,1,375
1,0.091808,0.091808,0.091808,0.091808,0.091808,0.091808,0,0.091808,0.049321,0.049321,0.049321,0.049321,0.049321,0.049321,0,0.049321,0.077435,0.077435,0.077435,0.077435,0.077435,0.077435,0,0.077435,1,1,1,1,1,1,0,1,512,512,512,512,512,512,0,512,128.5,128.5,128.5,128.5,128.5,128.5,0,128.5,0,0,0,0,0,0,0,0,1,376
1,0.09623,0.09623,0.09623,0.09623,0.09623,0.09623,0,0.09623,0.05329,0.05329,0.05329,0.05329,0.05329,0.05329,0,0.05329,0.080127,0.080127,0.080127,0.080127,0.080127,0.080127,0,0.080127,1,1,1,1,1,1,0,1,512,512,512,512,512,512,0,512,128.5,128.5,128.5,128.5,128.5,128.5,0,128.5,0,0,0,0,0,0,0,0,1,377
1,0.056311,0.056311,0.056311,0.056311,0.056311,0.056311,0,0.056311,0.042888,0.042888,0.042888,0.042888,0.042888,0.042888,0,0.042888,0.03649,0.03649,0.03649,0.03649,0.03649,0.03649,0,0.03649,1,1,1,1,1,1,0,1,512,512,512,512,512,512,0,512,128.5,128.5,128.5,128.5,128.5,128.5,0,128.5,0,0,0,0,0,0,0,0,1,378
1,0.077969,0.077969,0.077969,0.077969,0.077969,0.077969,0,0.077969,0.042791,0.042791,0.042791,0.042791,0.042791,0.042791,0,0.042791,-0.065178,-0.065178,-0.065178,-0.065178,-0.065178,-0.065178,0,-0.065178,1,1,1,1,1,1,0,1,512,512,512,512,512,512,0,512,128.5,128.5,128.5,128.5,128.5,128.5,0,128.5,0,0,0,0,0,0,0,0,1,379
1,0.092928,0.092928,0.092928,0.092928,0.092928,0.092928,0,0.092928,0.052626,0.052626,0.052626,0.052626,0.052626,0.052626,0,0.052626,-0.076591,-0.076591,-0.076591,-0.076591,-0.076591,-0.076591,0,-0.076591,1,1,1,1,1,1,0,1,512,512,512,512,512,512,0,512,128.5,128.5,128.5,128.5,128.5,128.5,0,128.5,0,0,0,0,0,0,0,0,1,380
1,0.091592,0.091592,0.091592,0.091592,0.091592,0.091592,0,0.091592,0.050824,0.050824,0.050824,0.050824,0.050824,0.050824,0,0.050824,-0.076196,-0.076196,-0.076196,-0.076196,-0.076196,-0.076196,0,-0.076196,1,1,1,1,1,1,0,1,512,512,512,512,512,512,0,512,128.5,128.5,128.5,128.5,128.5,128.5,0,128.5,0,0,0,0,0,0,0,0,1,381
1,0.042055,0.042055,0.042055,0.042055,0.042055,0.042055,0,0.042055,0.04057,0.04057,0.04057,0.04057,0.04057,0.04057,0,0.04057,0.011077,0.011077,0.011077,0.011077,0.011077,0.011077,0,0.011077,1,1,1,1,1,1,0,1,512,512,512,512,512,512,0,512,128.5,128.5,128.5,128.5,128.5,128.5,0,128.5,0,0,0,0,0,0,0,0,1,382
1,0.091367,0.091367,0.091367,0.091367,0.091367,0.091367,0,0.091367,0.048192,0.048192,0.048192,0.048192,0.048192,0.048192,0,0.048192,0.077624,0.077624,0.077624,0.077624,0.077624,0.077624,0,0.077624,1,1,1,1,1,1,0,1,512,512,512,512,512,512,0,512,128.5,128.5,128.5,128.5,128.5,128.5,0,128.5,0,0,0,0,0,0,0,0,1,383
1,0.095714,0.095714,0.095714,0.095714,0.095714,0.095714,0,0.095714,0.053477,0.053477,0.053477,0.053477,0.053477,0.053477,0,0.053477,0.07938,0.07938,0.07938,0.07938,0.07938,0.07938,0,0.07938,1,1,1,1,1,1,0,1,512,512,512,512,512,512,0,512,128.5,128.5,128.5,128.5,128.5,128.5,0,128.5,0,0,0,0,0,0,0,0,1,384
1,0.064456,0.064456,0.064456,0.064456,0.064456,0.064456,0,0.064456,0.044261,0.044261,0.044261,0.044261,0.044261,0.044261,0,0.044261,0.046857,0.046857,0.046857,0.046857,0.046857,0.046857,0,0.046857,1,1,1,1,1,1,0,1,512,512,512,512,512,512,0,512,128.5,128.5,128.5,128.5,128.5,128.5,0,128.5,0,0,0,0,0,0,0,0,1,385
1,0.070592,0.070592,0.070592,0.070592,0.070592,0.070592,0,0.070592,0.041795,0.041795,0.041795,0.041795,0.041795,0.041795,0,0.041795,-0.056889,-0.056889,-0.056889,-0.056889,-0.056889,-0.056889,0,-0.056889,1,1,1,1,1,1,0,1,512,512,512,512,512,512,0,512,128.5,128.5,128.5,128.5,128.5,128.5,0,128.5,0,0,0,0,0,0,0,0,1,386
1,0.09239,0.09239,0.09239,0.09239,0.09239,0.09239,0,0.09239,0.051958,0.051958,0.051958,0.051958,0.051958,0.051958,0,0.051958,-0.076396,-0.076396,-0.076396,-0.076396,-0.076396,-0.076396,0,-0.076396,1,1,1,1,1,1,0,1,512,512,512,512,512,512,0,512,128.5,128.5,128.5,128.5,128.5,128.5,0,128.5,0,0,0,0,0,0,0,0,1,387
1,0.094612,0.094612,0.094612,0.094612,0.094612,0.094612,0,0.094612,0.051953,0.051953,0.051953,0.051953,0.051953,0.051953,0,0.051953,-0.079071,-0.079071,-0.079071,-0.079071,-0.079071,-0.079071,0,-0.079071,1,1,1,1,1,1,0,1,512,512,512,512,512,512,0,512,128.5,128.5,128.5,128.5,128.5,128.5,0,128.5,0,0,0,0,0,0,0,0,1,388
1,0.040822,0.040822,0.040822,0.040822,0.040822,0.040822,0,0.040822,0.040803,0.040803,0.040803,0.040803,0.040803,0.040803,0,0.040803,-0.0012473,-0.0012473,-0.0012473,-0.0012473,-0.0012473,-0.0012473,0,-0.0012473,1,1,1,1,1,1,0,1,512,512,512,512,512,512,0,512,128.5,128.5,128.5,128.5,128.5,128.5,0,128.5,0,0,0,0,0,0,0,0,1,389
1,0.090368,0.090368,0.090368,0.090368,0.090368,0.090368,0,0.090368,0.046976,0.046976,0.046976,0.046976,0.046976,0.046976,0,0.046976,0.077199,0.077199,0.077199,0.077199,0.077199,0.077199,0,0.077199,1,1,1,1,1,1,0,1,512,512,512,512,512,512,0,512,128.5,128.5,128.5,128.5,128.5,128.5,0,128.5,0,0,0,0,0,0,0,0,1,390
1,0.095061,0.095061,0.095061,0.095061,0.095061,0.095061,0,0.095061,0.053478,0.053478,0.053478,0.053478,0.053478,0.053478,0,0.053478,0.078591,0.078591,0.078591,0.078591,0.078591,0.078591,0,0.078591,1,1,1,1,1,1,0,1,512,512,512,512,512,512,0,512,128.5,128.5,128.5,128.5,128.5,128.5,0,128.5,0,0,0,0,0,0,0,0,1,391
1,0.072513,0.072513,0.072513,0.072513,0.072513,0.072513,0,0.072513,0.045745,0.045745,0.045745,0.045745,0.045745,0.045745,0,0.045745,0.056263,0.056263,0.056263,0.056263,0.056263,0.056263,0,0.056263,1,1,1,1,1,1,0,1,512,512,512,512,512,512,0,512,128.5,128.5,128.5,128.5,128.5,128.5,0,128.5,0,0,0,0,0,0,0,0,1,392
1,0.062227,0.062227,0.062227,0.062227,0.062227,0.062227,0,0.062227,0.040991,0.040991,0.040991,0.040991,0.040991,0.040991,0,0.040991,-0.046818,-0.046818,-0.046818,-0.046818,-0.046818,-0.046818,0,-0.046818,1,1,1,1,1,1,0,1,512,512,512,512,512,512,0,512,128.5,128.5,128.5,128.5,128.5,128.5,0,128.5,0,0,0,0,0,0,0,0,1,393
1,0.091944,0.091944,0.091944,0.091944,0.091944,0.091944,0,0.091944,0.051152,0.051152,0.051152,0.051152,0.051152,0.051152,0,0.051152,-0.076402,-0.076402,-0.076402,-0.076402,-0.076402,-0.076402,0,-0.076402,1,1,1,1,1,1,0,1,512,512,512,512,512,512,0,512,128.5,128.5,128.5,128.5,128.5,128.5,0,128.5,0,0,0,0,0,0,0,0,1,394
1,0.096156,0.096156,0.096156,0.096156,0.096156,0.096156,0,0.096156,0.052818,0.052818,0.052818,0.052818,0.052818,0.052818,0,0.052818,-0.08035,-0.08035,-0.08035,-0.08035,-0.08035,-0.08035,0,-0.08035,1,1,1,1,1,1,0,1,512,512,512,512,512,512,0,512,128.5,128.5,128.5,128.5,128.5,128.5,0,128.5,0,0,0,0,0,0,0,0,1,395
1,0.043496,0.043496,0.043496,0.043496,0.043496,0.043496,0,0.043496,0.041376,0.041376,0.041376,0.041376,0.041376,0.041376,0,0.041376,-0.013413,-0.013413,-0.013413,-0.013413,-0.013413,-0.013413,0,-0.013413,1,1,1,1,1,1,0,1,512,512,512,512,512,512,0,512,128.5,128.5,128.5,128.5,128.5,128.5,0,128.5,0,0,0,0,0,0,0,0,1,396
1,0.088246,0.088246,0.088246,0.088246,0.088246,0.088246,0,0.088246,0.04573,0.04573,0.04573,0.04573,0.04573,0.04573,0,0.04573,0.075472,0.075472,0.075472,0.075472,0.075472,0.075472,0,0.075472,1,1,1,1,1,1,0,1,512,512,512,512,512,512,0,512,128.5,128.5,128.5,128.5,128.5,128.5,0,128.5,0,0,0,0,0,0,0,0,1,397
1,0.094392,0.094392,0.094392,0.094392,0.094392,0.094392,0,0.094392,0.053318,0.053318,0.053318,0.053318,0.053318,0.053318,0,0.053318,0.077891,0.077891,0.077891,0.077891,0.077891,0.077891,0,0.077891,1,1,1,1,1,1,0,1,512,512,512,512,512,512,0,512,128.5,128.5,128.5,128.5,128.5,128.5,0,128.5,0,0,0,0,0,0,0,0,1,398
1,0.079925,0.079925,0.079925,0.079925,0.079925,0.079925,0,0.079925,0.047263,0.047263,0.047263,0.047263,0.047263,0.047263,0,0.047263,0.064452,0.064452,0.064452,0.064452,0.064452,0.064452,0,0.064452,1,1,1,1,1,1,0,1,512,512,512,512,512,512,0,512,128.5,128.5,128.5,128.5,128.5,128.5,0,128.5,0,0,0,0,0,0,0,0,1,399
