"N","min(velocity_magnitude)","q1(velocity_magnitude)","med(velocity_magnitude)","q3(velocity_magnitude)","max(velocity_magnitude)","avg(velocity_magnitude)","std(velocity_magnitude)","sum(velocity_magnitude)","min(velocity_x)","q1(velocity_x)","med(velocity_x)","q3(velocity_x)","max(velocity_x)","avg(velocity_x)","std(velocity_x)","sum(velocity_x)","min(velocity_y)","q1(velocity_y)","med(velocity_y)","q3(velocity_y)","max(velocity_y)","avg(velocity_y)","std(velocity_y)","sum(velocity_y)","min(vtkValidPointMask)","q1(vtkValidPointMask)","med(vtkValidPointMask)","q3(vtkValidPointMask)","max(vtkValidPointMask)","avg(vtkValidPointMask)","std(vtkValidPointMask)","sum(vtkValidPointMask)","min(X)","q1(X)","med(X)","q3(X)","max(X)","avg(X)","std(X)","sum(X)","min(Y)","q1(Y)","med(Y)","q3(Y)","max(Y)","avg(Y)","std(Y)","sum(Y)","min(Z)","q1(Z)","med(Z)","q3(Z)","max(Z)","avg(Z)","std(Z)","sum(Z)","vtkValidPointMask","Time"
1,0,0,0,0,0,0,0,0,0,0,0,0,0,0,0,0,0,0,0,0,0,0,0,0,1,1,1,1,1,1,0,1,768,768,768,768,768,768,0,768,193,193,193,193,193,193,0,193,0,0,0,0,0,0,0,0,1,0
1,6.4121e-16,6.4121e-16,6.4121e-16,6.4121e-16,6.4121e-16,6.4121e-16,0,6.4121e-16,-1.5959e-16,-1.5959e-16,-1.5959e-16,-1.5959e-16,-1.5959e-16,-1.5959e-16,0,-1.5959e-16,6.2103e-16,6.2103e-16,6.2103e-16,6.2103e-16,6.2103e-16,6.2103e-16,0,6.2103e-16,1,1,1,1,1,1,0,1,768,768,768,768,768,768,0,768,193,193,193,193,193,193,0,193,0,0,0,0,0,0,0,0,1,1
1,1.7263e-15,1.7263e-15,1.7263e-15,1.7263e-15,1.7263e-15,1.7263e-15,0,1.7263e-15,-1.7243e-15,-1.7243e-15,-1.7243e-15,-1.7243e-15,-1.7243e-15,-1.7243e-15,0,-1.7243e-15,-8.3267e-17,-8.3267e-17,-8.3267e-17,-8.3267e-17,-8.3267e-17,-8.3267e-17,0,-8.3267e-17,1,1,1,1,1,1,0,1,768,768,768,768,768,768,0,768,193,193,193,193,193,193,0,193,0,0,0,0,0,0,0,0,1,2
1,0.013808,0.013808,0.013808,0.013808,0.013808,0.013808,0,0.013808,0.013808,0.013808,0.013808,0.013808,0.013808,0.013808,0,0.013808,-5.2064e-05,-5.2064e-05,-5.2064e-05,-5.2064e-05,-5.2064e-05,-5.2064e-05,0,-5.2064e-05,1,1,1,1,1,1,0,1,768,768,768,768,768,768,0,768,193,193,193,193,193,193,0,193,0,0,0,0,0,0,0,0,1,3
1,0.027811,0.027811,0.027811,0.027811,0.027811,0.027811,0,0.027811,0.027811,0.027811,0.027811,0.027811,0.027811,0.027811,0,0.027811,-2.7335e-05,-2.7335e-05,-2.7335e-05,-2.7335e-05,-2.7335e-05,-2.7335e-05,0,-2.7335e-05,1,1,1,1,1,1,0,1,768,768,768,768,768,768,0,768,193,193,193,193,193,193,0,193,0,0,0,0,0,0,0,0,1,4
1,0.033753,0.033753,0.033753,0.033753,0.033753,0.033753,0,0.033753,0.033753,0.033753,0.033753,0.033753,0.033753,0.033753,0,0.033753,-3.36e-05,-3.36e-05,-3.36e-05,-3.36e-05,-3.36e-05,-3.36e-05,0,-3.36e-05,1,1,1,1,1,1,0,1,768,768,768,768,768,768,0,768,193,193,193,193,193,193,0,193,0,0,0,0,0,0,0,0,1,5
1,0.037095,0.037095,0.037095,0.037095,0.037095,0.037095,0,0.037095,0.037095,0.037095,0.037095,0.037095,0.037095,0.037095,0,0.037095,-3.6605e-05,-3.6605e-05,-3.6605e-05,-3.6605e-05,-3.6605e-05,-3.6605e-05,0,-3.6605e-05,1,1,1,1,1,1,0,1,768,768,768,768,768,768,0,768,193,193,193,193,193,193,0,193,0,0,0,0,0,0,0,0,1,6
1,0.042269,0.042269,0.042269,0.042269,0.042269,0.042269,0,0.042269,0.042269,0.042269,0.042269,0.042269,0.042269,0.042269,0,0.042269,-5.3325e-05,-5.3325e-05,-5.3325e-05,-5.3325e-05,-5.3325e-05,-5.3325e-05,0,-5.3325e-05,1,1,1,1,1,1,0,1,768,768,768,768,768,768,0,768,193,193,193,193,193,193,0,193,0,0,0,0,0,0,0,0,1,7
1,0.046209,0.046209,0.046209,0.046209,0.046209,0.046209,0,0.046209,0.046209,0.046209,0.046209,0.046209,0.046209,0.046209,0,0.046209,-6.7863e-05,-6.7863e-05,-6.7863e-05,-6.7863e-05,-6.7863e-05,-6.7863e-05,0,-6.7863e-05,1,1,1,1,1,1,0,1,768,768,768,768,768,768,0,768,193,193,193,193,193,193,0,193,0,0,0,0,0,0,0,0,1,8
1,0.049682,0.049682,0.049682,0.049682,0.049682,0.049682,0,0.049682,0.049682,0.049682,0.049682,0.049682,0.049682,0.049682,0,0.049682,-9.2405e-05,-9.2405e-05,-9.2405e-05,-9.2405e-05,-9.2405e-05,-9.2405e-05,0,-9.2405e-05,1,1,1,1,1,1,0,1,768,768,768,768,768,768,0,768,193,193,193,193,193,193,0,193,0,0,0,0,0,0,0,0,1,9
1,0.050412,0.050412,0.050412,0.050412,0.050412,0.050412,0,0.050412,0.050412,0.050412,0.050412,0.050412,0.050412,0.050412,0,0.050412,-0.00011069,-0.00011069,-0.00011069,-0.00011069,-0.00011069,-0.00011069,0,-0.00011069,1,1,1,1,1,1,0,1,768,768,768,768,768,768,0,768,193,193,193,193,193,193,0,193,0,0,0,0,0,0,0,0,1,10
1,0.052148,0.052148,0.052148,0.052148,0.052148,0.052148,0,0.052148,0.052148,0.052148,0.052148,0.052148,0.052148,0.052148,0,0.052148,-0.00014374,-0.00014374,-0.00014374,-0.00014374,-0.00014374,-0.00014374,0,-0.00014374,1,1,1,1,1,1,0,1,768,768,768,768,768,768,0,768,193,193,193,193,193,193,0,193,0,0,0,0,0,0,0,0,1,11
1,0.052731,0.052731,0.052731,0.052731,0.052731,0.052731,0,0.052731,0.05273,0.05273,0.05273,0.05273,0.05273,0.05273,0,0.05273,-0.00020144,-0.00020144,-0.00020144,-0.00020144,-0.00020144,-0.00020144,0,-0.00020144,1,1,1,1,1,1,0,1,768,768,768,768,768,768,0,768,193,193,193,193,193,193,0,193,0,0,0,0,0,0,0,0,1,12
1,0.051503,0.051503,0.051503,0.051503,0.051503,0.051503,0,0.051503,0.051502,0.051502,0.051502,0.051502,0.051502,0.051502,0,0.051502,-0.00028216,-0.00028216,-0.00028216,-0.00028216,-0.00028216,-0.00028216,0,-0.00028216,1,1,1,1,1,1,0,1,768,768,768,768,768,768,0,768,193,193,193,193,193,193,0,193,0,0,0,0,0,0,0,0,1,13
1,0.049273,0.049273,0.049273,0.049273,0.049273,0.049273,0,0.049273,0.049271,0.049271,0.049271,0.049271,0.049271,0.049271,0,0.049271,-0.00037474,-0.00037474,-0.00037474,-0.00037474,-0.00037474,-0.00037474,0,-0.00037474,1,1,1,1,1,1,0,1,768,768,768,768,768,768,0,768,193,193,193,193,193,193,0,193,0,0,0,0,0,0,0,0,1,14
1,0.045725,0.045725,0.045725,0.045725,0.045725,0.045725,0,0.045725,0.045723,0.045723,0.045723,0.045723,0.045723,0.045723,0,0.045723,-0.00049877,-0.00049877,-0.00049877,-0.00049877,-0.00049877,-0.00049877,0,-0.00049877,1,1,1,1,1,1,0,1,768,768,768,768,768,768,0,768,193,193,193,193,193,193,0,193,0,0,0,0,0,0,0,0,1,15
1,0.040523,0.040523,0.040523,0.040523,0.040523,0.040523,0,0.040523,0.040517,0.040517,0.040517,0.040517,0.040517,0.040517,0,0.040517,-0.00071473,-0.00071473,-0.00071473,-0.00071473,-0.00071473,-0.00071473,0,-0.00071473,1,1,1,1,1,1,0,1,768,768,768,768,768,768,0,768,193,193,193,193,193,193,0,193,0,0,0,0,0,0,0,0,1,16
1,0.032562,0.032562,0.032562,0.032562,0.032562,0.032562,0,0.032562,0.032545,0.032545,0.032545,0.032545,0.032545,0.032545,0,0.032545,-0.0010596,-0.0010596,-0.0010596,-0.0010596,-0.0010596,-0.0010596,0,-0.0010596,1,1,1,1,1,1,0,1,768,768,768,768,768,768,0,768,193,193,193,193,193,193,0,193,0,0,0,0,0,0,0,0,1,17
1,0.020993,0.020993,0.020993,0.020993,0.020993,0.020993,0,0.020993,0.020939,0.020939,0.020939,0.020939,0.020939,0.020939,0,0.020939,-0.0015017,-0.0015017,-0.0015017,-0.0015017,-0.0015017,-0.0015017,0,-0.0015017,1,1,1,1,1,1,0,1,768,768,768,768,768,768,0,768,193,193,193,193,193,193,0,193,0,0,0,0,0,0,0,0,1,18
1,0.0072344,0.0072344,0.0072344,0.0072344,0.0072344,0.0072344,0,0.0072344,0.0069849,0.0069849,0.0069849,0.0069849,0.0069849,0.0069849,0,0.0069849,-0.0018835,-0.0018835,-0.0018835,-0.0018835,-0.0018835,-0.0018835,0,-0.0018835,1,1,1,1,1,1,0,1,768,768,768,768,768,768,0,768,193,193,193,193,193,193,0,193,0,0,0,0,0,0,0,0,1,19
1,0.0076074,0.0076074,0.0076074,0.0076074,0.0076074,0.0076074,0,0.0076074,-0.0073265,-0.0073265,-0.0073265,-0.0073265,-0.0073265,-0.0073265,0,-0.0073265,-0.0020481,-0.0020481,-0.0020481,-0.0020481,-0.0020481,-0.0020481,0,-0.0020481,1,1,1,1,1,1,0,1,768,768,768,768,768,768,0,768,193,193,193,193,193,193,0,193,0,0,0,0,0,0,0,0,1,20
1,0.021003,0.021003,0.021003,0.021003,0.021003,0.021003,0,0.021003,-0.020919,-0.020919,-0.020919,-0.020919,-0.020919,-0.020919,0,-0.020919,-0.0018708,-0.0018708,-0.0018708,-0.0018708,-0.0018708,-0.0018708,0,-0.0018708,1,1,1,1,1,1,0,1,768,768,768,768,768,768,0,768,193,193,193,193,193,193,0,193,0,0,0,0,0,0,0,0,1,21
1,0.033178,0.033178,0.033178,0.033178,0.033178,0.033178,0,0.033178,-0.033152,-0.033152,-0.033152,-0.033152,-0.033152,-0.033152,0,-0.033152,-0.0013094,-0.0013094,-0.0013094,-0.0013094,-0.0013094,-0.0013094,0,-0.0013094,1,1,1,1,1,1,0,1,768,768,768,768,768,768,0,768,193,193,193,193,193,193,0,193,0,0,0,0,0,0,0,0,1,22
1,0.043477,0.043477,0.043477,0.043477,0.043477,0.043477,0,0.043477,-0.043474,-0.043474,-0.043474,-0.043474,-0.043474,-0.043474,0,-0.043474,-0.00048049,-0.00048049,-0.00048049,-0.00048049,-0.00048049,-0.00048049,0,-0.00048049,1,1,1,1,1,1,0,1,768,768,768,768,768,768,0,768,193,193,193,193,193,193,0,193,0,0,0,0,0,0,0,0,1,23
1,0.051695,0.051695,0.051695,0.051695,0.051695,0.051695,0,0.051695,-0.051693,-0.051693,-0.051693,-0.051693,-0.051693,-0.051693,0,-0.051693,0.00039376,0.00039376,0.00039376,0.00039376,0.00039376,0.00039376,0,0.00039376,1,1,1,1,1,1,0,1,768,768,768,768,768,768,0,768,193,193,193,193,193,193,0,193,0,0,0,0,0,0,0,0,1,24
1,0.058033,0.058033,0.058033,0.058033,0.058033,0.058033,0,0.058033,-0.058023,-0.058023,-0.058023,-0.058023,-0.058023,-0.058023,0,-0.058023,0.001078,0.001078,0.001078,0.001078,0.001078,0.001078,0,0.001078,1,1,1,1,1,1,0,1,768,768,768,768,768,768,0,768,193,193,193,193,193,193,0,193,0,0,0,0,0,0,0,0,1,25
1,0.062771,0.062771,0.062771,0.062771,0.062771,0.062771,0,0.062771,-0.062756,-0.062756,-0.062756,-0.062756,-0.062756,-0.062756,0,-0.062756,0.0013851,0.0013851,0.0013851,0.0013851,0.0013851,0.0013851,0,0.0013851,1,1,1,1,1,1,0,1,768,768,768,768,768,768,0,768,193,193,193,193,193,193,0,193,0,0,0,0,0,0,0,0,1,26
1,0.066198,0.066198,0.066198,0.066198,0.066198,0.066198,0,0.066198,-0.066187,-0.066187,-0.066187,-0.066187,-0.066187,-0.066187,0,-0.066187,0.0012053,0.0012053,0.0012053,0.0012053,0.0012053,0.0012053,0,0.0012053,1,1,1,1,1,1,0,1,768,768,768,768,768,768,0,768,193,193,193,193,193,193,0,193,0,0,0,0,0,0,0,0,1,27
1,0.068648,0.068648,0.068648,0.068648,0.068648,0.068648,0,0.068648,-0.068646,-0.068646,-0.068646,-0.068646,-0.068646,-0.068646,0,-0.068646,0.00051754,0.00051754,0.00051754,0.00051754,0.00051754,0.00051754,0,0.00051754,1,1,1,1,1,1,0,1,768,768,768,768,768,768,0,768,193,193,193,193,193,193,0,193,0,0,0,0,0,0,0,0,1,28
1,0.070395,0.070395,0.070395,0.070395,0.070395,0.070395,0,0.070395,-0.070393,-0.070393,-0.070393,-0.070393,-0.070393,-0.070393,0,-0.070393,-0.00060439,-0.00060439,-0.00060439,-0.00060439,-0.00060439,-0.00060439,0,-0.00060439,1,1,1,1,1,1,0,1,768,768,768,768,768,768,0,768,193,193,193,193,193,193,0,193,0,0,0,0,0,0,0,0,1,29
1,0.07165,0.07165,0.07165,0.07165,0.07165,0.07165,0,0.07165,-0.071622,-0.071622,-0.071622,-0.071622,-0.071622,-0.071622,0,-0.071622,-0.0019886,-0.0019886,-0.0019886,-0.0019886,-0.0019886,-0.0019886,0,-0.0019886,1,1,1,1,1,1,0,1,768,768,768,768,768,768,0,768,193,193,193,193,193,193,0,193,0,0,0,0,0,0,0,0,1,30
1,0.072555,0.072555,0.072555,0.072555,0.072555,0.072555,0,0.072555,-0.072476,-0.072476,-0.072476,-0.072476,-0.072476,-0.072476,0,-0.072476,-0.0033701,-0.0033701,-0.0033701,-0.0033701,-0.0033701,-0.0033701,0,-0.0033701,1,1,1,1,1,1,0,1,768,768,768,768,768,768,0,768,193,193,193,193,193,193,0,193,0,0,0,0,0,0,0,0,1,31
1,0.073128,0.073128,0.073128,0.073128,0.073128,0.073128,0,0.073128,-0.072995,-0.072995,-0.072995,-0.072995,-0.072995,-0.072995,0,-0.072995,-0.0044126,-0.0044126,-0.0044126,-0.0044126,-0.0044126,-0.0044126,0,-0.0044126,1,1,1,1,1,1,0,1,768,768,768,768,768,768,0,768,193,193,193,193,193,193,0,193,0,0,0,0,0,0,0,0,1,32
1,0.073309,0.073309,0.073309,0.073309,0.073309,0.073309,0,0.073309,-0.073154,-0.073154,-0.073154,-0.073154,-0.073154,-0.073154,0,-0.073154,-0.0047576,-0.0047576,-0.0047576,-0.0047576,-0.0047576,-0.0047576,0,-0.0047576,1,1,1,1,1,1,0,1,768,768,768,768,768,768,0,768,193,193,193,193,193,193,0,193,0,0,0,0,0,0,0,0,1,33
1,0.07308,0.07308,0.07308,0.07308,0.07308,0.07308,0,0.07308,-0.072965,-0.072965,-0.072965,-0.072965,-0.072965,-0.072965,0,-0.072965,-0.0041053,-0.0041053,-0.0041053,-0.0041053,-0.0041053,-0.0041053,0,-0.0041053,1,1,1,1,1,1,0,1,768,768,768,768,768,768,0,768,193,193,193,193,193,193,0,193,0,0,0,0,0,0,0,0,1,34
1,0.072577,0.072577,0.072577,0.072577,0.072577,0.072577,0,0.072577,-0.072541,-0.072541,-0.072541,-0.072541,-0.072541,-0.072541,0,-0.072541,-0.0023091,-0.0023091,-0.0023091,-0.0023091,-0.0023091,-0.0023091,0,-0.0023091,1,1,1,1,1,1,0,1,768,768,768,768,768,768,0,768,193,193,193,193,193,193,0,193,0,0,0,0,0,0,0,0,1,35
1,0.07212,0.07212,0.07212,0.07212,0.07212,0.07212,0,0.07212,-0.072117,-0.072117,-0.072117,-0.072117,-0.072117,-0.072117,0,-0.072117,0.0005486,0.0005486,0.0005486,0.0005486,0.0005486,0.0005486,0,0.0005486,1,1,1,1,1,1,0,1,768,768,768,768,768,768,0,768,193,193,193,193,193,193,0,193,0,0,0,0,0,0,0,0,1,36
1,0.07206,0.07206,0.07206,0.07206,0.07206,0.07206,0,0.07206,-0.071942,-0.071942,-0.071942,-0.071942,-0.071942,-0.071942,0,-0.071942,0.0041136,0.0041136,0.0041136,0.0041136,0.0041136,0.0041136,0,0.0041136,1,1,1,1,1,1,0,1,768,768,768,768,768,768,0,768,193,193,193,193,193,193,0,193,0,0,0,0,0,0,0,0,1,37
1,0.072467,0.072467,0.072467,0.072467,0.072467,0.072467,0,0.072467,-0.072053,-0.072053,-0.072053,-0.072053,-0.072053,-0.072053,0,-0.072053,0.0077404,0.0077404,0.0077404,0.0077404,0.0077404,0.0077404,0,0.0077404,1,1,1,1,1,1,0,1,768,768,768,768,768,768,0,768,193,193,193,193,193,193,0,193,0,0,0,0,0,0,0,0,1,38
1,0.072861,0.072861,0.072861,0.072861,0.072861,0.072861,0,0.072861,-0.072099,-0.072099,-0.072099,-0.072099,-0.072099,-0.072099,0,-0.072099,0.010506,0.010506,0.010506,0.010506,0.010506,0.010506,0,0.010506,1,1,1,1,1,1,0,1,768,768,768,768,768,768,0,768,193,193,193,193,193,193,0,193,0,0,0,0,0,0,0,0,1,39
1,0.072321,0.072321,0.072321,0.072321,0.072321,0.072321,0,0.072321,-0.071426,-0.071426,-0.071426,-0.071426,-0.071426,-0.071426,0,-0.071426,0.011345,0.011345,0.011345,0.011345,0.011345,0.011345,0,0.011345,1,1,1,1,1,1,0,1,768,768,768,768,768,768,0,768,193,193,193,193,193,193,0,193,0,0,0,0,0,0,0,0,1,40
1,0.070185,0.070185,0.070185,0.070185,0.070185,0.070185,0,0.070185,-0.069556,-0.069556,-0.069556,-0.069556,-0.069556,-0.069556,0,-0.069556,0.0093764,0.0093764,0.0093764,0.0093764,0.0093764,0.0093764,0,0.0093764,1,1,1,1,1,1,0,1,768,768,768,768,768,768,0,768,193,193,193,193,193,193,0,193,0,0,0,0,0,0,0,0,1,41
1,0.066939,0.066939,0.066939,0.066939,0.066939,0.066939,0,0.066939,-0.066802,-0.066802,-0.066802,-0.066802,-0.066802,-0.066802,0,-0.066802,0.0042783,0.0042783,0.0042783,0.0042783,0.0042783,0.0042783,0,0.0042783,1,1,1,1,1,1,0,1,768,768,768,768,768,768,0,768,193,193,193,193,193,193,0,193,0,0,0,0,0,0,0,0,1,42
1,0.064431,0.064431,0.064431,0.064431,0.064431,0.064431,0,0.064431,-0.064329,-0.064329,-0.064329,-0.064329,-0.064329,-0.064329,0,-0.064329,-0.0036189,-0.0036189,-0.0036189,-0.0036189,-0.0036189,-0.0036189,0,-0.0036189,1,1,1,1,1,1,0,1,768,768,768,768,768,768,0,768,193,193,193,193,193,193,0,193,0,0,0,0,0,0,0,0,1,43
1,0.064834,0.064834,0.064834,0.064834,0.064834,0.064834,0,0.064834,-0.063425,-0.063425,-0.063425,-0.063425,-0.063425,-0.063425,0,-0.063425,-0.013441,-0.013441,-0.013441,-0.013441,-0.013441,-0.013441,0,-0.013441,1,1,1,1,1,1,0,1,768,768,768,768,768,768,0,768,193,193,193,193,193,193,0,193,0,0,0,0,0,0,0,0,1,44
1,0.068479,0.068479,0.068479,0.068479,0.068479,0.068479,0,0.068479,-0.064294,-0.064294,-0.064294,-0.064294,-0.064294,-0.064294,0,-0.064294,-0.023572,-0.023572,-0.023572,-0.023572,-0.023572,-0.023572,0,-0.023572,1,1,1,1,1,1,0,1,768,768,768,768,768,768,0,768,193,193,193,193,193,193,0,193,0,0,0,0,0,0,0,0,1,45
1,0.071751,0.071751,0.071751,0.071751,0.071751,0.071751,0,0.071751,-0.064719,-0.064719,-0.064719,-0.064719,-0.064719,-0.064719,0,-0.064719,-0.030978,-0.030978,-0.030978,-0.030978,-0.030978,-0.030978,0,-0.030978,1,1,1,1,1,1,0,1,768,768,768,768,768,768,0,768,193,193,193,193,193,193,0,193,0,0,0,0,0,0,0,0,1,46
1,0.068124,0.068124,0.068124,0.068124,0.068124,0.068124,0,0.068124,-0.060391,-0.060391,-0.060391,-0.060391,-0.060391,-0.060391,0,-0.060391,-0.031524,-0.031524,-0.031524,-0.031524,-0.031524,-0.031524,0,-0.031524,1,1,1,1,1,1,0,1,768,768,768,768,768,768,0,768,193,193,193,193,193,193,0,193,0,0,0,0,0,0,0,0,1,47
1,0.054794,0.054794,0.054794,0.054794,0.054794,0.054794,0,0.054794,-0.049713,-0.049713,-0.049713,-0.049713,-0.049713,-0.049713,0,-0.049713,-0.023044,-0.023044,-0.023044,-0.023044,-0.023044,-0.023044,0,-0.023044,1,1,1,1,1,1,0,1,768,768,768,768,768,768,0,768,193,193,193,193,193,193,0,193,0,0,0,0,0,0,0,0,1,48
1,0.037617,0.037617,0.037617,0.037617,0.037617,0.037617,0,0.037617,-0.03696,-0.03696,-0.03696,-0.03696,-0.03696,-0.03696,0,-0.03696,-0.0069966,-0.0069966,-0.0069966,-0.0069966,-0.0069966,-0.0069966,0,-0.0069966,1,1,1,1,1,1,0,1,768,768,768,768,768,768,0,768,193,193,193,193,193,193,0,193,0,0,0,0,0,0,0,0,1,49
1,0.031158,0.031158,0.031158,0.031158,0.031158,0.031158,0,0.031158,-0.027695,-0.027695,-0.027695,-0.027695,-0.027695,-0.027695,0,-0.027695,0.014276,0.014276,0.014276,0.014276,0.014276,0.014276,0,0.014276,1,1,1,1,1,1,0,1,768,768,768,768,768,768,0,768,193,193,193,193,193,193,0,193,0,0,0,0,0,0,0,0,1,50
1,0.048362,0.048362,0.048362,0.048362,0.048362,0.048362,0,0.048362,-0.026996,-0.026996,-0.026996,-0.026996,-0.026996,-0.026996,0,-0.026996,0.040126,0.040126,0.040126,0.040126,0.040126,0.040126,0,0.040126,1,1,1,1,1,1,0,1,768,768,768,768,768,768,0,768,193,193,193,193,193,193,0,193,0,0,0,0,0,0,0,0,1,51
1,0.076467,0.076467,0.076467,0.076467,0.076467,0.076467,0,0.076467,-0.034528,-0.034528,-0.034528,-0.034528,-0.034528,-0.034528,0,-0.034528,0.068228,0.068228,0.068228,0.068228,0.068228,0.068228,0,0.068228,1,1,1,1,1,1,0,1,768,768,768,768,768,768,0,768,193,193,193,193,193,193,0,193,0,0,0,0,0,0,0,0,1,52
1,0.081843,0.081843,0.081843,0.081843,0.081843,0.081843,0,0.081843,-0.025393,-0.025393,-0.025393,-0.025393,-0.025393,-0.025393,0,-0.025393,0.077804,0.077804,0.077804,0.077804,0.077804,0.077804,0,0.077804,1,1,1,1,1,1,0,1,768,768,768,768,768,768,0,768,193,193,193,193,193,193,0,193,0,0,0,0,0,0,0,0,1,53
1,0.067578,0.067578,0.067578,0.067578,0.067578,0.067578,0,0.067578,0.004683,0.004683,0.004683,0.004683,0.004683,0.004683,0,0.004683,0.067416,0.067416,0.067416,0.067416,0.067416,0.067416,0,0.067416,1,1,1,1,1,1,0,1,768,768,768,768,768,768,0,768,193,193,193,193,193,193,0,193,0,0,0,0,0,0,0,0,1,54
1,0.042938,0.042938,0.042938,0.042938,0.042938,0.042938,0,0.042938,0.019628,0.019628,0.019628,0.019628,0.019628,0.019628,0,0.019628,0.038189,0.038189,0.038189,0.038189,0.038189,0.038189,0,0.038189,1,1,1,1,1,1,0,1,768,768,768,768,768,768,0,768,193,193,193,193,193,193,0,193,0,0,0,0,0,0,0,0,1,55
1,0.027194,0.027194,0.027194,0.027194,0.027194,0.027194,0,0.027194,0.026036,0.026036,0.026036,0.026036,0.026036,0.026036,0,0.026036,-0.0078539,-0.0078539,-0.0078539,-0.0078539,-0.0078539,-0.0078539,0,-0.0078539,1,1,1,1,1,1,0,1,768,768,768,768,768,768,0,768,193,193,193,193,193,193,0,193,0,0,0,0,0,0,0,0,1,56
1,0.066074,0.066074,0.066074,0.066074,0.066074,0.066074,0,0.066074,0.016897,0.016897,0.016897,0.016897,0.016897,0.016897,0,0.016897,-0.063877,-0.063877,-0.063877,-0.063877,-0.063877,-0.063877,0,-0.063877,1,1,1,1,1,1,0,1,768,768,768,768,768,768,0,768,193,193,193,193,193,193,0,193,0,0,0,0,0,0,0,0,1,57
1,0.089156,0.089156,0.089156,0.089156,0.089156,0.089156,0,0.089156,0.033021,0.033021,0.033021,0.033021,0.033021,0.033021,0,0.033021,-0.082815,-0.082815,-0.082815,-0.082815,-0.082815,-0.082815,0,-0.082815,1,1,1,1,1,1,0,1,768,768,768,768,768,768,0,768,193,193,193,193,193,193,0,193,0,0,0,0,0,0,0,0,1,58
1,0.096494,0.096494,0.096494,0.096494,0.096494,0.096494,0,0.096494,0.05139,0.05139,0.05139,0.05139,0.05139,0.05139,0,0.05139,-0.081671,-0.081671,-0.081671,-0.081671,-0.081671,-0.081671,0,-0.081671,1,1,1,1,1,1,0,1,768,768,768,768,768,768,0,768,193,193,193,193,193,193,0,193,0,0,0,0,0,0,0,0,1,59
1,0.090817,0.090817,0.090817,0.090817,0.090817,0.090817,0,0.090817,0.053041,0.053041,0.053041,0.053041,0.053041,0.053041,0,0.053041,-0.073719,-0.073719,-0.073719,-0.073719,-0.073719,-0.073719,0,-0.073719,1,1,1,1,1,1,0,1,768,768,768,768,768,768,0,768,193,193,193,193,193,193,0,193,0,0,0,0,0,0,0,0,1,60
1,0.050097,0.050097,0.050097,0.050097,0.050097,0.050097,0,0.050097,0.047528,0.047528,0.047528,0.047528,0.047528,0.047528,0,0.047528,-0.015836,-0.015836,-0.015836,-0.015836,-0.015836,-0.015836,0,-0.015836,1,1,1,1,1,1,0,1,768,768,768,768,768,768,0,768,193,193,193,193,193,193,0,193,0,0,0,0,0,0,0,0,1,61
1,0.066439,0.066439,0.066439,0.066439,0.066439,0.066439,0,0.066439,0.030598,0.030598,0.030598,0.030598,0.030598,0.030598,0,0.030598,0.058973,0.058973,0.058973,0.058973,0.058973,0.058973,0,0.058973,1,1,1,1,1,1,0,1,768,768,768,768,768,768,0,768,193,193,193,193,193,193,0,193,0,0,0,0,0,0,0,0,1,62
1,0.087195,0.087195,0.087195,0.087195,0.087195,0.087195,0,0.087195,0.045999,0.045999,0.045999,0.045999,0.045999,0.045999,0,0.045999,0.074075,0.074075,0.074075,0.074075,0.074075,0.074075,0,0.074075,1,1,1,1,1,1,0,1,768,768,768,768,768,768,0,768,193,193,193,193,193,193,0,193,0,0,0,0,0,0,0,0,1,63
1,0.096564,0.096564,0.096564,0.096564,0.096564,0.096564,0,0.096564,0.055156,0.055156,0.055156,0.055156,0.055156,0.055156,0,0.055156,0.079262,0.079262,0.079262,0.079262,0.079262,0.079262,0,0.079262,1,1,1,1,1,1,0,1,768,768,768,768,768,768,0,768,193,193,193,193,193,193,0,193,0,0,0,0,0,0,0,0,1,64
1,0.085546,0.085546,0.085546,0.085546,0.085546,0.085546,0,0.085546,0.054196,0.054196,0.054196,0.054196,0.054196,0.054196,0,0.054196,0.066189,0.066189,0.066189,0.066189,0.066189,0.066189,0,0.066189,1,1,1,1,1,1,0,1,768,768,768,768,768,768,0,768,193,193,193,193,193,193,0,193,0,0,0,0,0,0,0,0,1,65
1,0.044556,0.044556,0.044556,0.044556,0.044556,0.044556,0,0.044556,0.044494,0.044494,0.044494,0.044494,0.044494,0.044494,0,0.044494,0.0023526,0.0023526,0.0023526,0.0023526,0.0023526,0.0023526,0,0.0023526,1,1,1,1,1,1,0,1,768,768,768,768,768,768,0,768,193,193,193,193,193,193,0,193,0,0,0,0,0,0,0,0,1,66
1,0.079472,0.079472,0.079472,0.079472,0.079472,0.079472,0,0.079472,0.033332,0.033332,0.033332,0.033332,0.033332,0.033332,0,0.033332,-0.072144,-0.072144,-0.072144,-0.072144,-0.072144,-0.072144,0,-0.072144,1,1,1,1,1,1,0,1,768,768,768,768,768,768,0,768,193,193,193,193,193,193,0,193,0,0,0,0,0,0,0,0,1,67
1,0.093589,0.093589,0.093589,0.093589,0.093589,0.093589,0,0.093589,0.051593,0.051593,0.051593,0.051593,0.051593,0.051593,0,0.051593,-0.078084,-0.078084,-0.078084,-0.078084,-0.078084,-0.078084,0,-0.078084,1,1,1,1,1,1,0,1,768,768,768,768,768,768,0,768,193,193,193,193,193,193,0,193,0,0,0,0,0,0,0,0,1,68
1,0.10499,0.10499,0.10499,0.10499,0.10499,0.10499,0,0.10499,0.061462,0.061462,0.061462,0.061462,0.061462,0.061462,0,0.061462,-0.085118,-0.085118,-0.085118,-0.085118,-0.085118,-0.085118,0,-0.085118,1,1,1,1,1,1,0,1,768,768,768,768,768,768,0,768,193,193,193,193,193,193,0,193,0,0,0,0,0,0,0,0,1,69
1,0.077637,0.077637,0.077637,0.077637,0.077637,0.077637,0,0.077637,0.060076,0.060076,0.060076,0.060076,0.060076,0.060076,0,0.060076,-0.049176,-0.049176,-0.049176,-0.049176,-0.049176,-0.049176,0,-0.049176,1,1,1,1,1,1,0,1,768,768,768,768,768,768,0,768,193,193,193,193,193,193,0,193,0,0,0,0,0,0,0,0,1,70
1,0.050525,0.050525,0.050525,0.050525,0.050525,0.050525,0,0.050525,0.046311,0.046311,0.046311,0.046311,0.046311,0.046311,0,0.046311,0.0202,0.0202,0.0202,0.0202,0.0202,0.0202,0,0.0202,1,1,1,1,1,1,0,1,768,768,768,768,768,768,0,768,193,193,193,193,193,193,0,193,0,0,0,0,0,0,0,0,1,71
1,0.091907,0.091907,0.091907,0.091907,0.091907,0.091907,0,0.091907,0.046164,0.046164,0.046164,0.046164,0.046164,0.046164,0,0.046164,0.079472,0.079472,0.079472,0.079472,0.079472,0.079472,0,0.079472,1,1,1,1,1,1,0,1,768,768,768,768,768,768,0,768,193,193,193,193,193,193,0,193,0,0,0,0,0,0,0,0,1,72
1,0.10096,0.10096,0.10096,0.10096,0.10096,0.10096,0,0.10096,0.06071,0.06071,0.06071,0.06071,0.06071,0.06071,0,0.06071,0.080669,0.080669,0.080669,0.080669,0.080669,0.080669,0,0.080669,1,1,1,1,1,1,0,1,768,768,768,768,768,768,0,768,193,193,193,193,193,193,0,193,0,0,0,0,0,0,0,0,1,73
1,0.10766,0.10766,0.10766,0.10766,0.10766,0.10766,0,0.10766,0.067112,0.067112,0.067112,0.067112,0.067112,0.067112,0,0.067112,0.084181,0.084181,0.084181,0.084181,0.084181,0.084181,0,0.084181,1,1,1,1,1,1,0,1,768,768,768,768,768,768,0,768,193,193,193,193,193,193,0,193,0,0,0,0,0,0,0,0,1,74
1,0.066479,0.066479,0.066479,0.066479,0.066479,0.066479,0,0.066479,0.059182,0.059182,0.059182,0.059182,0.059182,0.059182,0,0.059182,0.030282,0.030282,0.030282,0.030282,0.030282,0.030282,0,0.030282,1,1,1,1,1,1,0,1,768,768,768,768,768,768,0,768,193,193,193,193,193,193,0,193,0,0,0,0,0,0,0,0,1,75
1,0.070224,0.070224,0.070224,0.070224,0.070224,0.070224,0,0.070224,0.047964,0.047964,0.047964,0.047964,0.047964,0.047964,0,0.047964,-0.051292,-0.051292,-0.051292,-0.051292,-0.051292,-0.051292,0,-0.051292,1,1,1,1,1,1,0,1,768,768,768,768,768,768,0,768,193,193,193,193,193,193,0,193,0,0,0,0,0,0,0,0,1,76
1,0.096925,0.096925,0.096925,0.096925,0.096925,0.096925,0,0.096925,0.05774,0.05774,0.05774,0.05774,0.05774,0.05774,0,0.05774,-0.077849,-0.077849,-0.077849,-0.077849,-0.077849,-0.077849,0,-0.077849,1,1,1,1,1,1,0,1,768,768,768,768,768,768,0,768,193,193,193,193,193,193,0,193,0,0,0,0,0,0,0,0,1,77
1,0.10476,0.10476,0.10476,0.10476,0.10476,0.10476,0,0.10476,0.067122,0.067122,0.067122,0.067122,0.067122,0.067122,0,0.067122,-0.080434,-0.080434,-0.080434,-0.080434,-0.080434,-0.080434,0,-0.080434,1,1,1,1,1,1,0,1,768,768,768,768,768,768,0,768,193,193,193,193,193,193,0,193,0,0,0,0,0,0,0,0,1,78
1,0.10558,0.10558,0.10558,0.10558,0.10558,0.10558,0,0.10558,0.068917,0.068917,0.068917,0.068917,0.068917,0.068917,0,0.068917,-0.079984,-0.079984,-0.079984,-0.079984,-0.079984,-0.079984,0,-0.079984,1,1,1,1,1,1,0,1,768,768,768,768,768,768,0,768,193,193,193,193,193,193,0,193,0,0,0,0,0,0,0,0,1,79
1,0.05828,0.05828,0.05828,0.05828,0.05828,0.05828,0,0.05828,0.05689,0.05689,0.05689,0.05689,0.05689,0.05689,0,0.05689,-0.012655,-0.012655,-0.012655,-0.012655,-0.012655,-0.012655,0,-0.012655,1,1,1,1,1,1,0,1,768,768,768,768,768,768,0,768,193,193,193,193,193,193,0,193,0,0,0,0,0,0,0,0,1,80
1,0.089413,0.089413,0.089413,0.089413,0.089413,0.089413,0,0.089413,0.05306,0.05306,0.05306,0.05306,0.05306,0.05306,0,0.05306,0.071968,0.071968,0.071968,0.071968,0.071968,0.071968,0,0.071968,1,1,1,1,1,1,0,1,768,768,768,768,768,768,0,768,193,193,193,193,193,193,0,193,0,0,0,0,0,0,0,0,1,81
1,0.10122,0.10122,0.10122,0.10122,0.10122,0.10122,0,0.10122,0.062794,0.062794,0.062794,0.062794,0.062794,0.062794,0,0.062794,0.079391,0.079391,0.079391,0.079391,0.079391,0.079391,0,0.079391,1,1,1,1,1,1,0,1,768,768,768,768,768,768,0,768,193,193,193,193,193,193,0,193,0,0,0,0,0,0,0,0,1,82
1,0.10721,0.10721,0.10721,0.10721,0.10721,0.10721,0,0.10721,0.067573,0.067573,0.067573,0.067573,0.067573,0.067573,0,0.067573,0.083236,0.083236,0.083236,0.083236,0.083236,0.083236,0,0.083236,1,1,1,1,1,1,0,1,768,768,768,768,768,768,0,768,193,193,193,193,193,193,0,193,0,0,0,0,0,0,0,0,1,83
1,0.097994,0.097994,0.097994,0.097994,0.097994,0.097994,0,0.097994,0.064042,0.064042,0.064042,0.064042,0.064042,0.064042,0,0.064042,0.074172,0.074172,0.074172,0.074172,0.074172,0.074172,0,0.074172,1,1,1,1,1,1,0,1,768,768,768,768,768,768,0,768,193,193,193,193,193,193,0,193,0,0,0,0,0,0,0,0,1,84
1,0.053354,0.053354,0.053354,0.053354,0.053354,0.053354,0,0.053354,0.053113,0.053113,0.053113,0.053113,0.053113,0.053113,0,0.053113,-0.0050669,-0.0050669,-0.0050669,-0.0050669,-0.0050669,-0.0050669,0,-0.0050669,1,1,1,1,1,1,0,1,768,768,768,768,768,768,0,768,193,193,193,193,193,193,0,193,0,0,0,0,0,0,0,0,1,85
1,0.098908,0.098908,0.098908,0.098908,0.098908,0.098908,0,0.098908,0.056879,0.056879,0.056879,0.056879,0.056879,0.056879,0,0.056879,-0.080917,-0.080917,-0.080917,-0.080917,-0.080917,-0.080917,0,-0.080917,1,1,1,1,1,1,0,1,768,768,768,768,768,768,0,768,193,193,193,193,193,193,0,193,0,0,0,0,0,0,0,0,1,86
1,0.10305,0.10305,0.10305,0.10305,0.10305,0.10305,0,0.10305,0.064462,0.064462,0.064462,0.064462,0.064462,0.064462,0,0.064462,-0.080405,-0.080405,-0.080405,-0.080405,-0.080405,-0.080405,0,-0.080405,1,1,1,1,1,1,0,1,768,768,768,768,768,768,0,768,193,193,193,193,193,193,0,193,0,0,0,0,0,0,0,0,1,87
1,0.10819,0.10819,0.10819,0.10819,0.10819,0.10819,0,0.10819,0.066965,0.066965,0.066965,0.066965,0.066965,0.066965,0,0.066965,-0.084979,-0.084979,-0.084979,-0.084979,-0.084979,-0.084979,0,-0.084979,1,1,1,1,1,1,0,1,768,768,768,768,768,768,0,768,193,193,193,193,193,193,0,193,0,0,0,0,0,0,0,0,1,88
1,0.092192,0.092192,0.092192,0.092192,0.092192,0.092192,0,0.092192,0.060204,0.060204,0.060204,0.060204,0.060204,0.060204,0,0.060204,-0.069821,-0.069821,-0.069821,-0.069821,-0.069821,-0.069821,0,-0.069821,1,1,1,1,1,1,0,1,768,768,768,768,768,768,0,768,193,193,193,193,193,193,0,193,0,0,0,0,0,0,0,0,1,89
1,0.054417,0.054417,0.054417,0.054417,0.054417,0.054417,0,0.054417,0.051822,0.051822,0.051822,0.051822,0.051822,0.051822,0,0.051822,0.016607,0.016607,0.016607,0.016607,0.016607,0.016607,0,0.016607,1,1,1,1,1,1,0,1,768,768,768,768,768,768,0,768,193,193,193,193,193,193,0,193,0,0,0,0,0,0,0,0,1,90
1,0.10212,0.10212,0.10212,0.10212,0.10212,0.10212,0,0.10212,0.058486,0.058486,0.058486,0.058486,0.058486,0.058486,0,0.058486,0.083708,0.083708,0.083708,0.083708,0.083708,0.083708,0,0.083708,1,1,1,1,1,1,0,1,768,768,768,768,768,768,0,768,193,193,193,193,193,193,0,193,0,0,0,0,0,0,0,0,1,91
1,0.1027,0.1027,0.1027,0.1027,0.1027,0.1027,0,0.1027,0.06305,0.06305,0.06305,0.06305,0.06305,0.06305,0,0.06305,0.081074,0.081074,0.081074,0.081074,0.081074,0.081074,0,0.081074,1,1,1,1,1,1,0,1,768,768,768,768,768,768,0,768,193,193,193,193,193,193,0,193,0,0,0,0,0,0,0,0,1,92
1,0.10589,0.10589,0.10589,0.10589,0.10589,0.10589,0,0.10589,0.062866,0.062866,0.062866,0.062866,0.062866,0.062866,0,0.062866,0.085209,0.085209,0.085209,0.085209,0.085209,0.085209,0,0.085209,1,1,1,1,1,1,0,1,768,768,768,768,768,768,0,768,193,193,193,193,193,193,0,193,0,0,0,0,0,0,0,0,1,93
1,0.086236,0.086236,0.086236,0.086236,0.086236,0.086236,0,0.086236,0.053793,0.053793,0.053793,0.053793,0.053793,0.053793,0,0.053793,0.067401,0.067401,0.067401,0.067401,0.067401,0.067401,0,0.067401,1,1,1,1,1,1,0,1,768,768,768,768,768,768,0,768,193,193,193,193,193,193,0,193,0,0,0,0,0,0,0,0,1,94
1,0.050446,0.050446,0.050446,0.050446,0.050446,0.050446,0,0.050446,0.047275,0.047275,0.047275,0.047275,0.047275,0.047275,0,0.047275,-0.017602,-0.017602,-0.017602,-0.017602,-0.017602,-0.017602,0,-0.017602,1,1,1,1,1,1,0,1,768,768,768,768,768,768,0,768,193,193,193,193,193,193,0,193,0,0,0,0,0,0,0,0,1,95
1,0.099632,0.099632,0.099632,0.099632,0.099632,0.099632,0,0.099632,0.055079,0.055079,0.055079,0.055079,0.055079,0.055079,0,0.055079,-0.083023,-0.083023,-0.083023,-0.083023,-0.083023,-0.083023,0,-0.083023,1,1,1,1,1,1,0,1,768,768,768,768,768,768,0,768,193,193,193,193,193,193,0,193,0,0,0,0,0,0,0,0,1,96
1,0.10165,0.10165,0.10165,0.10165,0.10165,0.10165,0,0.10165,0.06095,0.06095,0.06095,0.06095,0.06095,0.06095,0,0.06095,-0.081353,-0.081353,-0.081353,-0.081353,-0.081353,-0.081353,0,-0.081353,1,1,1,1,1,1,0,1,768,768,768,768,768,768,0,768,193,193,193,193,193,193,0,193,0,0,0,0,0,0,0,0,1,97
1,0.10516,0.10516,0.10516,0.10516,0.10516,0.10516,0,0.10516,0.061894,0.061894,0.061894,0.061894,0.061894,0.061894,0,0.061894,-0.085014,-0.085014,-0.085014,-0.085014,-0.085014,-0.085014,0,-0.085014,1,1,1,1,1,1,0,1,768,768,768,768,768,768,0,768,193,193,193,193,193,193,0,193,0,0,0,0,0,0,0,0,1,98
1,0.086019,0.086019,0.086019,0.086019,0.086019,0.086019,0,0.086019,0.053588,0.053588,0.053588,0.053588,0.053588,0.053588,0,0.053588,-0.067287,-0.067287,-0.067287,-0.067287,-0.067287,-0.067287,0,-0.067287,1,1,1,1,1,1,0,1,768,768,768,768,768,768,0,768,193,193,193,193,193,193,0,193,0,0,0,0,0,0,0,0,1,99
1,0.051541,0.051541,0.051541,0.051541,0.051541,0.051541,0,0.051541,0.048253,0.048253,0.048253,0.048253,0.048253,0.048253,0,0.048253,0.018115,0.018115,0.018115,0.018115,0.018115,0.018115,0,0.018115,1,1,1,1,1,1,0,1,768,768,768,768,768,768,0,768,193,193,193,193,193,193,0,193,0,0,0,0,0,0,0,0,1,100
1,0.099851,0.099851,0.099851,0.099851,0.099851,0.099851,0,0.099851,0.056152,0.056152,0.056152,0.056152,0.056152,0.056152,0,0.056152,0.082566,0.082566,0.082566,0.082566,0.082566,0.082566,0,0.082566,1,1,1,1,1,1,0,1,768,768,768,768,768,768,0,768,193,193,193,193,193,193,0,193,0,0,0,0,0,0,0,0,1,101
1,0.10125,0.10125,0.10125,0.10125,0.10125,0.10125,0,0.10125,0.060746,0.060746,0.060746,0.060746,0.060746,0.060746,0,0.060746,0.081007,0.081007,0.081007,0.081007,0.081007,0.081007,0,0.081007,1,1,1,1,1,1,0,1,768,768,768,768,768,768,0,768,193,193,193,193,193,193,0,193,0,0,0,0,0,0,0,0,1,102
1,0.10403,0.10403,0.10403,0.10403,0.10403,0.10403,0,0.10403,0.06052,0.06052,0.06052,0.06052,0.06052,0.06052,0,0.06052,0.084617,0.084617,0.084617,0.084617,0.084617,0.084617,0,0.084617,1,1,1,1,1,1,0,1,768,768,768,768,768,768,0,768,193,193,193,193,193,193,0,193,0,0,0,0,0,0,0,0,1,103
1,0.083506,0.083506,0.083506,0.083506,0.083506,0.083506,0,0.083506,0.051602,0.051602,0.051602,0.051602,0.051602,0.051602,0,0.051602,0.065655,0.065655,0.065655,0.065655,0.065655,0.065655,0,0.065655,1,1,1,1,1,1,0,1,768,768,768,768,768,768,0,768,193,193,193,193,193,193,0,193,0,0,0,0,0,0,0,0,1,104
1,0.049074,0.049074,0.049074,0.049074,0.049074,0.049074,0,0.049074,0.046073,0.046073,0.046073,0.046073,0.046073,0.046073,0,0.046073,-0.016898,-0.016898,-0.016898,-0.016898,-0.016898,-0.016898,0,-0.016898,1,1,1,1,1,1,0,1,768,768,768,768,768,768,0,768,193,193,193,193,193,193,0,193,0,0,0,0,0,0,0,0,1,105
1,0.096048,0.096048,0.096048,0.096048,0.096048,0.096048,0,0.096048,0.053002,0.053002,0.053002,0.053002,0.053002,0.053002,0,0.053002,-0.080101,-0.080101,-0.080101,-0.080101,-0.080101,-0.080101,0,-0.080101,1,1,1,1,1,1,0,1,768,768,768,768,768,768,0,768,193,193,193,193,193,193,0,193,0,0,0,0,0,0,0,0,1,106
1,0.098119,0.098119,0.098119,0.098119,0.098119,0.098119,0,0.098119,0.057461,0.057461,0.057461,0.057461,0.057461,0.057461,0,0.057461,-0.079534,-0.079534,-0.079534,-0.079534,-0.079534,-0.079534,0,-0.079534,1,1,1,1,1,1,0,1,768,768,768,768,768,768,0,768,193,193,193,193,193,193,0,193,0,0,0,0,0,0,0,0,1,107
1,0.10058,0.10058,0.10058,0.10058,0.10058,0.10058,0,0.10058,0.057116,0.057116,0.057116,0.057116,0.057116,0.057116,0,0.057116,-0.082788,-0.082788,-0.082788,-0.082788,-0.082788,-0.082788,0,-0.082788,1,1,1,1,1,1,0,1,768,768,768,768,768,768,0,768,193,193,193,193,193,193,0,193,0,0,0,0,0,0,0,0,1,108
1,0.087544,0.087544,0.087544,0.087544,0.087544,0.087544,0,0.087544,0.048716,0.048716,0.048716,0.048716,0.048716,0.048716,0,0.048716,-0.072737,-0.072737,-0.072737,-0.072737,-0.072737,-0.072737,0,-0.072737,1,1,1,1,1,1,0,1,768,768,768,768,768,768,0,768,193,193,193,193,193,193,0,193,0,0,0,0,0,0,0,0,1,109
1,0.040848,0.040848,0.040848,0.040848,0.040848,0.040848,0,0.040848,0.040844,0.040844,0.040844,0.040844,0.040844,0.040844,0,0.040844,-0.00056488,-0.00056488,-0.00056488,-0.00056488,-0.00056488,-0.00056488,0,-0.00056488,1,1,1,1,1,1,0,1,768,768,768,768,768,768,0,768,193,193,193,193,193,193,0,193,0,0,0,0,0,0,0,0,1,110
1,0.085177,0.085177,0.085177,0.085177,0.085177,0.085177,0,0.085177,0.046232,0.046232,0.046232,0.046232,0.046232,0.046232,0,0.046232,0.071538,0.071538,0.071538,0.071538,0.071538,0.071538,0,0.071538,1,1,1,1,1,1,0,1,768,768,768,768,768,768,0,768,193,193,193,193,193,193,0,193,0,0,0,0,0,0,0,0,1,111
1,0.096713,0.096713,0.096713,0.096713,0.096713,0.096713,0,0.096713,0.051569,0.051569,0.051569,0.051569,0.051569,0.051569,0,0.051569,0.081816,0.081816,0.081816,0.081816,0.081816,0.081816,0,0.081816,1,1,1,1,1,1,0,1,768,768,768,768,768,768,0,768,193,193,193,193,193,193,0,193,0,0,0,0,0,0,0,0,1,112
1,0.097569,0.097569,0.097569,0.097569,0.097569,0.097569,0,0.097569,0.0523,0.0523,0.0523,0.0523,0.0523,0.0523,0,0.0523,0.082367,0.082367,0.082367,0.082367,0.082367,0.082367,0,0.082367,1,1,1,1,1,1,0,1,768,768,768,768,768,768,0,768,193,193,193,193,193,193,0,193,0,0,0,0,0,0,0,0,1,113
1,0.093102,0.093102,0.093102,0.093102,0.093102,0.093102,0,0.093102,0.04623,0.04623,0.04623,0.04623,0.04623,0.04623,0,0.04623,0.080814,0.080814,0.080814,0.080814,0.080814,0.080814,0,0.080814,1,1,1,1,1,1,0,1,768,768,768,768,768,768,0,768,193,193,193,193,193,193,0,193,0,0,0,0,0,0,0,0,1,114
1,0.045104,0.045104,0.045104,0.045104,0.045104,0.045104,0,0.045104,0.036859,0.036859,0.036859,0.036859,0.036859,0.036859,0,0.036859,0.025996,0.025996,0.025996,0.025996,0.025996,0.025996,0,0.025996,1,1,1,1,1,1,0,1,768,768,768,768,768,768,0,768,193,193,193,193,193,193,0,193,0,0,0,0,0,0,0,0,1,115
1,0.063914,0.063914,0.063914,0.063914,0.063914,0.063914,0,0.063914,0.039935,0.039935,0.039935,0.039935,0.039935,0.039935,0,0.039935,-0.049902,-0.049902,-0.049902,-0.049902,-0.049902,-0.049902,0,-0.049902,1,1,1,1,1,1,0,1,768,768,768,768,768,768,0,768,193,193,193,193,193,193,0,193,0,0,0,0,0,0,0,0,1,116
1,0.094145,0.094145,0.094145,0.094145,0.094145,0.094145,0,0.094145,0.046642,0.046642,0.046642,0.046642,0.046642,0.046642,0,0.046642,-0.08178,-0.08178,-0.08178,-0.08178,-0.08178,-0.08178,0,-0.08178,1,1,1,1,1,1,0,1,768,768,768,768,768,768,0,768,193,193,193,193,193,193,0,193,0,0,0,0,0,0,0,0,1,117
1,0.095078,0.095078,0.095078,0.095078,0.095078,0.095078,0,0.095078,0.050048,0.050048,0.050048,0.050048,0.050048,0.050048,0,0.050048,-0.080839,-0.080839,-0.080839,-0.080839,-0.080839,-0.080839,0,-0.080839,1,1,1,1,1,1,0,1,768,768,768,768,768,768,0,768,193,193,193,193,193,193,0,193,0,0,0,0,0,0,0,0,1,118
1,0.095999,0.095999,0.095999,0.095999,0.095999,0.095999,0,0.095999,0.04763,0.04763,0.04763,0.04763,0.04763,0.04763,0,0.04763,-0.083349,-0.083349,-0.083349,-0.083349,-0.083349,-0.083349,0,-0.083349,1,1,1,1,1,1,0,1,768,768,768,768,768,768,0,768,193,193,193,193,193,193,0,193,0,0,0,0,0,0,0,0,1,119
1,0.062121,0.062121,0.062121,0.062121,0.062121,0.062121,0,0.062121,0.038343,0.038343,0.038343,0.038343,0.038343,0.038343,0,0.038343,-0.048875,-0.048875,-0.048875,-0.048875,-0.048875,-0.048875,0,-0.048875,1,1,1,1,1,1,0,1,768,768,768,768,768,768,0,768,193,193,193,193,193,193,0,193,0,0,0,0,0,0,0,0,1,120
1,0.045836,0.045836,0.045836,0.045836,0.045836,0.045836,0,0.045836,0.037869,0.037869,0.037869,0.037869,0.037869,0.037869,0,0.037869,0.025824,0.025824,0.025824,0.025824,0.025824,0.025824,0,0.025824,1,1,1,1,1,1,0,1,768,768,768,768,768,768,0,768,193,193,193,193,193,193,0,193,0,0,0,0,0,0,0,0,1,121
1,0.089721,0.089721,0.089721,0.089721,0.089721,0.089721,0,0.089721,0.043895,0.043895,0.043895,0.043895,0.043895,0.043895,0,0.043895,0.078251,0.078251,0.078251,0.078251,0.078251,0.078251,0,0.078251,1,1,1,1,1,1,0,1,768,768,768,768,768,768,0,768,193,193,193,193,193,193,0,193,0,0,0,0,0,0,0,0,1,122
1,0.093031,0.093031,0.093031,0.093031,0.093031,0.093031,0,0.093031,0.047482,0.047482,0.047482,0.047482,0.047482,0.047482,0,0.047482,0.080001,0.080001,0.080001,0.080001,0.080001,0.080001,0,0.080001,1,1,1,1,1,1,0,1,768,768,768,768,768,768,0,768,193,193,193,193,193,193,0,193,0,0,0,0,0,0,0,0,1,123
1,0.094189,0.094189,0.094189,0.094189,0.094189,0.094189,0,0.094189,0.046567,0.046567,0.046567,0.046567,0.046567,0.046567,0,0.046567,0.081873,0.081873,0.081873,0.081873,0.081873,0.081873,0,0.081873,1,1,1,1,1,1,0,1,768,768,768,768,768,768,0,768,193,193,193,193,193,193,0,193,0,0,0,0,0,0,0,0,1,124
1,0.079382,0.079382,0.079382,0.079382,0.079382,0.079382,0,0.079382,0.038811,0.038811,0.038811,0.038811,0.038811,0.038811,0,0.038811,0.069247,0.069247,0.069247,0.069247,0.069247,0.069247,0,0.069247,1,1,1,1,1,1,0,1,768,768,768,768,768,768,0,768,193,193,193,193,193,193,0,193,0,0,0,0,0,0,0,0,1,125
1,0.033862,0.033862,0.033862,0.033862,0.033862,0.033862,0,0.033862,0.033009,0.033009,0.033009,0.033009,0.033009,0.033009,0,0.033009,0.0075536,0.0075536,0.0075536,0.0075536,0.0075536,0.0075536,0,0.0075536,1,1,1,1,1,1,0,1,768,768,768,768,768,768,0,768,193,193,193,193,193,193,0,193,0,0,0,0,0,0,0,0,1,126
1,0.070081,0.070081,0.070081,0.070081,0.070081,0.070081,0,0.070081,0.037301,0.037301,0.037301,0.037301,0.037301,0.037301,0,0.037301,-0.059329,-0.059329,-0.059329,-0.059329,-0.059329,-0.059329,0,-0.059329,1,1,1,1,1,1,0,1,768,768,768,768,768,768,0,768,193,193,193,193,193,193,0,193,0,0,0,0,0,0,0,0,1,127
1,0.090515,0.090515,0.090515,0.090515,0.090515,0.090515,0,0.090515,0.043111,0.043111,0.043111,0.043111,0.043111,0.043111,0,0.043111,-0.079588,-0.079588,-0.079588,-0.079588,-0.079588,-0.079588,0,-0.079588,1,1,1,1,1,1,0,1,768,768,768,768,768,768,0,768,193,193,193,193,193,193,0,193,0,0,0,0,0,0,0,0,1,128
1,0.091849,0.091849,0.091849,0.091849,0.091849,0.091849,0,0.091849,0.045629,0.045629,0.045629,0.045629,0.045629,0.045629,0,0.045629,-0.079713,-0.079713,-0.079713,-0.079713,-0.079713,-0.079713,0,-0.079713,1,1,1,1,1,1,0,1,768,768,768,768,768,768,0,768,193,193,193,193,193,193,0,193,0,0,0,0,0,0,0,0,1,129
1,0.090098,0.090098,0.090098,0.090098,0.090098,0.090098,0,0.090098,0.041837,0.041837,0.041837,0.041837,0.041837,0.041837,0,0.041837,-0.079796,-0.079796,-0.079796,-0.079796,-0.079796,-0.079796,0,-0.079796,1,1,1,1,1,1,0,1,768,768,768,768,768,768,0,768,193,193,193,193,193,193,0,193,0,0,0,0,0,0,0,0,1,130
1,0.051902,0.051902,0.051902,0.051902,0.051902,0.051902,0,0.051902,0.03339,0.03339,0.03339,0.03339,0.03339,0.03339,0,0.03339,-0.039736,-0.039736,-0.039736,-0.039736,-0.039736,-0.039736,0,-0.039736,1,1,1,1,1,1,0,1,768,768,768,768,768,768,0,768,193,193,193,193,193,193,0,193,0,0,0,0,0,0,0,0,1,131
1,0.045212,0.045212,0.045212,0.045212,0.045212,0.045212,0,0.045212,0.034258,0.034258,0.034258,0.034258,0.034258,0.034258,0,0.034258,0.029504,0.029504,0.029504,0.029504,0.029504,0.029504,0,0.029504,1,1,1,1,1,1,0,1,768,768,768,768,768,768,0,768,193,193,193,193,193,193,0,193,0,0,0,0,0,0,0,0,1,132
1,0.087166,0.087166,0.087166,0.087166,0.087166,0.087166,0,0.087166,0.040142,0.040142,0.040142,0.040142,0.040142,0.040142,0,0.040142,0.077373,0.077373,0.077373,0.077373,0.077373,0.077373,0,0.077373,1,1,1,1,1,1,0,1,768,768,768,768,768,768,0,768,193,193,193,193,193,193,0,193,0,0,0,0,0,0,0,0,1,133
1,0.090989,0.090989,0.090989,0.090989,0.090989,0.090989,0,0.090989,0.044403,0.044403,0.044403,0.044403,0.044403,0.044403,0,0.044403,0.079419,0.079419,0.079419,0.079419,0.079419,0.079419,0,0.079419,1,1,1,1,1,1,0,1,768,768,768,768,768,768,0,768,193,193,193,193,193,193,0,193,0,0,0,0,0,0,0,0,1,134
1,0.092029,0.092029,0.092029,0.092029,0.092029,0.092029,0,0.092029,0.043925,0.043925,0.043925,0.043925,0.043925,0.043925,0,0.043925,0.080869,0.080869,0.080869,0.080869,0.080869,0.080869,0,0.080869,1,1,1,1,1,1,0,1,768,768,768,768,768,768,0,768,193,193,193,193,193,193,0,193,0,0,0,0,0,0,0,0,1,135
1,0.074366,0.074366,0.074366,0.074366,0.074366,0.074366,0,0.074366,0.036739,0.036739,0.036739,0.036739,0.036739,0.036739,0,0.036739,0.064657,0.064657,0.064657,0.064657,0.064657,0.064657,0,0.064657,1,1,1,1,1,1,0,1,768,768,768,768,768,768,0,768,193,193,193,193,193,193,0,193,0,0,0,0,0,0,0,0,1,136
1,0.032709,0.032709,0.032709,0.032709,0.032709,0.032709,0,0.032709,0.032563,0.032563,0.032563,0.032563,0.032563,0.032563,0,0.032563,0.0030836,0.0030836,0.0030836,0.0030836,0.0030836,0.0030836,0,0.0030836,1,1,1,1,1,1,0,1,768,768,768,768,768,768,0,768,193,193,193,193,193,193,0,193,0,0,0,0,0,0,0,0,1,137
1,0.071412,0.071412,0.071412,0.071412,0.071412,0.071412,0,0.071412,0.037284,0.037284,0.037284,0.037284,0.037284,0.037284,0,0.037284,-0.060906,-0.060906,-0.060906,-0.060906,-0.060906,-0.060906,0,-0.060906,1,1,1,1,1,1,0,1,768,768,768,768,768,768,0,768,193,193,193,193,193,193,0,193,0,0,0,0,0,0,0,0,1,138
1,0.089393,0.089393,0.089393,0.089393,0.089393,0.089393,0,0.089393,0.043163,0.043163,0.043163,0.043163,0.043163,0.043163,0,0.043163,-0.078282,-0.078282,-0.078282,-0.078282,-0.078282,-0.078282,0,-0.078282,1,1,1,1,1,1,0,1,768,768,768,768,768,768,0,768,193,193,193,193,193,193,0,193,0,0,0,0,0,0,0,0,1,139
1,0.091158,0.091158,0.091158,0.091158,0.091158,0.091158,0,0.091158,0.045746,0.045746,0.045746,0.045746,0.045746,0.045746,0,0.045746,-0.078848,-0.078848,-0.078848,-0.078848,-0.078848,-0.078848,0,-0.078848,1,1,1,1,1,1,0,1,768,768,768,768,768,768,0,768,193,193,193,193,193,193,0,193,0,0,0,0,0,0,0,0,1,140
1,0.088288,0.088288,0.088288,0.088288,0.088288,0.088288,0,0.088288,0.041895,0.041895,0.041895,0.041895,0.041895,0.041895,0,0.041895,-0.077715,-0.077715,-0.077715,-0.077715,-0.077715,-0.077715,0,-0.077715,1,1,1,1,1,1,0,1,768,768,768,768,768,768,0,768,193,193,193,193,193,193,0,193,0,0,0,0,0,0,0,0,1,141
1,0.047834,0.047834,0.047834,0.047834,0.047834,0.047834,0,0.047834,0.034147,0.034147,0.034147,0.034147,0.034147,0.034147,0,0.034147,-0.033498,-0.033498,-0.033498,-0.033498,-0.033498,-0.033498,0,-0.033498,1,1,1,1,1,1,0,1,768,768,768,768,768,768,0,768,193,193,193,193,193,193,0,193,0,0,0,0,0,0,0,0,1,142
1,0.050354,0.050354,0.050354,0.050354,0.050354,0.050354,0,0.050354,0.035716,0.035716,0.035716,0.035716,0.035716,0.035716,0,0.035716,0.035494,0.035494,0.035494,0.035494,0.035494,0.035494,0,0.035494,1,1,1,1,1,1,0,1,768,768,768,768,768,768,0,768,193,193,193,193,193,193,0,193,0,0,0,0,0,0,0,0,1,143
1,0.088554,0.088554,0.088554,0.088554,0.088554,0.088554,0,0.088554,0.041633,0.041633,0.041633,0.041633,0.041633,0.041633,0,0.041633,0.078157,0.078157,0.078157,0.078157,0.078157,0.078157,0,0.078157,1,1,1,1,1,1,0,1,768,768,768,768,768,768,0,768,193,193,193,193,193,193,0,193,0,0,0,0,0,0,0,0,1,144
1,0.09112,0.09112,0.09112,0.09112,0.09112,0.09112,0,0.09112,0.045744,0.045744,0.045744,0.045744,0.045744,0.045744,0,0.045744,0.078805,0.078805,0.078805,0.078805,0.078805,0.078805,0,0.078805,1,1,1,1,1,1,0,1,768,768,768,768,768,768,0,768,193,193,193,193,193,193,0,193,0,0,0,0,0,0,0,0,1,145
1,0.092395,0.092395,0.092395,0.092395,0.092395,0.092395,0,0.092395,0.044832,0.044832,0.044832,0.044832,0.044832,0.044832,0,0.044832,0.080789,0.080789,0.080789,0.080789,0.080789,0.080789,0,0.080789,1,1,1,1,1,1,0,1,768,768,768,768,768,768,0,768,193,193,193,193,193,193,0,193,0,0,0,0,0,0,0,0,1,146
1,0.069989,0.069989,0.069989,0.069989,0.069989,0.069989,0,0.069989,0.037294,0.037294,0.037294,0.037294,0.037294,0.037294,0,0.037294,0.059225,0.059225,0.059225,0.059225,0.059225,0.059225,0,0.059225,1,1,1,1,1,1,0,1,768,768,768,768,768,768,0,768,193,193,193,193,193,193,0,193,0,0,0,0,0,0,0,0,1,147
1,0.034474,0.034474,0.034474,0.034474,0.034474,0.034474,0,0.034474,0.034009,0.034009,0.034009,0.034009,0.034009,0.034009,0,0.034009,-0.0056439,-0.0056439,-0.0056439,-0.0056439,-0.0056439,-0.0056439,0,-0.0056439,1,1,1,1,1,1,0,1,768,768,768,768,768,768,0,768,193,193,193,193,193,193,0,193,0,0,0,0,0,0,0,0,1,148
1,0.077722,0.077722,0.077722,0.077722,0.077722,0.077722,0,0.077722,0.039131,0.039131,0.039131,0.039131,0.039131,0.039131,0,0.039131,-0.067153,-0.067153,-0.067153,-0.067153,-0.067153,-0.067153,0,-0.067153,1,1,1,1,1,1,0,1,768,768,768,768,768,768,0,768,193,193,193,193,193,193,0,193,0,0,0,0,0,0,0,0,1,149
1,0.090207,0.090207,0.090207,0.090207,0.090207,0.090207,0,0.090207,0.045065,0.045065,0.045065,0.045065,0.045065,0.045065,0,0.045065,-0.078144,-0.078144,-0.078144,-0.078144,-0.078144,-0.078144,0,-0.078144,1,1,1,1,1,1,0,1,768,768,768,768,768,768,0,768,193,193,193,193,193,193,0,193,0,0,0,0,0,0,0,0,1,150
1,0.09244,0.09244,0.09244,0.09244,0.09244,0.09244,0,0.09244,0.047153,0.047153,0.047153,0.047153,0.047153,0.047153,0,0.047153,-0.07951,-0.07951,-0.07951,-0.07951,-0.07951,-0.07951,0,-0.07951,1,1,1,1,1,1,0,1,768,768,768,768,768,768,0,768,193,193,193,193,193,193,0,193,0,0,0,0,0,0,0,0,1,151
1,0.086659,0.086659,0.086659,0.086659,0.086659,0.086659,0,0.086659,0.042413,0.042413,0.042413,0.042413,0.042413,0.042413,0,0.042413,-0.075571,-0.075571,-0.075571,-0.075571,-0.075571,-0.075571,0,-0.075571,1,1,1,1,1,1,0,1,768,768,768,768,768,768,0,768,193,193,193,193,193,193,0,193,0,0,0,0,0,0,0,0,1,152
1,0.04229,0.04229,0.04229,0.04229,0.04229,0.04229,0,0.04229,0.035181,0.035181,0.035181,0.035181,0.035181,0.035181,0,0.035181,-0.023468,-0.023468,-0.023468,-0.023468,-0.023468,-0.023468,0,-0.023468,1,1,1,1,1,1,0,1,768,768,768,768,768,768,0,768,193,193,193,193,193,193,0,193,0,0,0,0,0,0,0,0,1,153
1,0.059978,0.059978,0.059978,0.059978,0.059978,0.059978,0,0.059978,0.037991,0.037991,0.037991,0.037991,0.037991,0.037991,0,0.037991,0.046411,0.046411,0.046411,0.046411,0.046411,0.046411,0,0.046411,1,1,1,1,1,1,0,1,768,768,768,768,768,768,0,768,193,193,193,193,193,193,0,193,0,0,0,0,0,0,0,0,1,154
1,0.090861,0.090861,0.090861,0.090861,0.090861,0.090861,0,0.090861,0.044017,0.044017,0.044017,0.044017,0.044017,0.044017,0,0.044017,0.079487,0.079487,0.079487,0.079487,0.079487,0.079487,0,0.079487,1,1,1,1,1,1,0,1,768,768,768,768,768,768,0,768,193,193,193,193,193,193,0,193,0,0,0,0,0,0,0,0,1,155
1,0.09234,0.09234,0.09234,0.09234,0.09234,0.09234,0,0.09234,0.047451,0.047451,0.047451,0.047451,0.047451,0.047451,0,0.047451,0.079216,0.079216,0.079216,0.079216,0.079216,0.079216,0,0.079216,1,1,1,1,1,1,0,1,768,768,768,768,768,768,0,768,193,193,193,193,193,193,0,193,0,0,0,0,0,0,0,0,1,156
1,0.093029,0.093029,0.093029,0.093029,0.093029,0.093029,0,0.093029,0.045431,0.045431,0.045431,0.045431,0.045431,0.045431,0,0.045431,0.081181,0.081181,0.081181,0.081181,0.081181,0.081181,0,0.081181,1,1,1,1,1,1,0,1,768,768,768,768,768,768,0,768,193,193,193,193,193,193,0,193,0,0,0,0,0,0,0,0,1,157
1,0.062334,0.062334,0.062334,0.062334,0.062334,0.062334,0,0.062334,0.037247,0.037247,0.037247,0.037247,0.037247,0.037247,0,0.037247,0.049982,0.049982,0.049982,0.049982,0.049982,0.049982,0,0.049982,1,1,1,1,1,1,0,1,768,768,768,768,768,768,0,768,193,193,193,193,193,193,0,193,0,0,0,0,0,0,0,0,1,158
1,0.040495,0.040495,0.040495,0.040495,0.040495,0.040495,0,0.040495,0.035665,0.035665,0.035665,0.035665,0.035665,0.035665,0,0.035665,-0.019179,-0.019179,-0.019179,-0.019179,-0.019179,-0.019179,0,-0.019179,1,1,1,1,1,1,0,1,768,768,768,768,768,768,0,768,193,193,193,193,193,193,0,193,0,0,0,0,0,0,0,0,1,159
1,0.084939,0.084939,0.084939,0.084939,0.084939,0.084939,0,0.084939,0.041404,0.041404,0.041404,0.041404,0.041404,0.041404,0,0.041404,-0.074165,-0.074165,-0.074165,-0.074165,-0.074165,-0.074165,0,-0.074165,1,1,1,1,1,1,0,1,768,768,768,768,768,768,0,768,193,193,193,193,193,193,0,193,0,0,0,0,0,0,0,0,1,160
1,0.091191,0.091191,0.091191,0.091191,0.091191,0.091191,0,0.091191,0.046823,0.046823,0.046823,0.046823,0.046823,0.046823,0,0.046823,-0.078252,-0.078252,-0.078252,-0.078252,-0.078252,-0.078252,0,-0.078252,1,1,1,1,1,1,0,1,768,768,768,768,768,768,0,768,193,193,193,193,193,193,0,193,0,0,0,0,0,0,0,0,1,161
1,0.093674,0.093674,0.093674,0.093674,0.093674,0.093674,0,0.093674,0.047725,0.047725,0.047725,0.047725,0.047725,0.047725,0,0.047725,-0.080605,-0.080605,-0.080605,-0.080605,-0.080605,-0.080605,0,-0.080605,1,1,1,1,1,1,0,1,768,768,768,768,768,768,0,768,193,193,193,193,193,193,0,193,0,0,0,0,0,0,0,0,1,162
1,0.081478,0.081478,0.081478,0.081478,0.081478,0.081478,0,0.081478,0.041369,0.041369,0.041369,0.041369,0.041369,0.041369,0,0.041369,-0.070195,-0.070195,-0.070195,-0.070195,-0.070195,-0.070195,0,-0.070195,1,1,1,1,1,1,0,1,768,768,768,768,768,768,0,768,193,193,193,193,193,193,0,193,0,0,0,0,0,0,0,0,1,163
1,0.036638,0.036638,0.036638,0.036638,0.036638,0.036638,0,0.036638,0.035368,0.035368,0.035368,0.035368,0.035368,0.035368,0,0.035368,-0.0095643,-0.0095643,-0.0095643,-0.0095643,-0.0095643,-0.0095643,0,-0.0095643,1,1,1,1,1,1,0,1,768,768,768,768,768,768,0,768,193,193,193,193,193,193,0,193,0,0,0,0,0,0,0,0,1,164
1,0.070682,0.070682,0.070682,0.070682,0.070682,0.070682,0,0.070682,0.039597,0.039597,0.039597,0.039597,0.039597,0.039597,0,0.039597,0.05855,0.05855,0.05855,0.05855,0.05855,0.05855,0,0.05855,1,1,1,1,1,1,0,1,768,768,768,768,768,768,0,768,193,193,193,193,193,193,0,193,0,0,0,0,0,0,0,0,1,165
1,0.091768,0.091768,0.091768,0.091768,0.091768,0.091768,0,0.091768,0.045383,0.045383,0.045383,0.045383,0.045383,0.045383,0,0.045383,0.079761,0.079761,0.079761,0.079761,0.079761,0.079761,0,0.079761,1,1,1,1,1,1,0,1,768,768,768,768,768,768,0,768,193,193,193,193,193,193,0,193,0,0,0,0,0,0,0,0,1,166
1,0.093048,0.093048,0.093048,0.093048,0.093048,0.093048,0,0.093048,0.047794,0.047794,0.047794,0.047794,0.047794,0.047794,0,0.047794,0.079835,0.079835,0.079835,0.079835,0.079835,0.079835,0,0.079835,1,1,1,1,1,1,0,1,768,768,768,768,768,768,0,768,193,193,193,193,193,193,0,193,0,0,0,0,0,0,0,0,1,167
1,0.091477,0.091477,0.091477,0.091477,0.091477,0.091477,0,0.091477,0.044237,0.044237,0.044237,0.044237,0.044237,0.044237,0,0.044237,0.08007,0.08007,0.08007,0.08007,0.08007,0.08007,0,0.08007,1,1,1,1,1,1,0,1,768,768,768,768,768,768,0,768,193,193,193,193,193,193,0,193,0,0,0,0,0,0,0,0,1,168
1,0.052544,0.052544,0.052544,0.052544,0.052544,0.052544,0,0.052544,0.03594,0.03594,0.03594,0.03594,0.03594,0.03594,0,0.03594,0.03833,0.03833,0.03833,0.03833,0.03833,0.03833,0,0.03833,1,1,1,1,1,1,0,1,768,768,768,768,768,768,0,768,193,193,193,193,193,193,0,193,0,0,0,0,0,0,0,0,1,169
1,0.048831,0.048831,0.048831,0.048831,0.048831,0.048831,0,0.048831,0.036474,0.036474,0.036474,0.036474,0.036474,0.036474,0,0.036474,-0.032468,-0.032468,-0.032468,-0.032468,-0.032468,-0.032468,0,-0.032468,1,1,1,1,1,1,0,1,768,768,768,768,768,768,0,768,193,193,193,193,193,193,0,193,0,0,0,0,0,0,0,0,1,170
1,0.088604,0.088604,0.088604,0.088604,0.088604,0.088604,0,0.088604,0.042628,0.042628,0.042628,0.042628,0.042628,0.042628,0,0.042628,-0.077675,-0.077675,-0.077675,-0.077675,-0.077675,-0.077675,0,-0.077675,1,1,1,1,1,1,0,1,768,768,768,768,768,768,0,768,193,193,193,193,193,193,0,193,0,0,0,0,0,0,0,0,1,171
1,0.091711,0.091711,0.091711,0.091711,0.091711,0.091711,0,0.091711,0.047431,0.047431,0.047431,0.047431,0.047431,0.047431,0,0.047431,-0.078494,-0.078494,-0.078494,-0.078494,-0.078494,-0.078494,0,-0.078494,1,1,1,1,1,1,0,1,768,768,768,768,768,768,0,768,193,193,193,193,193,193,0,193,0,0,0,0,0,0,0,0,1,172
1,0.094011,0.094011,0.094011,0.094011,0.094011,0.094011,0,0.094011,0.047197,0.047197,0.047197,0.047197,0.047197,0.047197,0,0.047197,-0.081305,-0.081305,-0.081305,-0.081305,-0.081305,-0.081305,0,-0.081305,1,1,1,1,1,1,0,1,768,768,768,768,768,768,0,768,193,193,193,193,193,193,0,193,0,0,0,0,0,0,0,0,1,173
1,0.073363,0.073363,0.073363,0.073363,0.073363,0.073363,0,0.073363,0.039624,0.039624,0.039624,0.039624,0.039624,0.039624,0,0.039624,-0.061742,-0.061742,-0.061742,-0.061742,-0.061742,-0.061742,0,-0.061742,1,1,1,1,1,1,0,1,768,768,768,768,768,768,0,768,193,193,193,193,193,193,0,193,0,0,0,0,0,0,0,0,1,174
1,0.036095,0.036095,0.036095,0.036095,0.036095,0.036095,0,0.036095,0.035758,0.035758,0.035758,0.035758,0.035758,0.035758,0,0.035758,0.0049172,0.0049172,0.0049172,0.0049172,0.0049172,0.0049172,0,0.0049172,1,1,1,1,1,1,0,1,768,768,768,768,768,768,0,768,193,193,193,193,193,193,0,193,0,0,0,0,0,0,0,0,1,175
1,0.079752,0.079752,0.079752,0.079752,0.079752,0.079752,0,0.079752,0.0411,0.0411,0.0411,0.0411,0.0411,0.0411,0,0.0411,0.068346,0.068346,0.068346,0.068346,0.068346,0.068346,0,0.068346,1,1,1,1,1,1,0,1,768,768,768,768,768,768,0,768,193,193,193,193,193,193,0,193,0,0,0,0,0,0,0,0,1,176
1,0.092033,0.092033,0.092033,0.092033,0.092033,0.092033,0,0.092033,0.046483,0.046483,0.046483,0.046483,0.046483,0.046483,0,0.046483,0.079432,0.079432,0.079432,0.079432,0.079432,0.079432,0,0.079432,1,1,1,1,1,1,0,1,768,768,768,768,768,768,0,768,193,193,193,193,193,193,0,193,0,0,0,0,0,0,0,0,1,177
1,0.093606,0.093606,0.093606,0.093606,0.093606,0.093606,0,0.093606,0.047905,0.047905,0.047905,0.047905,0.047905,0.047905,0,0.047905,0.080419,0.080419,0.080419,0.080419,0.080419,0.080419,0,0.080419,1,1,1,1,1,1,0,1,768,768,768,768,768,768,0,768,193,193,193,193,193,193,0,193,0,0,0,0,0,0,0,0,1,178
1,0.087635,0.087635,0.087635,0.087635,0.087635,0.087635,0,0.087635,0.042815,0.042815,0.042815,0.042815,0.042815,0.042815,0,0.042815,0.076464,0.076464,0.076464,0.076464,0.076464,0.076464,0,0.076464,1,1,1,1,1,1,0,1,768,768,768,768,768,768,0,768,193,193,193,193,193,193,0,193,0,0,0,0,0,0,0,0,1,179
1,0.042784,0.042784,0.042784,0.042784,0.042784,0.042784,0,0.042784,0.035339,0.035339,0.035339,0.035339,0.035339,0.035339,0,0.035339,0.024116,0.024116,0.024116,0.024116,0.024116,0.024116,0,0.024116,1,1,1,1,1,1,0,1,768,768,768,768,768,768,0,768,193,193,193,193,193,193,0,193,0,0,0,0,0,0,0,0,1,180
1,0.060047,0.060047,0.060047,0.060047,0.060047,0.060047,0,0.060047,0.037923,0.037923,0.037923,0.037923,0.037923,0.037923,0,0.037923,-0.046556,-0.046556,-0.046556,-0.046556,-0.046556,-0.046556,0,-0.046556,1,1,1,1,1,1,0,1,768,768,768,768,768,768,0,768,193,193,193,193,193,193,0,193,0,0,0,0,0,0,0,0,1,181
1,0.090481,0.090481,0.090481,0.090481,0.090481,0.090481,0,0.090481,0.044272,0.044272,0.044272,0.044272,0.044272,0.044272,0,0.044272,-0.07891,-0.07891,-0.07891,-0.07891,-0.07891,-0.07891,0,-0.07891,1,1,1,1,1,1,0,1,768,768,768,768,768,768,0,768,193,193,193,193,193,193,0,193,0,0,0,0,0,0,0,0,1,182
1,0.092398,0.092398,0.092398,0.092398,0.092398,0.092398,0,0.092398,0.04822,0.04822,0.04822,0.04822,0.04822,0.04822,0,0.04822,-0.078818,-0.078818,-0.078818,-0.078818,-0.078818,-0.078818,0,-0.078818,1,1,1,1,1,1,0,1,768,768,768,768,768,768,0,768,193,193,193,193,193,193,0,193,0,0,0,0,0,0,0,0,1,183
1,0.093754,0.093754,0.093754,0.093754,0.093754,0.093754,0,0.093754,0.046544,0.046544,0.046544,0.046544,0.046544,0.046544,0,0.046544,-0.081385,-0.081385,-0.081385,-0.081385,-0.081385,-0.081385,0,-0.081385,1,1,1,1,1,1,0,1,768,768,768,768,768,768,0,768,193,193,193,193,193,193,0,193,0,0,0,0,0,0,0,0,1,184
1,0.062565,0.062565,0.062565,0.062565,0.062565,0.062565,0,0.062565,0.038181,0.038181,0.038181,0.038181,0.038181,0.038181,0,0.038181,-0.049563,-0.049563,-0.049563,-0.049563,-0.049563,-0.049563,0,-0.049563,1,1,1,1,1,1,0,1,768,768,768,768,768,768,0,768,193,193,193,193,193,193,0,193,0,0,0,0,0,0,0,0,1,185
1,0.042625,0.042625,0.042625,0.042625,0.042625,0.042625,0,0.042625,0.036924,0.036924,0.036924,0.036924,0.036924,0.036924,0,0.036924,0.021297,0.021297,0.021297,0.021297,0.021297,0.021297,0,0.021297,1,1,1,1,1,1,0,1,768,768,768,768,768,768,0,768,193,193,193,193,193,193,0,193,0,0,0,0,0,0,0,0,1,186
1,0.087215,0.087215,0.087215,0.087215,0.087215,0.087215,0,0.087215,0.042923,0.042923,0.042923,0.042923,0.042923,0.042923,0,0.042923,0.075922,0.075922,0.075922,0.075922,0.075922,0.075922,0,0.075922,1,1,1,1,1,1,0,1,768,768,768,768,768,768,0,768,193,193,193,193,193,193,0,193,0,0,0,0,0,0,0,0,1,187
1,0.092474,0.092474,0.092474,0.092474,0.092474,0.092474,0,0.092474,0.047715,0.047715,0.047715,0.047715,0.047715,0.047715,0,0.047715,0.079213,0.079213,0.079213,0.079213,0.079213,0.079213,0,0.079213,1,1,1,1,1,1,0,1,768,768,768,768,768,768,0,768,193,193,193,193,193,193,0,193,0,0,0,0,0,0,0,0,1,188
1,0.094409,0.094409,0.094409,0.094409,0.094409,0.094409,0,0.094409,0.047956,0.047956,0.047956,0.047956,0.047956,0.047956,0,0.047956,0.081322,0.081322,0.081322,0.081322,0.081322,0.081322,0,0.081322,1,1,1,1,1,1,0,1,768,768,768,768,768,768,0,768,193,193,193,193,193,193,0,193,0,0,0,0,0,0,0,0,1,189
1,0.080293,0.080293,0.080293,0.080293,0.080293,0.080293,0,0.080293,0.041195,0.041195,0.041195,0.041195,0.041195,0.041195,0,0.041195,0.06892,0.06892,0.06892,0.06892,0.06892,0.06892,0,0.06892,1,1,1,1,1,1,0,1,768,768,768,768,768,768,0,768,193,193,193,193,193,193,0,193,0,0,0,0,0,0,0,0,1,190
1,0.036143,0.036143,0.036143,0.036143,0.036143,0.036143,0,0.036143,0.035558,0.035558,0.035558,0.035558,0.035558,0.035558,0,0.035558,0.0064793,0.0064793,0.0064793,0.0064793,0.0064793,0.0064793,0,0.0064793,1,1,1,1,1,1,0,1,768,768,768,768,768,768,0,768,193,193,193,193,193,193,0,193,0,0,0,0,0,0,0,0,1,191
1,0.073185,0.073185,0.073185,0.073185,0.073185,0.073185,0,0.073185,0.039984,0.039984,0.039984,0.039984,0.039984,0.039984,0,0.039984,-0.061297,-0.061297,-0.061297,-0.061297,-0.061297,-0.061297,0,-0.061297,1,1,1,1,1,1,0,1,768,768,768,768,768,768,0,768,193,193,193,193,193,193,0,193,0,0,0,0,0,0,0,0,1,192
1,0.091388,0.091388,0.091388,0.091388,0.091388,0.091388,0,0.091388,0.046241,0.046241,0.046241,0.046241,0.046241,0.046241,0,0.046241,-0.078826,-0.078826,-0.078826,-0.078826,-0.078826,-0.078826,0,-0.078826,1,1,1,1,1,1,0,1,768,768,768,768,768,768,0,768,193,193,193,193,193,193,0,193,0,0,0,0,0,0,0,0,1,193
1,0.09345,0.09345,0.09345,0.09345,0.09345,0.09345,0,0.09345,0.048993,0.048993,0.048993,0.048993,0.048993,0.048993,0,0.048993,-0.079578,-0.079578,-0.079578,-0.079578,-0.079578,-0.079578,0,-0.079578,1,1,1,1,1,1,0,1,768,768,768,768,768,768,0,768,193,193,193,193,193,193,0,193,0,0,0,0,0,0,0,0,1,194
1,0.091473,0.091473,0.091473,0.091473,0.091473,0.091473,0,0.091473,0.045338,0.045338,0.045338,0.045338,0.045338,0.045338,0,0.045338,-0.079447,-0.079447,-0.079447,-0.079447,-0.079447,-0.079447,0,-0.079447,1,1,1,1,1,1,0,1,768,768,768,768,768,768,0,768,193,193,193,193,193,193,0,193,0,0,0,0,0,0,0,0,1,195
1,0.049536,0.049536,0.049536,0.049536,0.049536,0.049536,0,0.049536,0.037053,0.037053,0.037053,0.037053,0.037053,0.037053,0,0.037053,-0.032877,-0.032877,-0.032877,-0.032877,-0.032877,-0.032877,0,-0.032877,1,1,1,1,1,1,0,1,768,768,768,768,768,768,0,768,193,193,193,193,193,193,0,193,0,0,0,0,0,0,0,0,1,196
1,0.055422,0.055422,0.055422,0.055422,0.055422,0.055422,0,0.055422,0.038703,0.038703,0.038703,0.038703,0.038703,0.038703,0,0.038703,0.03967,0.03967,0.03967,0.03967,0.03967,0.03967,0,0.03967,1,1,1,1,1,1,0,1,768,768,768,768,768,768,0,768,193,193,193,193,193,193,0,193,0,0,0,0,0,0,0,0,1,197
1,0.091459,0.091459,0.091459,0.091459,0.091459,0.091459,0,0.091459,0.044945,0.044945,0.044945,0.044945,0.044945,0.044945,0,0.044945,0.079653,0.079653,0.079653,0.079653,0.079653,0.079653,0,0.079653,1,1,1,1,1,1,0,1,768,768,768,768,768,768,0,768,193,193,193,193,193,193,0,193,0,0,0,0,0,0,0,0,1,198
1,0.093166,0.093166,0.093166,0.093166,0.093166,0.093166,0,0.093166,0.048766,0.048766,0.048766,0.048766,0.048766,0.048766,0,0.048766,0.079383,0.079383,0.079383,0.079383,0.079383,0.079383,0,0.079383,1,1,1,1,1,1,0,1,768,768,768,768,768,768,0,768,193,193,193,193,193,193,0,193,0,0,0,0,0,0,0,0,1,199
1,0.094723,0.094723,0.094723,0.094723,0.094723,0.094723,0,0.094723,0.047416,0.047416,0.047416,0.047416,0.047416,0.047416,0,0.047416,0.082001,0.082001,0.082001,0.082001,0.082001,0.082001,0,0.082001,1,1,1,1,1,1,0,1,768,768,768,768,768,768,0,768,193,193,193,193,193,193,0,193,0,0,0,0,0,0,0,0,1,200
1,0.068304,0.068304,0.068304,0.068304,0.068304,0.068304,0,0.068304,0.039237,0.039237,0.039237,0.039237,0.039237,0.039237,0,0.039237,0.055909,0.055909,0.055909,0.055909,0.055909,0.055909,0,0.055909,1,1,1,1,1,1,0,1,768,768,768,768,768,768,0,768,193,193,193,193,193,193,0,193,0,0,0,0,0,0,0,0,1,201
1,0.039044,0.039044,0.039044,0.039044,0.039044,0.039044,0,0.039044,0.036515,0.036515,0.036515,0.036515,0.036515,0.036515,0,0.036515,-0.013824,-0.013824,-0.013824,-0.013824,-0.013824,-0.013824,0,-0.013824,1,1,1,1,1,1,0,1,768,768,768,768,768,768,0,768,193,193,193,193,193,193,0,193,0,0,0,0,0,0,0,0,1,202
1,0.084433,0.084433,0.084433,0.084433,0.084433,0.084433,0,0.084433,0.042286,0.042286,0.042286,0.042286,0.042286,0.042286,0,0.042286,-0.07308,-0.07308,-0.07308,-0.07308,-0.07308,-0.07308,0,-0.07308,1,1,1,1,1,1,0,1,768,768,768,768,768,768,0,768,193,193,193,193,193,193,0,193,0,0,0,0,0,0,0,0,1,203
1,0.092077,0.092077,0.092077,0.092077,0.092077,0.092077,0,0.092077,0.048012,0.048012,0.048012,0.048012,0.048012,0.048012,0,0.048012,-0.078569,-0.078569,-0.078569,-0.078569,-0.078569,-0.078569,0,-0.078569,1,1,1,1,1,1,0,1,768,768,768,768,768,768,0,768,193,193,193,193,193,193,0,193,0,0,0,0,0,0,0,0,1,204
1,0.094679,0.094679,0.094679,0.094679,0.094679,0.094679,0,0.094679,0.049328,0.049328,0.049328,0.049328,0.049328,0.049328,0,0.049328,-0.080813,-0.080813,-0.080813,-0.080813,-0.080813,-0.080813,0,-0.080813,1,1,1,1,1,1,0,1,768,768,768,768,768,768,0,768,193,193,193,193,193,193,0,193,0,0,0,0,0,0,0,0,1,205
1,0.084476,0.084476,0.084476,0.084476,0.084476,0.084476,0,0.084476,0.043363,0.043363,0.043363,0.043363,0.043363,0.043363,0,0.043363,-0.072497,-0.072497,-0.072497,-0.072497,-0.072497,-0.072497,0,-0.072497,1,1,1,1,1,1,0,1,768,768,768,768,768,768,0,768,193,193,193,193,193,193,0,193,0,0,0,0,0,0,0,0,1,206
1,0.03863,0.03863,0.03863,0.03863,0.03863,0.03863,0,0.03863,0.036826,0.036826,0.036826,0.036826,0.036826,0.036826,0,0.036826,-0.011667,-0.011667,-0.011667,-0.011667,-0.011667,-0.011667,0,-0.011667,1,1,1,1,1,1,0,1,768,768,768,768,768,768,0,768,193,193,193,193,193,193,0,193,0,0,0,0,0,0,0,0,1,207
1,0.071635,0.071635,0.071635,0.071635,0.071635,0.071635,0,0.071635,0.041113,0.041113,0.041113,0.041113,0.041113,0.041113,0,0.041113,0.058662,0.058662,0.058662,0.058662,0.058662,0.058662,0,0.058662,1,1,1,1,1,1,0,1,768,768,768,768,768,768,0,768,193,193,193,193,193,193,0,193,0,0,0,0,0,0,0,0,1,208
1,0.092842,0.092842,0.092842,0.092842,0.092842,0.092842,0,0.092842,0.047124,0.047124,0.047124,0.047124,0.047124,0.047124,0,0.047124,0.079994,0.079994,0.079994,0.079994,0.079994,0.079994,0,0.079994,1,1,1,1,1,1,0,1,768,768,768,768,768,768,0,768,193,193,193,193,193,193,0,193,0,0,0,0,0,0,0,0,1,209
1,0.094199,0.094199,0.094199,0.094199,0.094199,0.094199,0,0.094199,0.049602,0.049602,0.049602,0.049602,0.049602,0.049602,0,0.049602,0.080082,0.080082,0.080082,0.080082,0.080082,0.080082,0,0.080082,1,1,1,1,1,1,0,1,768,768,768,768,768,768,0,768,193,193,193,193,193,193,0,193,0,0,0,0,0,0,0,0,1,210
1,0.092853,0.092853,0.092853,0.092853,0.092853,0.092853,0,0.092853,0.046089,0.046089,0.046089,0.046089,0.046089,0.046089,0,0.046089,0.080607,0.080607,0.080607,0.080607,0.080607,0.080607,0,0.080607,1,1,1,1,1,1,0,1,768,768,768,768,768,768,0,768,193,193,193,193,193,193,0,193,0,0,0,0,0,0,0,0,1,211
1,0.052433,0.052433,0.052433,0.052433,0.052433,0.052433,0,0.052433,0.037611,0.037611,0.037611,0.037611,0.037611,0.037611,0,0.037611,0.036532,0.036532,0.036532,0.036532,0.036532,0.036532,0,0.036532,1,1,1,1,1,1,0,1,768,768,768,768,768,768,0,768,193,193,193,193,193,193,0,193,0,0,0,0,0,0,0,0,1,212
1,0.053172,0.053172,0.053172,0.053172,0.053172,0.053172,0,0.053172,0.038504,0.038504,0.038504,0.038504,0.038504,0.038504,0,0.038504,-0.036669,-0.036669,-0.036669,-0.036669,-0.036669,-0.036669,0,-0.036669,1,1,1,1,1,1,0,1,768,768,768,768,768,768,0,768,193,193,193,193,193,193,0,193,0,0,0,0,0,0,0,0,1,213
1,0.090751,0.090751,0.090751,0.090751,0.090751,0.090751,0,0.090751,0.045032,0.045032,0.045032,0.045032,0.045032,0.045032,0,0.045032,-0.07879,-0.07879,-0.07879,-0.07879,-0.07879,-0.07879,0,-0.07879,1,1,1,1,1,1,0,1,768,768,768,768,768,768,0,768,193,193,193,193,193,193,0,193,0,0,0,0,0,0,0,0,1,214
1,0.093139,0.093139,0.093139,0.093139,0.093139,0.093139,0,0.093139,0.049678,0.049678,0.049678,0.049678,0.049678,0.049678,0,0.049678,-0.078784,-0.078784,-0.078784,-0.078784,-0.078784,-0.078784,0,-0.078784,1,1,1,1,1,1,0,1,768,768,768,768,768,768,0,768,193,193,193,193,193,193,0,193,0,0,0,0,0,0,0,0,1,215
1,0.095654,0.095654,0.095654,0.095654,0.095654,0.095654,0,0.095654,0.049078,0.049078,0.049078,0.049078,0.049078,0.049078,0,0.049078,-0.082104,-0.082104,-0.082104,-0.082104,-0.082104,-0.082104,0,-0.082104,1,1,1,1,1,1,0,1,768,768,768,768,768,768,0,768,193,193,193,193,193,193,0,193,0,0,0,0,0,0,0,0,1,216
1,0.070429,0.070429,0.070429,0.070429,0.070429,0.070429,0,0.070429,0.040966,0.040966,0.040966,0.040966,0.040966,0.040966,0,0.040966,-0.057289,-0.057289,-0.057289,-0.057289,-0.057289,-0.057289,0,-0.057289,1,1,1,1,1,1,0,1,768,768,768,768,768,768,0,768,193,193,193,193,193,193,0,193,0,0,0,0,0,0,0,0,1,217
1,0.040548,0.040548,0.040548,0.040548,0.040548,0.040548,0,0.040548,0.038073,0.038073,0.038073,0.038073,0.038073,0.038073,0,0.038073,0.013952,0.013952,0.013952,0.013952,0.013952,0.013952,0,0.013952,1,1,1,1,1,1,0,1,768,768,768,768,768,768,0,768,193,193,193,193,193,193,0,193,0,0,0,0,0,0,0,0,1,218
1,0.086356,0.086356,0.086356,0.086356,0.086356,0.086356,0,0.086356,0.044077,0.044077,0.044077,0.044077,0.044077,0.044077,0,0.044077,0.07426,0.07426,0.07426,0.07426,0.07426,0.07426,0,0.07426,1,1,1,1,1,1,0,1,768,768,768,768,768,768,0,768,193,193,193,193,193,193,0,193,0,0,0,0,0,0,0,0,1,219
1,0.093453,0.093453,0.093453,0.093453,0.093453,0.093453,0,0.093453,0.049242,0.049242,0.049242,0.049242,0.049242,0.049242,0,0.049242,0.079428,0.079428,0.079428,0.079428,0.079428,0.079428,0,0.079428,1,1,1,1,1,1,0,1,768,768,768,768,768,768,0,768,193,193,193,193,193,193,0,193,0,0,0,0,0,0,0,0,1,220
1,0.09555,0.09555,0.09555,0.09555,0.09555,0.09555,0,0.09555,0.049973,0.049973,0.049973,0.049973,0.049973,0.049973,0,0.049973,0.08144,0.08144,0.08144,0.08144,0.08144,0.08144,0,0.08144,1,1,1,1,1,1,0,1,768,768,768,768,768,768,0,768,193,193,193,193,193,193,0,193,0,0,0,0,0,0,0,0,1,221
1,0.084534,0.084534,0.084534,0.084534,0.084534,0.084534,0,0.084534,0.043677,0.043677,0.043677,0.043677,0.043677,0.043677,0,0.043677,0.072377,0.072377,0.072377,0.072377,0.072377,0.072377,0,0.072377,1,1,1,1,1,1,0,1,768,768,768,768,768,768,0,768,193,193,193,193,193,193,0,193,0,0,0,0,0,0,0,0,1,222
1,0.038543,0.038543,0.038543,0.038543,0.038543,0.038543,0,0.038543,0.037106,0.037106,0.037106,0.037106,0.037106,0.037106,0,0.037106,0.010426,0.010426,0.010426,0.010426,0.010426,0.010426,0,0.010426,1,1,1,1,1,1,0,1,768,768,768,768,768,768,0,768,193,193,193,193,193,193,0,193,0,0,0,0,0,0,0,0,1,223
1,0.073049,0.073049,0.073049,0.073049,0.073049,0.073049,0,0.073049,0.041342,0.041342,0.041342,0.041342,0.041342,0.041342,0,0.041342,-0.060225,-0.060225,-0.060225,-0.060225,-0.060225,-0.060225,0,-0.060225,1,1,1,1,1,1,0,1,768,768,768,768,768,768,0,768,193,193,193,193,193,193,0,193,0,0,0,0,0,0,0,0,1,224
1,0.09254,0.09254,0.09254,0.09254,0.09254,0.09254,0,0.09254,0.047856,0.047856,0.047856,0.047856,0.047856,0.047856,0,0.047856,-0.079205,-0.079205,-0.079205,-0.079205,-0.079205,-0.079205,0,-0.079205,1,1,1,1,1,1,0,1,768,768,768,768,768,768,0,768,193,193,193,193,193,193,0,193,0,0,0,0,0,0,0,0,1,225
1,0.094629,0.094629,0.094629,0.094629,0.094629,0.094629,0,0.094629,0.050797,0.050797,0.050797,0.050797,0.050797,0.050797,0,0.050797,-0.079839,-0.079839,-0.079839,-0.079839,-0.079839,-0.079839,0,-0.079839,1,1,1,1,1,1,0,1,768,768,768,768,768,768,0,768,193,193,193,193,193,193,0,193,0,0,0,0,0,0,0,0,1,226
1,0.093399,0.093399,0.093399,0.093399,0.093399,0.093399,0,0.093399,0.047372,0.047372,0.047372,0.047372,0.047372,0.047372,0,0.047372,-0.080493,-0.080493,-0.080493,-0.080493,-0.080493,-0.080493,0,-0.080493,1,1,1,1,1,1,0,1,768,768,768,768,768,768,0,768,193,193,193,193,193,193,0,193,0,0,0,0,0,0,0,0,1,227
1,0.051002,0.051002,0.051002,0.051002,0.051002,0.051002,0,0.051002,0.038741,0.038741,0.038741,0.038741,0.038741,0.038741,0,0.038741,-0.033171,-0.033171,-0.033171,-0.033171,-0.033171,-0.033171,0,-0.033171,1,1,1,1,1,1,0,1,768,768,768,768,768,768,0,768,193,193,193,193,193,193,0,193,0,0,0,0,0,0,0,0,1,228
1,0.057986,0.057986,0.057986,0.057986,0.057986,0.057986,0,0.057986,0.040415,0.040415,0.040415,0.040415,0.040415,0.040415,0,0.040415,0.041581,0.041581,0.041581,0.041581,0.041581,0.041581,0,0.041581,1,1,1,1,1,1,0,1,768,768,768,768,768,768,0,768,193,193,193,193,193,193,0,193,0,0,0,0,0,0,0,0,1,229
1,0.092932,0.092932,0.092932,0.092932,0.092932,0.092932,0,0.092932,0.046852,0.046852,0.046852,0.046852,0.046852,0.046852,0,0.046852,0.080258,0.080258,0.080258,0.080258,0.080258,0.080258,0,0.080258,1,1,1,1,1,1,0,1,768,768,768,768,768,768,0,768,193,193,193,193,193,193,0,193,0,0,0,0,0,0,0,0,1,230
1,0.094309,0.094309,0.094309,0.094309,0.094309,0.094309,0,0.094309,0.050515,0.050515,0.050515,0.050515,0.050515,0.050515,0,0.050515,0.079639,0.079639,0.079639,0.079639,0.079639,0.079639,0,0.079639,1,1,1,1,1,1,0,1,768,768,768,768,768,768,0,768,193,193,193,193,193,193,0,193,0,0,0,0,0,0,0,0,1,231
1,0.096016,0.096016,0.096016,0.096016,0.096016,0.096016,0,0.096016,0.048937,0.048937,0.048937,0.048937,0.048937,0.048937,0,0.048937,0.082608,0.082608,0.082608,0.082608,0.082608,0.082608,0,0.082608,1,1,1,1,1,1,0,1,768,768,768,768,768,768,0,768,193,193,193,193,193,193,0,193,0,0,0,0,0,0,0,0,1,232
1,0.067185,0.067185,0.067185,0.067185,0.067185,0.067185,0,0.067185,0.04038,0.04038,0.04038,0.04038,0.04038,0.04038,0,0.04038,0.053696,0.053696,0.053696,0.053696,0.053696,0.053696,0,0.053696,1,1,1,1,1,1,0,1,768,768,768,768,768,768,0,768,193,193,193,193,193,193,0,193,0,0,0,0,0,0,0,0,1,233
1,0.042485,0.042485,0.042485,0.042485,0.042485,0.042485,0,0.042485,0.038074,0.038074,0.038074,0.038074,0.038074,0.038074,0,0.038074,-0.01885,-0.01885,-0.01885,-0.01885,-0.01885,-0.01885,0,-0.01885,1,1,1,1,1,1,0,1,768,768,768,768,768,768,0,768,193,193,193,193,193,193,0,193,0,0,0,0,0,0,0,0,1,234
1,0.087814,0.087814,0.087814,0.087814,0.087814,0.087814,0,0.087814,0.044249,0.044249,0.044249,0.044249,0.044249,0.044249,0,0.044249,-0.07585,-0.07585,-0.07585,-0.07585,-0.07585,-0.07585,0,-0.07585,1,1,1,1,1,1,0,1,768,768,768,768,768,768,0,768,193,193,193,193,193,193,0,193,0,0,0,0,0,0,0,0,1,235
1,0.093226,0.093226,0.093226,0.093226,0.093226,0.093226,0,0.093226,0.049794,0.049794,0.049794,0.049794,0.049794,0.049794,0,0.049794,-0.078814,-0.078814,-0.078814,-0.078814,-0.078814,-0.078814,0,-0.078814,1,1,1,1,1,1,0,1,768,768,768,768,768,768,0,768,193,193,193,193,193,193,0,193,0,0,0,0,0,0,0,0,1,236
1,0.096068,0.096068,0.096068,0.096068,0.096068,0.096068,0,0.096068,0.050653,0.050653,0.050653,0.050653,0.050653,0.050653,0,0.050653,-0.08163,-0.08163,-0.08163,-0.08163,-0.08163,-0.08163,0,-0.08163,1,1,1,1,1,1,0,1,768,768,768,768,768,768,0,768,193,193,193,193,193,193,0,193,0,0,0,0,0,0,0,0,1,237
1,0.082359,0.082359,0.082359,0.082359,0.082359,0.082359,0,0.082359,0.043905,0.043905,0.043905,0.043905,0.043905,0.043905,0,0.043905,-0.069681,-0.069681,-0.069681,-0.069681,-0.069681,-0.069681,0,-0.069681,1,1,1,1,1,1,0,1,768,768,768,768,768,768,0,768,193,193,193,193,193,193,0,193,0,0,0,0,0,0,0,0,1,238
1,0.038195,0.038195,0.038195,0.038195,0.038195,0.038195,0,0.038195,0.03801,0.03801,0.03801,0.03801,0.03801,0.03801,0,0.03801,-0.0037573,-0.0037573,-0.0037573,-0.0037573,-0.0037573,-0.0037573,0,-0.0037573,1,1,1,1,1,1,0,1,768,768,768,768,768,768,0,768,193,193,193,193,193,193,0,193,0,0,0,0,0,0,0,0,1,239
1,0.078462,0.078462,0.078462,0.078462,0.078462,0.078462,0,0.078462,0.043094,0.043094,0.043094,0.043094,0.043094,0.043094,0,0.043094,0.065569,0.065569,0.065569,0.065569,0.065569,0.065569,0,0.065569,1,1,1,1,1,1,0,1,768,768,768,768,768,768,0,768,193,193,193,193,193,193,0,193,0,0,0,0,0,0,0,0,1,240
1,0.0938,0.0938,0.0938,0.0938,0.0938,0.0938,0,0.0938,0.048919,0.048919,0.048919,0.048919,0.048919,0.048919,0,0.048919,0.080034,0.080034,0.080034,0.080034,0.080034,0.080034,0,0.080034,1,1,1,1,1,1,0,1,768,768,768,768,768,768,0,768,193,193,193,193,193,193,0,193,0,0,0,0,0,0,0,0,1,241
1,0.095395,0.095395,0.095395,0.095395,0.095395,0.095395,0,0.095395,0.050751,0.050751,0.050751,0.050751,0.050751,0.050751,0,0.050751,0.080775,0.080775,0.080775,0.080775,0.080775,0.080775,0,0.080775,1,1,1,1,1,1,0,1,768,768,768,768,768,768,0,768,193,193,193,193,193,193,0,193,0,0,0,0,0,0,0,0,1,242
1,0.091658,0.091658,0.091658,0.091658,0.091658,0.091658,0,0.091658,0.046177,0.046177,0.046177,0.046177,0.046177,0.046177,0,0.046177,0.079177,0.079177,0.079177,0.079177,0.079177,0.079177,0,0.079177,1,1,1,1,1,1,0,1,768,768,768,768,768,768,0,768,193,193,193,193,193,193,0,193,0,0,0,0,0,0,0,0,1,243
1,0.046572,0.046572,0.046572,0.046572,0.046572,0.046572,0,0.046572,0.037883,0.037883,0.037883,0.037883,0.037883,0.037883,0,0.037883,0.02709,0.02709,0.02709,0.02709,0.02709,0.02709,0,0.02709,1,1,1,1,1,1,0,1,768,768,768,768,768,768,0,768,193,193,193,193,193,193,0,193,0,0,0,0,0,0,0,0,1,244
1,0.061993,0.061993,0.061993,0.061993,0.061993,0.061993,0,0.061993,0.040264,0.040264,0.040264,0.040264,0.040264,0.040264,0,0.040264,-0.047138,-0.047138,-0.047138,-0.047138,-0.047138,-0.047138,0,-0.047138,1,1,1,1,1,1,0,1,768,768,768,768,768,768,0,768,193,193,193,193,193,193,0,193,0,0,0,0,0,0,0,0,1,245
1,0.092474,0.092474,0.092474,0.092474,0.092474,0.092474,0,0.092474,0.046974,0.046974,0.046974,0.046974,0.046974,0.046974,0,0.046974,-0.079654,-0.079654,-0.079654,-0.079654,-0.079654,-0.079654,0,-0.079654,1,1,1,1,1,1,0,1,768,768,768,768,768,768,0,768,193,193,193,193,193,193,0,193,0,0,0,0,0,0,0,0,1,246
1,0.094238,0.094238,0.094238,0.094238,0.094238,0.094238,0,0.094238,0.050903,0.050903,0.050903,0.050903,0.050903,0.050903,0,0.050903,-0.079307,-0.079307,-0.079307,-0.079307,-0.079307,-0.079307,0,-0.079307,1,1,1,1,1,1,0,1,768,768,768,768,768,768,0,768,193,193,193,193,193,193,0,193,0,0,0,0,0,0,0,0,1,247
1,0.095989,0.095989,0.095989,0.095989,0.095989,0.095989,0,0.095989,0.049169,0.049169,0.049169,0.049169,0.049169,0.049169,0,0.049169,-0.08244,-0.08244,-0.08244,-0.08244,-0.08244,-0.08244,0,-0.08244,1,1,1,1,1,1,0,1,768,768,768,768,768,768,0,768,193,193,193,193,193,193,0,193,0,0,0,0,0,0,0,0,1,248
1,0.062633,0.062633,0.062633,0.062633,0.062633,0.062633,0,0.062633,0.040338,0.040338,0.040338,0.040338,0.040338,0.040338,0,0.040338,-0.047914,-0.047914,-0.047914,-0.047914,-0.047914,-0.047914,0,-0.047914,1,1,1,1,1,1,0,1,768,768,768,768,768,768,0,768,193,193,193,193,193,193,0,193,0,0,0,0,0,0,0,0,1,249
1,0.04762,0.04762,0.04762,0.04762,0.04762,0.04762,0,0.04762,0.039437,0.039437,0.039437,0.039437,0.039437,0.039437,0,0.039437,0.026691,0.026691,0.026691,0.026691,0.026691,0.026691,0,0.026691,1,1,1,1,1,1,0,1,768,768,768,768,768,768,0,768,193,193,193,193,193,193,0,193,0,0,0,0,0,0,0,0,1,250
1,0.091019,0.091019,0.091019,0.091019,0.091019,0.091019,0,0.091019,0.045864,0.045864,0.045864,0.045864,0.045864,0.045864,0,0.045864,0.078619,0.078619,0.078619,0.078619,0.078619,0.078619,0,0.078619,1,1,1,1,1,1,0,1,768,768,768,768,768,768,0,768,193,193,193,193,193,193,0,193,0,0,0,0,0,0,0,0,1,251
1,0.094166,0.094166,0.094166,0.094166,0.094166,0.094166,0,0.094166,0.050368,0.050368,0.050368,0.050368,0.050368,0.050368,0,0.050368,0.079563,0.079563,0.079563,0.079563,0.079563,0.079563,0,0.079563,1,1,1,1,1,1,0,1,768,768,768,768,768,768,0,768,193,193,193,193,193,193,0,193,0,0,0,0,0,0,0,0,1,252
1,0.096396,0.096396,0.096396,0.096396,0.096396,0.096396,0,0.096396,0.050062,0.050062,0.050062,0.050062,0.050062,0.050062,0,0.050062,0.082378,0.082378,0.082378,0.082378,0.082378,0.082378,0,0.082378,1,1,1,1,1,1,0,1,768,768,768,768,768,768,0,768,193,193,193,193,193,193,0,193,0,0,0,0,0,0,0,0,1,253
1,0.077606,0.077606,0.077606,0.077606,0.077606,0.077606,0,0.077606,0.04242,0.04242,0.04242,0.04242,0.04242,0.04242,0,0.04242,0.064987,0.064987,0.064987,0.064987,0.064987,0.064987,0,0.064987,1,1,1,1,1,1,0,1,768,768,768,768,768,768,0,768,193,193,193,193,193,193,0,193,0,0,0,0,0,0,0,0,1,254
1,0.037808,0.037808,0.037808,0.037808,0.037808,0.037808,0,0.037808,0.037627,0.037627,0.037627,0.037627,0.037627,0.037627,0,0.037627,-0.0036946,-0.0036946,-0.0036946,-0.0036946,-0.0036946,-0.0036946,0,-0.0036946,1,1,1,1,1,1,0,1,768,768,768,768,768,768,0,768,193,193,193,193,193,193,0,193,0,0,0,0,0,0,0,0,1,255
1,0.081905,0.081905,0.081905,0.081905,0.081905,0.081905,0,0.081905,0.043068,0.043068,0.043068,0.043068,0.043068,0.043068,0,0.043068,-0.069667,-0.069667,-0.069667,-0.069667,-0.069667,-0.069667,0,-0.069667,1,1,1,1,1,1,0,1,768,768,768,768,768,768,0,768,193,193,193,193,193,193,0,193,0,0,0,0,0,0,0,0,1,256
1,0.093083,0.093083,0.093083,0.093083,0.093083,0.093083,0,0.093083,0.049177,0.049177,0.049177,0.049177,0.049177,0.049177,0,0.049177,-0.079032,-0.079032,-0.079032,-0.079032,-0.079032,-0.079032,0,-0.079032,1,1,1,1,1,1,0,1,768,768,768,768,768,768,0,768,193,193,193,193,193,193,0,193,0,0,0,0,0,0,0,0,1,257
1,0.095559,0.095559,0.095559,0.095559,0.095559,0.095559,0,0.095559,0.051081,0.051081,0.051081,0.051081,0.051081,0.051081,0,0.051081,-0.08076,-0.08076,-0.08076,-0.08076,-0.08076,-0.08076,0,-0.08076,1,1,1,1,1,1,0,1,768,768,768,768,768,768,0,768,193,193,193,193,193,193,0,193,0,0,0,0,0,0,0,0,1,258
1,0.089516,0.089516,0.089516,0.089516,0.089516,0.089516,0,0.089516,0.045946,0.045946,0.045946,0.045946,0.045946,0.045946,0,0.045946,-0.076825,-0.076825,-0.076825,-0.076825,-0.076825,-0.076825,0,-0.076825,1,1,1,1,1,1,0,1,768,768,768,768,768,768,0,768,193,193,193,193,193,193,0,193,0,0,0,0,0,0,0,0,1,259
1,0.042678,0.042678,0.042678,0.042678,0.042678,0.042678,0,0.042678,0.038167,0.038167,0.038167,0.038167,0.038167,0.038167,0,0.038167,-0.019098,-0.019098,-0.019098,-0.019098,-0.019098,-0.019098,0,-0.019098,1,1,1,1,1,1,0,1,768,768,768,768,768,768,0,768,193,193,193,193,193,193,0,193,0,0,0,0,0,0,0,0,1,260
1,0.068667,0.068667,0.068667,0.068667,0.068667,0.068667,0,0.068667,0.041786,0.041786,0.041786,0.041786,0.041786,0.041786,0,0.041786,0.05449,0.05449,0.05449,0.05449,0.05449,0.05449,0,0.05449,1,1,1,1,1,1,0,1,768,768,768,768,768,768,0,768,193,193,193,193,193,193,0,193,0,0,0,0,0,0,0,0,1,261
1,0.093768,0.093768,0.093768,0.093768,0.093768,0.093768,0,0.093768,0.048032,0.048032,0.048032,0.048032,0.048032,0.048032,0,0.048032,0.080532,0.080532,0.080532,0.080532,0.080532,0.080532,0,0.080532,1,1,1,1,1,1,0,1,768,768,768,768,768,768,0,768,193,193,193,193,193,193,0,193,0,0,0,0,0,0,0,0,1,262
1,0.094926,0.094926,0.094926,0.094926,0.094926,0.094926,0,0.094926,0.050788,0.050788,0.050788,0.050788,0.050788,0.050788,0,0.050788,0.080196,0.080196,0.080196,0.080196,0.080196,0.080196,0,0.080196,1,1,1,1,1,1,0,1,768,768,768,768,768,768,0,768,193,193,193,193,193,193,0,193,0,0,0,0,0,0,0,0,1,263
1,0.094894,0.094894,0.094894,0.094894,0.094894,0.094894,0,0.094894,0.047756,0.047756,0.047756,0.047756,0.047756,0.047756,0,0.047756,0.082002,0.082002,0.082002,0.082002,0.082002,0.082002,0,0.082002,1,1,1,1,1,1,0,1,768,768,768,768,768,768,0,768,193,193,193,193,193,193,0,193,0,0,0,0,0,0,0,0,1,264
1,0.056648,0.056648,0.056648,0.056648,0.056648,0.056648,0,0.056648,0.03887,0.03887,0.03887,0.03887,0.03887,0.03887,0,0.03887,0.041208,0.041208,0.041208,0.041208,0.041208,0.041208,0,0.041208,1,1,1,1,1,1,0,1,768,768,768,768,768,768,0,768,193,193,193,193,193,193,0,193,0,0,0,0,0,0,0,0,1,265
1,0.051362,0.051362,0.051362,0.051362,0.051362,0.051362,0,0.051362,0.03905,0.03905,0.03905,0.03905,0.03905,0.03905,0,0.03905,-0.033363,-0.033363,-0.033363,-0.033363,-0.033363,-0.033363,0,-0.033363,1,1,1,1,1,1,0,1,768,768,768,768,768,768,0,768,193,193,193,193,193,193,0,193,0,0,0,0,0,0,0,0,1,266
1,0.091199,0.091199,0.091199,0.091199,0.091199,0.091199,0,0.091199,0.045662,0.045662,0.045662,0.045662,0.045662,0.045662,0,0.045662,-0.078945,-0.078945,-0.078945,-0.078945,-0.078945,-0.078945,0,-0.078945,1,1,1,1,1,1,0,1,768,768,768,768,768,768,0,768,193,193,193,193,193,193,0,193,0,0,0,0,0,0,0,0,1,267
1,0.093712,0.093712,0.093712,0.093712,0.093712,0.093712,0,0.093712,0.050442,0.050442,0.050442,0.050442,0.050442,0.050442,0,0.050442,-0.078978,-0.078978,-0.078978,-0.078978,-0.078978,-0.078978,0,-0.078978,1,1,1,1,1,1,0,1,768,768,768,768,768,768,0,768,193,193,193,193,193,193,0,193,0,0,0,0,0,0,0,0,1,268
1,0.096435,0.096435,0.096435,0.096435,0.096435,0.096435,0,0.096435,0.05009,0.05009,0.05009,0.05009,0.05009,0.05009,0,0.05009,-0.082406,-0.082406,-0.082406,-0.082406,-0.082406,-0.082406,0,-0.082406,1,1,1,1,1,1,0,1,768,768,768,768,768,768,0,768,193,193,193,193,193,193,0,193,0,0,0,0,0,0,0,0,1,269
1,0.073243,0.073243,0.073243,0.073243,0.073243,0.073243,0,0.073243,0.042012,0.042012,0.042012,0.042012,0.042012,0.042012,0,0.042012,-0.059996,-0.059996,-0.059996,-0.059996,-0.059996,-0.059996,0,-0.059996,1,1,1,1,1,1,0,1,768,768,768,768,768,768,0,768,193,193,193,193,193,193,0,193,0,0,0,0,0,0,0,0,1,270
1,0.040251,0.040251,0.040251,0.040251,0.040251,0.040251,0,0.040251,0.03853,0.03853,0.03853,0.03853,0.03853,0.03853,0,0.03853,0.011642,0.011642,0.011642,0.011642,0.011642,0.011642,0,0.011642,1,1,1,1,1,1,0,1,768,768,768,768,768,768,0,768,193,193,193,193,193,193,0,193,0,0,0,0,0,0,0,0,1,271
1,0.086311,0.086311,0.086311,0.086311,0.086311,0.086311,0,0.086311,0.04456,0.04456,0.04456,0.04456,0.04456,0.04456,0,0.04456,0.073919,0.073919,0.073919,0.073919,0.073919,0.073919,0,0.073919,1,1,1,1,1,1,0,1,768,768,768,768,768,768,0,768,193,193,193,193,193,193,0,193,0,0,0,0,0,0,0,0,1,272
1,0.093978,0.093978,0.093978,0.093978,0.093978,0.093978,0,0.093978,0.049808,0.049808,0.049808,0.049808,0.049808,0.049808,0,0.049808,0.079693,0.079693,0.079693,0.079693,0.079693,0.079693,0,0.079693,1,1,1,1,1,1,0,1,768,768,768,768,768,768,0,768,193,193,193,193,193,193,0,193,0,0,0,0,0,0,0,0,1,273
1,0.096043,0.096043,0.096043,0.096043,0.096043,0.096043,0,0.096043,0.050622,0.050622,0.050622,0.050622,0.050622,0.050622,0,0.050622,0.081619,0.081619,0.081619,0.081619,0.081619,0.081619,0,0.081619,1,1,1,1,1,1,0,1,768,768,768,768,768,768,0,768,193,193,193,193,193,193,0,193,0,0,0,0,0,0,0,0,1,274
1,0.085795,0.085795,0.085795,0.085795,0.085795,0.085795,0,0.085795,0.044389,0.044389,0.044389,0.044389,0.044389,0.044389,0,0.044389,0.073419,0.073419,0.073419,0.073419,0.073419,0.073419,0,0.073419,1,1,1,1,1,1,0,1,768,768,768,768,768,768,0,768,193,193,193,193,193,193,0,193,0,0,0,0,0,0,0,0,1,275
1,0.039231,0.039231,0.039231,0.039231,0.039231,0.039231,0,0.039231,0.037549,0.037549,0.037549,0.037549,0.037549,0.037549,0,0.037549,0.011363,0.011363,0.011363,0.011363,0.011363,0.011363,0,0.011363,1,1,1,1,1,1,0,1,768,768,768,768,768,768,0,768,193,193,193,193,193,193,0,193,0,0,0,0,0,0,0,0,1,276
1,0.07329,0.07329,0.07329,0.07329,0.07329,0.07329,0,0.07329,0.041807,0.041807,0.041807,0.041807,0.041807,0.041807,0,0.041807,-0.060197,-0.060197,-0.060197,-0.060197,-0.060197,-0.060197,0,-0.060197,1,1,1,1,1,1,0,1,768,768,768,768,768,768,0,768,193,193,193,193,193,193,0,193,0,0,0,0,0,0,0,0,1,277
1,0.092957,0.092957,0.092957,0.092957,0.092957,0.092957,0,0.092957,0.048346,0.048346,0.048346,0.048346,0.048346,0.048346,0,0.048346,-0.079396,-0.079396,-0.079396,-0.079396,-0.079396,-0.079396,0,-0.079396,1,1,1,1,1,1,0,1,768,768,768,768,768,768,0,768,193,193,193,193,193,193,0,193,0,0,0,0,0,0,0,0,1,278
1,0.09498,0.09498,0.09498,0.09498,0.09498,0.09498,0,0.09498,0.051258,0.051258,0.051258,0.051258,0.051258,0.051258,0,0.051258,-0.079961,-0.079961,-0.079961,-0.079961,-0.079961,-0.079961,0,-0.079961,1,1,1,1,1,1,0,1,768,768,768,768,768,768,0,768,193,193,193,193,193,193,0,193,0,0,0,0,0,0,0,0,1,279
1,0.093897,0.093897,0.093897,0.093897,0.093897,0.093897,0,0.093897,0.047827,0.047827,0.047827,0.047827,0.047827,0.047827,0,0.047827,-0.080803,-0.080803,-0.080803,-0.080803,-0.080803,-0.080803,0,-0.080803,1,1,1,1,1,1,0,1,768,768,768,768,768,768,0,768,193,193,193,193,193,193,0,193,0,0,0,0,0,0,0,0,1,280
1,0.051309,0.051309,0.051309,0.051309,0.051309,0.051309,0,0.051309,0.039073,0.039073,0.039073,0.039073,0.039073,0.039073,0,0.039073,-0.033256,-0.033256,-0.033256,-0.033256,-0.033256,-0.033256,0,-0.033256,1,1,1,1,1,1,0,1,768,768,768,768,768,768,0,768,193,193,193,193,193,193,0,193,0,0,0,0,0,0,0,0,1,281
1,0.058638,0.058638,0.058638,0.058638,0.058638,0.058638,0,0.058638,0.040779,0.040779,0.040779,0.040779,0.040779,0.040779,0,0.040779,0.042136,0.042136,0.042136,0.042136,0.042136,0.042136,0,0.042136,1,1,1,1,1,1,0,1,768,768,768,768,768,768,0,768,193,193,193,193,193,193,0,193,0,0,0,0,0,0,0,0,1,282
1,0.093316,0.093316,0.093316,0.093316,0.093316,0.093316,0,0.093316,0.047258,0.047258,0.047258,0.047258,0.047258,0.047258,0,0.047258,0.080465,0.080465,0.080465,0.080465,0.080465,0.080465,0,0.080465,1,1,1,1,1,1,0,1,768,768,768,768,768,768,0,768,193,193,193,193,193,193,0,193,0,0,0,0,0,0,0,0,1,283
1,0.0946,0.0946,0.0946,0.0946,0.0946,0.0946,0,0.0946,0.05086,0.05086,0.05086,0.05086,0.05086,0.05086,0,0.05086,0.079765,0.079765,0.079765,0.079765,0.079765,0.079765,0,0.079765,1,1,1,1,1,1,0,1,768,768,768,768,768,768,0,768,193,193,193,193,193,193,0,193,0,0,0,0,0,0,0,0,1,284
1,0.096289,0.096289,0.096289,0.096289,0.096289,0.096289,0,0.096289,0.049177,0.049177,0.049177,0.049177,0.049177,0.049177,0,0.049177,0.082784,0.082784,0.082784,0.082784,0.082784,0.082784,0,0.082784,1,1,1,1,1,1,0,1,768,768,768,768,768,768,0,768,193,193,193,193,193,193,0,193,0,0,0,0,0,0,0,0,1,285
1,0.066759,0.066759,0.066759,0.066759,0.066759,0.066759,0,0.066759,0.040486,0.040486,0.040486,0.040486,0.040486,0.040486,0,0.040486,0.053081,0.053081,0.053081,0.053081,0.053081,0.053081,0,0.053081,1,1,1,1,1,1,0,1,768,768,768,768,768,768,0,768,193,193,193,193,193,193,0,193,0,0,0,0,0,0,0,0,1,286
1,0.043289,0.043289,0.043289,0.043289,0.043289,0.043289,0,0.043289,0.038335,0.038335,0.038335,0.038335,0.038335,0.038335,0,0.038335,-0.02011,-0.02011,-0.02011,-0.02011,-0.02011,-0.02011,0,-0.02011,1,1,1,1,1,1,0,1,768,768,768,768,768,768,0,768,193,193,193,193,193,193,0,193,0,0,0,0,0,0,0,0,1,287
1,0.088495,0.088495,0.088495,0.088495,0.088495,0.088495,0,0.088495,0.04462,0.04462,0.04462,0.04462,0.04462,0.04462,0,0.04462,-0.076422,-0.076422,-0.076422,-0.076422,-0.076422,-0.076422,0,-0.076422,1,1,1,1,1,1,0,1,768,768,768,768,768,768,0,768,193,193,193,193,193,193,0,193,0,0,0,0,0,0,0,0,1,288
1,0.093466,0.093466,0.093466,0.093466,0.093466,0.093466,0,0.093466,0.050103,0.050103,0.050103,0.050103,0.050103,0.050103,0,0.050103,-0.078902,-0.078902,-0.078902,-0.078902,-0.078902,-0.078902,0,-0.078902,1,1,1,1,1,1,0,1,768,768,768,768,768,768,0,768,193,193,193,193,193,193,0,193,0,0,0,0,0,0,0,0,1,289
1,0.096328,0.096328,0.096328,0.096328,0.096328,0.096328,0,0.096328,0.050853,0.050853,0.050853,0.050853,0.050853,0.050853,0,0.050853,-0.081812,-0.081812,-0.081812,-0.081812,-0.081812,-0.081812,0,-0.081812,1,1,1,1,1,1,0,1,768,768,768,768,768,768,0,768,193,193,193,193,193,193,0,193,0,0,0,0,0,0,0,0,1,290
1,0.081746,0.081746,0.081746,0.081746,0.081746,0.081746,0,0.081746,0.043936,0.043936,0.043936,0.043936,0.043936,0.043936,0,0.043936,-0.068935,-0.068935,-0.068935,-0.068935,-0.068935,-0.068935,0,-0.068935,1,1,1,1,1,1,0,1,768,768,768,768,768,768,0,768,193,193,193,193,193,193,0,193,0,0,0,0,0,0,0,0,1,291
1,0.038314,0.038314,0.038314,0.038314,0.038314,0.038314,0,0.038314,0.038266,0.038266,0.038266,0.038266,0.038266,0.038266,0,0.038266,-0.001908,-0.001908,-0.001908,-0.001908,-0.001908,-0.001908,0,-0.001908,1,1,1,1,1,1,0,1,768,768,768,768,768,768,0,768,193,193,193,193,193,193,0,193,0,0,0,0,0,0,0,0,1,292
1,0.079927,0.079927,0.079927,0.079927,0.079927,0.079927,0,0.079927,0.043551,0.043551,0.043551,0.043551,0.043551,0.043551,0,0.043551,0.06702,0.06702,0.06702,0.06702,0.06702,0.06702,0,0.06702,1,1,1,1,1,1,0,1,768,768,768,768,768,768,0,768,193,193,193,193,193,193,0,193,0,0,0,0,0,0,0,0,1,293
1,0.094013,0.094013,0.094013,0.094013,0.094013,0.094013,0,0.094013,0.049332,0.049332,0.049332,0.049332,0.049332,0.049332,0,0.049332,0.08003,0.08003,0.08003,0.08003,0.08003,0.08003,0,0.08003,1,1,1,1,1,1,0,1,768,768,768,768,768,768,0,768,193,193,193,193,193,193,0,193,0,0,0,0,0,0,0,0,1,294
1,0.095689,0.095689,0.095689,0.095689,0.095689,0.095689,0,0.095689,0.051025,0.051025,0.051025,0.051025,0.051025,0.051025,0,0.051025,0.08095,0.08095,0.08095,0.08095,0.08095,0.08095,0,0.08095,1,1,1,1,1,1,0,1,768,768,768,768,768,768,0,768,193,193,193,193,193,193,0,193,0,0,0,0,0,0,0,0,1,295
1,0.09117,0.09117,0.09117,0.09117,0.09117,0.09117,0,0.09117,0.046187,0.046187,0.046187,0.046187,0.046187,0.046187,0,0.046187,0.078605,0.078605,0.078605,0.078605,0.078605,0.078605,0,0.078605,1,1,1,1,1,1,0,1,768,768,768,768,768,768,0,768,193,193,193,193,193,193,0,193,0,0,0,0,0,0,0,0,1,296
1,0.045215,0.045215,0.045215,0.045215,0.045215,0.045215,0,0.045215,0.038005,0.038005,0.038005,0.038005,0.038005,0.038005,0,0.038005,0.024496,0.024496,0.024496,0.024496,0.024496,0.024496,0,0.024496,1,1,1,1,1,1,0,1,768,768,768,768,768,768,0,768,193,193,193,193,193,193,0,193,0,0,0,0,0,0,0,0,1,297
1,0.064355,0.064355,0.064355,0.064355,0.064355,0.064355,0,0.064355,0.040761,0.040761,0.040761,0.040761,0.040761,0.040761,0,0.040761,-0.049801,-0.049801,-0.049801,-0.049801,-0.049801,-0.049801,0,-0.049801,1,1,1,1,1,1,0,1,768,768,768,768,768,768,0,768,193,193,193,193,193,193,0,193,0,0,0,0,0,0,0,0,1,298
1,0.092795,0.092795,0.092795,0.092795,0.092795,0.092795,0,0.092795,0.047493,0.047493,0.047493,0.047493,0.047493,0.047493,0,0.047493,-0.07972,-0.07972,-0.07972,-0.07972,-0.07972,-0.07972,0,-0.07972,1,1,1,1,1,1,0,1,768,768,768,768,768,768,0,768,193,193,193,193,193,193,0,193,0,0,0,0,0,0,0,0,1,299
1,0.094539,0.094539,0.094539,0.094539,0.094539,0.094539,0,0.094539,0.051231,0.051231,0.051231,0.051231,0.051231,0.051231,0,0.051231,-0.079454,-0.079454,-0.079454,-0.079454,-0.079454,-0.079454,0,-0.079454,1,1,1,1,1,1,0,1,768,768,768,768,768,768,0,768,193,193,193,193,193,193,0,193,0,0,0,0,0,0,0,0,1,300
1,0.095962,0.095962,0.095962,0.095962,0.095962,0.095962,0,0.095962,0.049191,0.049191,0.049191,0.049191,0.049191,0.049191,0,0.049191,-0.082395,-0.082395,-0.082395,-0.082395,-0.082395,-0.082395,0,-0.082395,1,1,1,1,1,1,0,1,768,768,768,768,768,768,0,768,193,193,193,193,193,193,0,193,0,0,0,0,0,0,0,0,1,301
1,0.060458,0.060458,0.060458,0.060458,0.060458,0.060458,0,0.060458,0.040266,0.040266,0.040266,0.040266,0.040266,0.040266,0,0.040266,-0.045099,-0.045099,-0.045099,-0.045099,-0.045099,-0.045099,0,-0.045099,1,1,1,1,1,1,0,1,768,768,768,768,768,768,0,768,193,193,193,193,193,193,0,193,0,0,0,0,0,0,0,0,1,302
1,0.050072,0.050072,0.050072,0.050072,0.050072,0.050072,0,0.050072,0.039934,0.039934,0.039934,0.039934,0.039934,0.039934,0,0.039934,0.030208,0.030208,0.030208,0.030208,0.030208,0.030208,0,0.030208,1,1,1,1,1,1,0,1,768,768,768,768,768,768,0,768,193,193,193,193,193,193,0,193,0,0,0,0,0,0,0,0,1,303
1,0.091956,0.091956,0.091956,0.091956,0.091956,0.091956,0,0.091956,0.046437,0.046437,0.046437,0.046437,0.046437,0.046437,0,0.046437,0.07937,0.07937,0.07937,0.07937,0.07937,0.07937,0,0.07937,1,1,1,1,1,1,0,1,768,768,768,768,768,768,0,768,193,193,193,193,193,193,0,193,0,0,0,0,0,0,0,0,1,304
1,0.0944,0.0944,0.0944,0.0944,0.0944,0.0944,0,0.0944,0.050741,0.050741,0.050741,0.050741,0.050741,0.050741,0,0.050741,0.079603,0.079603,0.079603,0.079603,0.079603,0.079603,0,0.079603,1,1,1,1,1,1,0,1,768,768,768,768,768,768,0,768,193,193,193,193,193,193,0,193,0,0,0,0,0,0,0,0,1,305
1,0.096627,0.096627,0.096627,0.096627,0.096627,0.096627,0,0.096627,0.05013,0.05013,0.05013,0.05013,0.05013,0.05013,0,0.05013,0.082606,0.082606,0.082606,0.082606,0.082606,0.082606,0,0.082606,1,1,1,1,1,1,0,1,768,768,768,768,768,768,0,768,193,193,193,193,193,193,0,193,0,0,0,0,0,0,0,0,1,306
1,0.075349,0.075349,0.075349,0.075349,0.075349,0.075349,0,0.075349,0.042148,0.042148,0.042148,0.042148,0.042148,0.042148,0,0.042148,0.062459,0.062459,0.062459,0.062459,0.062459,0.062459,0,0.062459,1,1,1,1,1,1,0,1,768,768,768,768,768,768,0,768,193,193,193,193,193,193,0,193,0,0,0,0,0,0,0,0,1,307
1,0.038726,0.038726,0.038726,0.038726,0.038726,0.038726,0,0.038726,0.037921,0.037921,0.037921,0.037921,0.037921,0.037921,0,0.037921,-0.0078527,-0.0078527,-0.0078527,-0.0078527,-0.0078527,-0.0078527,0,-0.0078527,1,1,1,1,1,1,0,1,768,768,768,768,768,768,0,768,193,193,193,193,193,193,0,193,0,0,0,0,0,0,0,0,1,308
1,0.084143,0.084143,0.084143,0.084143,0.084143,0.084143,0,0.084143,0.043649,0.043649,0.043649,0.043649,0.043649,0.043649,0,0.043649,-0.071935,-0.071935,-0.071935,-0.071935,-0.071935,-0.071935,0,-0.071935,1,1,1,1,1,1,0,1,768,768,768,768,768,768,0,768,193,193,193,193,193,193,0,193,0,0,0,0,0,0,0,0,1,309
1,0.093321,0.093321,0.093321,0.093321,0.093321,0.093321,0,0.093321,0.049645,0.049645,0.049645,0.049645,0.049645,0.049645,0,0.049645,-0.07902,-0.07902,-0.07902,-0.07902,-0.07902,-0.07902,0,-0.07902,1,1,1,1,1,1,0,1,768,768,768,768,768,768,0,768,193,193,193,193,193,193,0,193,0,0,0,0,0,0,0,0,1,310
1,0.095953,0.095953,0.095953,0.095953,0.095953,0.095953,0,0.095953,0.051271,0.051271,0.051271,0.051271,0.051271,0.051271,0,0.051271,-0.081107,-0.081107,-0.081107,-0.081107,-0.081107,-0.081107,0,-0.081107,1,1,1,1,1,1,0,1,768,768,768,768,768,768,0,768,193,193,193,193,193,193,0,193,0,0,0,0,0,0,0,0,1,311
1,0.087908,0.087908,0.087908,0.087908,0.087908,0.087908,0,0.087908,0.04564,0.04564,0.04564,0.04564,0.04564,0.04564,0,0.04564,-0.075132,-0.075132,-0.075132,-0.075132,-0.075132,-0.075132,0,-0.075132,1,1,1,1,1,1,0,1,768,768,768,768,768,768,0,768,193,193,193,193,193,193,0,193,0,0,0,0,0,0,0,0,1,312
1,0.040893,0.040893,0.040893,0.040893,0.040893,0.040893,0,0.040893,0.038337,0.038337,0.038337,0.038337,0.038337,0.038337,0,0.038337,-0.014231,-0.014231,-0.014231,-0.014231,-0.014231,-0.014231,0,-0.014231,1,1,1,1,1,1,0,1,768,768,768,768,768,768,0,768,193,193,193,193,193,193,0,193,0,0,0,0,0,0,0,0,1,313
1,0.072455,0.072455,0.072455,0.072455,0.072455,0.072455,0,0.072455,0.04255,0.04255,0.04255,0.04255,0.04255,0.04255,0,0.04255,0.058645,0.058645,0.058645,0.058645,0.058645,0.058645,0,0.058645,1,1,1,1,1,1,0,1,768,768,768,768,768,768,0,768,193,193,193,193,193,193,0,193,0,0,0,0,0,0,0,0,1,314
1,0.094025,0.094025,0.094025,0.094025,0.094025,0.094025,0,0.094025,0.048706,0.048706,0.048706,0.048706,0.048706,0.048706,0,0.048706,0.080427,0.080427,0.080427,0.080427,0.080427,0.080427,0,0.080427,1,1,1,1,1,1,0,1,768,768,768,768,768,768,0,768,193,193,193,193,193,193,0,193,0,0,0,0,0,0,0,0,1,315
1,0.0953,0.0953,0.0953,0.0953,0.0953,0.0953,0,0.0953,0.051144,0.051144,0.051144,0.051144,0.051144,0.051144,0,0.051144,0.080414,0.080414,0.080414,0.080414,0.080414,0.080414,0,0.080414,1,1,1,1,1,1,0,1,768,768,768,768,768,768,0,768,193,193,193,193,193,193,0,193,0,0,0,0,0,0,0,0,1,316
1,0.09428,0.09428,0.09428,0.09428,0.09428,0.09428,0,0.09428,0.047577,0.047577,0.047577,0.047577,0.047577,0.047577,0,0.047577,0.081395,0.081395,0.081395,0.081395,0.081395,0.081395,0,0.081395,1,1,1,1,1,1,0,1,768,768,768,768,768,768,0,768,193,193,193,193,193,193,0,193,0,0,0,0,0,0,0,0,1,317
1,0.052966,0.052966,0.052966,0.052966,0.052966,0.052966,0,0.052966,0.038734,0.038734,0.038734,0.038734,0.038734,0.038734,0,0.038734,0.036126,0.036126,0.036126,0.036126,0.036126,0.036126,0,0.036126,1,1,1,1,1,1,0,1,768,768,768,768,768,768,0,768,193,193,193,193,193,193,0,193,0,0,0,0,0,0,0,0,1,318
1,0.055686,0.055686,0.055686,0.055686,0.055686,0.055686,0,0.055686,0.039768,0.039768,0.039768,0.039768,0.039768,0.039768,0,0.039768,-0.038981,-0.038981,-0.038981,-0.038981,-0.038981,-0.038981,0,-0.038981,1,1,1,1,1,1,0,1,768,768,768,768,768,768,0,768,193,193,193,193,193,193,0,193,0,0,0,0,0,0,0,0,1,319
1,0.092125,0.092125,0.092125,0.092125,0.092125,0.092125,0,0.092125,0.046492,0.046492,0.046492,0.046492,0.046492,0.046492,0,0.046492,-0.079533,-0.079533,-0.079533,-0.079533,-0.079533,-0.079533,0,-0.079533,1,1,1,1,1,1,0,1,768,768,768,768,768,768,0,768,193,193,193,193,193,193,0,193,0,0,0,0,0,0,0,0,1,320
1,0.094115,0.094115,0.094115,0.094115,0.094115,0.094115,0,0.094115,0.050947,0.050947,0.050947,0.050947,0.050947,0.050947,0,0.050947,-0.079133,-0.079133,-0.079133,-0.079133,-0.079133,-0.079133,0,-0.079133,1,1,1,1,1,1,0,1,768,768,768,768,768,768,0,768,193,193,193,193,193,193,0,193,0,0,0,0,0,0,0,0,1,321
1,0.096642,0.096642,0.096642,0.096642,0.096642,0.096642,0,0.096642,0.050063,0.050063,0.050063,0.050063,0.050063,0.050063,0,0.050063,-0.082665,-0.082665,-0.082665,-0.082665,-0.082665,-0.082665,0,-0.082665,1,1,1,1,1,1,0,1,768,768,768,768,768,768,0,768,193,193,193,193,193,193,0,193,0,0,0,0,0,0,0,0,1,322
1,0.069125,0.069125,0.069125,0.069125,0.069125,0.069125,0,0.069125,0.041551,0.041551,0.041551,0.041551,0.041551,0.041551,0,0.041551,-0.055243,-0.055243,-0.055243,-0.055243,-0.055243,-0.055243,0,-0.055243,1,1,1,1,1,1,0,1,768,768,768,768,768,768,0,768,193,193,193,193,193,193,0,193,0,0,0,0,0,0,0,0,1,323
1,0.043228,0.043228,0.043228,0.043228,0.043228,0.043228,0,0.043228,0.039144,0.039144,0.039144,0.039144,0.039144,0.039144,0,0.039144,0.018339,0.018339,0.018339,0.018339,0.018339,0.018339,0,0.018339,1,1,1,1,1,1,0,1,768,768,768,768,768,768,0,768,193,193,193,193,193,193,0,193,0,0,0,0,0,0,0,0,1,324
1,0.089043,0.089043,0.089043,0.089043,0.089043,0.089043,0,0.089043,0.045441,0.045441,0.045441,0.045441,0.045441,0.045441,0,0.045441,0.076575,0.076575,0.076575,0.076575,0.076575,0.076575,0,0.076575,1,1,1,1,1,1,0,1,768,768,768,768,768,768,0,768,193,193,193,193,193,193,0,193,0,0,0,0,0,0,0,0,1,325
1,0.094218,0.094218,0.094218,0.094218,0.094218,0.094218,0,0.094218,0.050358,0.050358,0.050358,0.050358,0.050358,0.050358,0,0.050358,0.079631,0.079631,0.079631,0.079631,0.079631,0.079631,0,0.079631,1,1,1,1,1,1,0,1,768,768,768,768,768,768,0,768,193,193,193,193,193,193,0,193,0,0,0,0,0,0,0,0,1,326
1,0.096428,0.096428,0.096428,0.096428,0.096428,0.096428,0,0.096428,0.050667,0.050667,0.050667,0.050667,0.050667,0.050667,0,0.050667,0.082044,0.082044,0.082044,0.082044,0.082044,0.082044,0,0.082044,1,1,1,1,1,1,0,1,768,768,768,768,768,768,0,768,193,193,193,193,193,193,0,193,0,0,0,0,0,0,0,0,1,327
1,0.082548,0.082548,0.082548,0.082548,0.082548,0.082548,0,0.082548,0.043722,0.043722,0.043722,0.043722,0.043722,0.043722,0,0.043722,0.070018,0.070018,0.070018,0.070018,0.070018,0.070018,0,0.070018,1,1,1,1,1,1,0,1,768,768,768,768,768,768,0,768,193,193,193,193,193,193,0,193,0,0,0,0,0,0,0,0,1,328
1,0.03794,0.03794,0.03794,0.03794,0.03794,0.03794,0,0.03794,0.037694,0.037694,0.037694,0.037694,0.037694,0.037694,0,0.037694,0.0043097,0.0043097,0.0043097,0.0043097,0.0043097,0.0043097,0,0.0043097,1,1,1,1,1,1,0,1,768,768,768,768,768,768,0,768,193,193,193,193,193,193,0,193,0,0,0,0,0,0,0,0,1,329
1,0.077909,0.077909,0.077909,0.077909,0.077909,0.077909,0,0.077909,0.042585,0.042585,0.042585,0.042585,0.042585,0.042585,0,0.042585,-0.065241,-0.065241,-0.065241,-0.065241,-0.065241,-0.065241,0,-0.065241,1,1,1,1,1,1,0,1,768,768,768,768,768,768,0,768,193,193,193,193,193,193,0,193,0,0,0,0,0,0,0,0,1,330
1,0.093182,0.093182,0.093182,0.093182,0.093182,0.093182,0,0.093182,0.048971,0.048971,0.048971,0.048971,0.048971,0.048971,0,0.048971,-0.079276,-0.079276,-0.079276,-0.079276,-0.079276,-0.079276,0,-0.079276,1,1,1,1,1,1,0,1,768,768,768,768,768,768,0,768,193,193,193,193,193,193,0,193,0,0,0,0,0,0,0,0,1,331
1,0.095438,0.095438,0.095438,0.095438,0.095438,0.095438,0,0.095438,0.05141,0.05141,0.05141,0.05141,0.05141,0.05141,0,0.05141,-0.080408,-0.080408,-0.080408,-0.080408,-0.080408,-0.080408,0,-0.080408,1,1,1,1,1,1,0,1,768,768,768,768,768,768,0,768,193,193,193,193,193,193,0,193,0,0,0,0,0,0,0,0,1,332
1,0.092244,0.092244,0.092244,0.092244,0.092244,0.092244,0,0.092244,0.047145,0.047145,0.047145,0.047145,0.047145,0.047145,0,0.047145,-0.079286,-0.079286,-0.079286,-0.079286,-0.079286,-0.079286,0,-0.079286,1,1,1,1,1,1,0,1,768,768,768,768,768,768,0,768,193,193,193,193,193,193,0,193,0,0,0,0,0,0,0,0,1,333
1,0.04676,0.04676,0.04676,0.04676,0.04676,0.04676,0,0.04676,0.038742,0.038742,0.038742,0.038742,0.038742,0.038742,0,0.038742,-0.026183,-0.026183,-0.026183,-0.026183,-0.026183,-0.026183,0,-0.026183,1,1,1,1,1,1,0,1,768,768,768,768,768,768,0,768,193,193,193,193,193,193,0,193,0,0,0,0,0,0,0,0,1,334
1,0.06411,0.06411,0.06411,0.06411,0.06411,0.06411,0,0.06411,0.041526,0.041526,0.041526,0.041526,0.041526,0.041526,0,0.041526,0.048844,0.048844,0.048844,0.048844,0.048844,0.048844,0,0.048844,1,1,1,1,1,1,0,1,768,768,768,768,768,768,0,768,193,193,193,193,193,193,0,193,0,0,0,0,0,0,0,0,1,335
1,0.093824,0.093824,0.093824,0.093824,0.093824,0.093824,0,0.093824,0.047941,0.047941,0.047941,0.047941,0.047941,0.047941,0,0.047941,0.080651,0.080651,0.080651,0.080651,0.080651,0.080651,0,0.080651,1,1,1,1,1,1,0,1,768,768,768,768,768,768,0,768,193,193,193,193,193,193,0,193,0,0,0,0,0,0,0,0,1,336
1,0.094919,0.094919,0.094919,0.094919,0.094919,0.094919,0,0.094919,0.051098,0.051098,0.051098,0.051098,0.051098,0.051098,0,0.051098,0.079991,0.079991,0.079991,0.079991,0.079991,0.079991,0,0.079991,1,1,1,1,1,1,0,1,768,768,768,768,768,768,0,768,193,193,193,193,193,193,0,193,0,0,0,0,0,0,0,0,1,337
1,0.095917,0.095917,0.095917,0.095917,0.095917,0.095917,0,0.095917,0.048721,0.048721,0.048721,0.048721,0.048721,0.048721,0,0.048721,0.082621,0.082621,0.082621,0.082621,0.082621,0.082621,0,0.082621,1,1,1,1,1,1,0,1,768,768,768,768,768,768,0,768,193,193,193,193,193,193,0,193,0,0,0,0,0,0,0,0,1,338
1,0.061442,0.061442,0.061442,0.061442,0.061442,0.061442,0,0.061442,0.039798,0.039798,0.039798,0.039798,0.039798,0.039798,0,0.039798,0.046811,0.046811,0.046811,0.046811,0.046811,0.046811,0,0.046811,1,1,1,1,1,1,0,1,768,768,768,768,768,768,0,768,193,193,193,193,193,193,0,193,0,0,0,0,0,0,0,0,1,339
1,0.047768,0.047768,0.047768,0.047768,0.047768,0.047768,0,0.047768,0.038921,0.038921,0.038921,0.038921,0.038921,0.038921,0,0.038921,-0.027694,-0.027694,-0.027694,-0.027694,-0.027694,-0.027694,0,-0.027694,1,1,1,1,1,1,0,1,768,768,768,768,768,768,0,768,193,193,193,193,193,193,0,193,0,0,0,0,0,0,0,0,1,340
1,0.090489,0.090489,0.090489,0.090489,0.090489,0.090489,0,0.090489,0.045457,0.045457,0.045457,0.045457,0.045457,0.045457,0,0.045457,-0.078243,-0.078243,-0.078243,-0.078243,-0.078243,-0.078243,0,-0.078243,1,1,1,1,1,1,0,1,768,768,768,768,768,768,0,768,193,193,193,193,193,193,0,193,0,0,0,0,0,0,0,0,1,341
1,0.093756,0.093756,0.093756,0.093756,0.093756,0.093756,0,0.093756,0.05056,0.05056,0.05056,0.05056,0.05056,0.05056,0,0.05056,-0.078955,-0.078955,-0.078955,-0.078955,-0.078955,-0.078955,0,-0.078955,1,1,1,1,1,1,0,1,768,768,768,768,768,768,0,768,193,193,193,193,193,193,0,193,0,0,0,0,0,0,0,0,1,342
1,0.096641,0.096641,0.096641,0.096641,0.096641,0.096641,0,0.096641,0.05069,0.05069,0.05069,0.05069,0.05069,0.05069,0,0.05069,-0.08228,-0.08228,-0.08228,-0.08228,-0.08228,-0.08228,0,-0.08228,1,1,1,1,1,1,0,1,768,768,768,768,768,768,0,768,193,193,193,193,193,193,0,193,0,0,0,0,0,0,0,0,1,343
1,0.077084,0.077084,0.077084,0.077084,0.077084,0.077084,0,0.077084,0.043017,0.043017,0.043017,0.043017,0.043017,0.043017,0,0.043017,-0.063965,-0.063965,-0.063965,-0.063965,-0.063965,-0.063965,0,-0.063965,1,1,1,1,1,1,0,1,768,768,768,768,768,768,0,768,193,193,193,193,193,193,0,193,0,0,0,0,0,0,0,0,1,344
1,0.039103,0.039103,0.039103,0.039103,0.039103,0.039103,0,0.039103,0.038583,0.038583,0.038583,0.038583,0.038583,0.038583,0,0.038583,0.0063573,0.0063573,0.0063573,0.0063573,0.0063573,0.0063573,0,0.0063573,1,1,1,1,1,1,0,1,768,768,768,768,768,768,0,768,193,193,193,193,193,193,0,193,0,0,0,0,0,0,0,0,1,345
1,0.084329,0.084329,0.084329,0.084329,0.084329,0.084329,0,0.084329,0.044399,0.044399,0.044399,0.044399,0.044399,0.044399,0,0.044399,0.071695,0.071695,0.071695,0.071695,0.071695,0.071695,0,0.071695,1,1,1,1,1,1,0,1,768,768,768,768,768,768,0,768,193,193,193,193,193,193,0,193,0,0,0,0,0,0,0,0,1,346
1,0.094118,0.094118,0.094118,0.094118,0.094118,0.094118,0,0.094118,0.049856,0.049856,0.049856,0.049856,0.049856,0.049856,0,0.049856,0.079829,0.079829,0.079829,0.079829,0.079829,0.079829,0,0.079829,1,1,1,1,1,1,0,1,768,768,768,768,768,768,0,768,193,193,193,193,193,193,0,193,0,0,0,0,0,0,0,0,1,347
1,0.096053,0.096053,0.096053,0.096053,0.096053,0.096053,0,0.096053,0.050997,0.050997,0.050997,0.050997,0.050997,0.050997,0,0.050997,0.081396,0.081396,0.081396,0.081396,0.081396,0.081396,0,0.081396,1,1,1,1,1,1,0,1,768,768,768,768,768,768,0,768,193,193,193,193,193,193,0,193,0,0,0,0,0,0,0,0,1,348
1,0.088256,0.088256,0.088256,0.088256,0.088256,0.088256,0,0.088256,0.045267,0.045267,0.045267,0.045267,0.045267,0.045267,0,0.045267,0.075763,0.075763,0.075763,0.075763,0.075763,0.075763,0,0.075763,1,1,1,1,1,1,0,1,768,768,768,768,768,768,0,768,193,193,193,193,193,193,0,193,0,0,0,0,0,0,0,0,1,349
1,0.041165,0.041165,0.041165,0.041165,0.041165,0.041165,0,0.041165,0.037796,0.037796,0.037796,0.037796,0.037796,0.037796,0,0.037796,0.01631,0.01631,0.01631,0.01631,0.01631,0.01631,0,0.01631,1,1,1,1,1,1,0,1,768,768,768,768,768,768,0,768,193,193,193,193,193,193,0,193,0,0,0,0,0,0,0,0,1,350
1,0.070292,0.070292,0.070292,0.070292,0.070292,0.070292,0,0.070292,0.041542,0.041542,0.041542,0.041542,0.041542,0.041542,0,0.041542,-0.056704,-0.056704,-0.056704,-0.056704,-0.056704,-0.056704,0,-0.056704,1,1,1,1,1,1,0,1,768,768,768,768,768,768,0,768,193,193,193,193,193,193,0,193,0,0,0,0,0,0,0,0,1,351
1,0.093049,0.093049,0.093049,0.093049,0.093049,0.093049,0,0.093049,0.048187,0.048187,0.048187,0.048187,0.048187,0.048187,0,0.048187,-0.0796,-0.0796,-0.0796,-0.0796,-0.0796,-0.0796,0,-0.0796,1,1,1,1,1,1,0,1,768,768,768,768,768,768,0,768,193,193,193,193,193,193,0,193,0,0,0,0,0,0,0,0,1,352
1,0.094934,0.094934,0.094934,0.094934,0.094934,0.094934,0,0.094934,0.051397,0.051397,0.051397,0.051397,0.051397,0.051397,0,0.051397,-0.079817,-0.079817,-0.079817,-0.079817,-0.079817,-0.079817,0,-0.079817,1,1,1,1,1,1,0,1,768,768,768,768,768,768,0,768,193,193,193,193,193,193,0,193,0,0,0,0,0,0,0,0,1,353
1,0.094945,0.094945,0.094945,0.094945,0.094945,0.094945,0,0.094945,0.048463,0.048463,0.048463,0.048463,0.048463,0.048463,0,0.048463,-0.081644,-0.081644,-0.081644,-0.081644,-0.081644,-0.081644,0,-0.081644,1,1,1,1,1,1,0,1,768,768,768,768,768,768,0,768,193,193,193,193,193,193,0,193,0,0,0,0,0,0,0,0,1,354
1,0.054503,0.054503,0.054503,0.054503,0.054503,0.054503,0,0.054503,0.039536,0.039536,0.039536,0.039536,0.039536,0.039536,0,0.039536,-0.037517,-0.037517,-0.037517,-0.037517,-0.037517,-0.037517,0,-0.037517,1,1,1,1,1,1,0,1,768,768,768,768,768,768,0,768,193,193,193,193,193,193,0,193,0,0,0,0,0,0,0,0,1,355
1,0.055739,0.055739,0.055739,0.055739,0.055739,0.055739,0,0.055739,0.040583,0.040583,0.040583,0.040583,0.040583,0.040583,0,0.040583,0.038208,0.038208,0.038208,0.038208,0.038208,0.038208,0,0.038208,1,1,1,1,1,1,0,1,768,768,768,768,768,768,0,768,193,193,193,193,193,193,0,193,0,0,0,0,0,0,0,0,1,356
1,0.093115,0.093115,0.093115,0.093115,0.093115,0.093115,0,0.093115,0.047116,0.047116,0.047116,0.047116,0.047116,0.047116,0,0.047116,0.080315,0.080315,0.080315,0.080315,0.080315,0.080315,0,0.080315,1,1,1,1,1,1,0,1,768,768,768,768,768,768,0,768,193,193,193,193,193,193,0,193,0,0,0,0,0,0,0,0,1,357
1,0.094614,0.094614,0.094614,0.094614,0.094614,0.094614,0,0.094614,0.050955,0.050955,0.050955,0.050955,0.050955,0.050955,0,0.050955,0.079721,0.079721,0.079721,0.079721,0.079721,0.079721,0,0.079721,1,1,1,1,1,1,0,1,768,768,768,768,768,768,0,768,193,193,193,193,193,193,0,193,0,0,0,0,0,0,0,0,1,358
1,0.096578,0.096578,0.096578,0.096578,0.096578,0.096578,0,0.096578,0.049646,0.049646,0.049646,0.049646,0.049646,0.049646,0,0.049646,0.08284,0.08284,0.08284,0.08284,0.08284,0.08284,0,0.08284,1,1,1,1,1,1,0,1,768,768,768,768,768,768,0,768,193,193,193,193,193,193,0,193,0,0,0,0,0,0,0,0,1,359
1,0.069762,0.069762,0.069762,0.069762,0.069762,0.069762,0,0.069762,0.041127,0.041127,0.041127,0.041127,0.041127,0.041127,0,0.041127,0.05635,0.05635,0.05635,0.05635,0.05635,0.05635,0,0.05635,1,1,1,1,1,1,0,1,768,768,768,768,768,768,0,768,193,193,193,193,193,193,0,193,0,0,0,0,0,0,0,0,1,360
1,0.041602,0.041602,0.041602,0.041602,0.041602,0.041602,0,0.041602,0.038289,0.038289,0.038289,0.038289,0.038289,0.038289,0,0.038289,-0.01627,-0.01627,-0.01627,-0.01627,-0.01627,-0.01627,0,-0.01627,1,1,1,1,1,1,0,1,768,768,768,768,768,768,0,768,193,193,193,193,193,193,0,193,0,0,0,0,0,0,0,0,1,361
1,0.087472,0.087472,0.087472,0.087472,0.087472,0.087472,0,0.087472,0.044449,0.044449,0.044449,0.044449,0.044449,0.044449,0,0.044449,-0.075336,-0.075336,-0.075336,-0.075336,-0.075336,-0.075336,0,-0.075336,1,1,1,1,1,1,0,1,768,768,768,768,768,768,0,768,193,193,193,193,193,193,0,193,0,0,0,0,0,0,0,0,1,362
1,0.0935,0.0935,0.0935,0.0935,0.0935,0.0935,0,0.0935,0.050107,0.050107,0.050107,0.050107,0.050107,0.050107,0,0.050107,-0.07894,-0.07894,-0.07894,-0.07894,-0.07894,-0.07894,0,-0.07894,1,1,1,1,1,1,0,1,768,768,768,768,768,768,0,768,193,193,193,193,193,193,0,193,0,0,0,0,0,0,0,0,1,363
1,0.096328,0.096328,0.096328,0.096328,0.096328,0.096328,0,0.096328,0.051131,0.051131,0.051131,0.051131,0.051131,0.051131,0,0.051131,-0.081638,-0.081638,-0.081638,-0.081638,-0.081638,-0.081638,0,-0.081638,1,1,1,1,1,1,0,1,768,768,768,768,768,768,0,768,193,193,193,193,193,193,0,193,0,0,0,0,0,0,0,0,1,364
1,0.083853,0.083853,0.083853,0.083853,0.083853,0.083853,0,0.083853,0.04457,0.04457,0.04457,0.04457,0.04457,0.04457,0,0.04457,-0.071028,-0.071028,-0.071028,-0.071028,-0.071028,-0.071028,0,-0.071028,1,1,1,1,1,1,0,1,768,768,768,768,768,768,0,768,193,193,193,193,193,193,0,193,0,0,0,0,0,0,0,0,1,365
1,0.038739,0.038739,0.038739,0.038739,0.038739,0.038739,0,0.038739,0.03835,0.03835,0.03835,0.03835,0.03835,0.03835,0,0.03835,-0.005475,-0.005475,-0.005475,-0.005475,-0.005475,-0.005475,0,-0.005475,1,1,1,1,1,1,0,1,768,768,768,768,768,768,0,768,193,193,193,193,193,193,0,193,0,0,0,0,0,0,0,0,1,366
1,0.078058,0.078058,0.078058,0.078058,0.078058,0.078058,0,0.078058,0.04338,0.04338,0.04338,0.04338,0.04338,0.04338,0,0.04338,0.064894,0.064894,0.064894,0.064894,0.064894,0.064894,0,0.064894,1,1,1,1,1,1,0,1,768,768,768,768,768,768,0,768,193,193,193,193,193,193,0,193,0,0,0,0,0,0,0,0,1,367
1,0.094096,0.094096,0.094096,0.094096,0.094096,0.094096,0,0.094096,0.049281,0.049281,0.049281,0.049281,0.049281,0.049281,0,0.049281,0.080159,0.080159,0.080159,0.080159,0.080159,0.080159,0,0.080159,1,1,1,1,1,1,0,1,768,768,768,768,768,768,0,768,193,193,193,193,193,193,0,193,0,0,0,0,0,0,0,0,1,368
1,0.095651,0.095651,0.095651,0.095651,0.095651,0.095651,0,0.095651,0.051182,0.051182,0.051182,0.051182,0.051182,0.051182,0,0.051182,0.080806,0.080806,0.080806,0.080806,0.080806,0.080806,0,0.080806,1,1,1,1,1,1,0,1,768,768,768,768,768,768,0,768,193,193,193,193,193,193,0,193,0,0,0,0,0,0,0,0,1,369
1,0.092295,0.092295,0.092295,0.092295,0.092295,0.092295,0,0.092295,0.0467,0.0467,0.0467,0.0467,0.0467,0.0467,0,0.0467,0.079608,0.079608,0.079608,0.079608,0.079608,0.079608,0,0.079608,1,1,1,1,1,1,0,1,768,768,768,768,768,768,0,768,193,193,193,193,193,193,0,193,0,0,0,0,0,0,0,0,1,370
1,0.047255,0.047255,0.047255,0.047255,0.047255,0.047255,0,0.047255,0.038257,0.038257,0.038257,0.038257,0.038257,0.038257,0,0.038257,0.027738,0.027738,0.027738,0.027738,0.027738,0.027738,0,0.027738,1,1,1,1,1,1,0,1,768,768,768,768,768,768,0,768,193,193,193,193,193,193,0,193,0,0,0,0,0,0,0,0,1,371
1,0.062135,0.062135,0.062135,0.062135,0.062135,0.062135,0,0.062135,0.040575,0.040575,0.040575,0.040575,0.040575,0.040575,0,0.040575,-0.047058,-0.047058,-0.047058,-0.047058,-0.047058,-0.047058,0,-0.047058,1,1,1,1,1,1,0,1,768,768,768,768,768,768,0,768,193,193,193,193,193,193,0,193,0,0,0,0,0,0,0,0,1,372
1,0.092757,0.092757,0.092757,0.092757,0.092757,0.092757,0,0.092757,0.047331,0.047331,0.047331,0.047331,0.047331,0.047331,0,0.047331,-0.079772,-0.079772,-0.079772,-0.079772,-0.079772,-0.079772,0,-0.079772,1,1,1,1,1,1,0,1,768,768,768,768,768,768,0,768,193,193,193,193,193,193,0,193,0,0,0,0,0,0,0,0,1,373
1,0.094488,0.094488,0.094488,0.094488,0.094488,0.094488,0,0.094488,0.051257,0.051257,0.051257,0.051257,0.051257,0.051257,0,0.051257,-0.079376,-0.079376,-0.079376,-0.079376,-0.079376,-0.079376,0,-0.079376,1,1,1,1,1,1,0,1,768,768,768,768,768,768,0,768,193,193,193,193,193,193,0,193,0,0,0,0,0,0,0,0,1,374
1,0.096306,0.096306,0.096306,0.096306,0.096306,0.096306,0,0.096306,0.049524,0.049524,0.049524,0.049524,0.049524,0.049524,0,0.049524,-0.082596,-0.082596,-0.082596,-0.082596,-0.082596,-0.082596,0,-0.082596,1,1,1,1,1,1,0,1,768,768,768,768,768,768,0,768,193,193,193,193,193,193,0,193,0,0,0,0,0,0,0,0,1,375
1,0.062759,0.062759,0.062759,0.062759,0.062759,0.062759,0,0.062759,0.04063,0.04063,0.04063,0.04063,0.04063,0.04063,0,0.04063,-0.047832,-0.047832,-0.047832,-0.047832,-0.047832,-0.047832,0,-0.047832,1,1,1,1,1,1,0,1,768,768,768,768,768,768,0,768,193,193,193,193,193,193,0,193,0,0,0,0,0,0,0,0,1,376
1,0.048223,0.048223,0.048223,0.048223,0.048223,0.048223,0,0.048223,0.039766,0.039766,0.039766,0.039766,0.039766,0.039766,0,0.039766,0.027279,0.027279,0.027279,0.027279,0.027279,0.027279,0,0.027279,1,1,1,1,1,1,0,1,768,768,768,768,768,768,0,768,193,193,193,193,193,193,0,193,0,0,0,0,0,0,0,0,1,377
1,0.091452,0.091452,0.091452,0.091452,0.091452,0.091452,0,0.091452,0.046248,0.046248,0.046248,0.046248,0.046248,0.046248,0,0.046248,0.078896,0.078896,0.078896,0.078896,0.078896,0.078896,0,0.078896,1,1,1,1,1,1,0,1,768,768,768,768,768,768,0,768,193,193,193,193,193,193,0,193,0,0,0,0,0,0,0,0,1,378
1,0.094392,0.094392,0.094392,0.094392,0.094392,0.094392,0,0.094392,0.050709,0.050709,0.050709,0.050709,0.050709,0.050709,0,0.050709,0.079614,0.079614,0.079614,0.079614,0.079614,0.079614,0,0.079614,1,1,1,1,1,1,0,1,768,768,768,768,768,768,0,768,193,193,193,193,193,193,0,193,0,0,0,0,0,0,0,0,1,379
1,0.096654,0.096654,0.096654,0.096654,0.096654,0.096654,0,0.096654,0.050334,0.050334,0.050334,0.050334,0.050334,0.050334,0,0.050334,0.082514,0.082514,0.082514,0.082514,0.082514,0.082514,0,0.082514,1,1,1,1,1,1,0,1,768,768,768,768,768,768,0,768,193,193,193,193,193,193,0,193,0,0,0,0,0,0,0,0,1,380
1,0.07729,0.07729,0.07729,0.07729,0.07729,0.07729,0,0.07729,0.042578,0.042578,0.042578,0.042578,0.042578,0.042578,0,0.042578,0.064505,0.064505,0.064505,0.064505,0.064505,0.064505,0,0.064505,1,1,1,1,1,1,0,1,768,768,768,768,768,768,0,768,193,193,193,193,193,193,0,193,0,0,0,0,0,0,0,0,1,381
1,0.038205,0.038205,0.038205,0.038205,0.038205,0.038205,0,0.038205,0.037887,0.037887,0.037887,0.037887,0.037887,0.037887,0,0.037887,-0.0049206,-0.0049206,-0.0049206,-0.0049206,-0.0049206,-0.0049206,0,-0.0049206,1,1,1,1,1,1,0,1,768,768,768,768,768,768,0,768,193,193,193,193,193,193,0,193,0,0,0,0,0,0,0,0,1,382
1,0.082879,0.082879,0.082879,0.082879,0.082879,0.082879,0,0.082879,0.043458,0.043458,0.043458,0.043458,0.043458,0.043458,0,0.043458,-0.070571,-0.070571,-0.070571,-0.070571,-0.070571,-0.070571,0,-0.070571,1,1,1,1,1,1,0,1,768,768,768,768,768,768,0,768,193,193,193,193,193,193,0,193,0,0,0,0,0,0,0,0,1,383
1,0.093331,0.093331,0.093331,0.093331,0.093331,0.093331,0,0.093331,0.049564,0.049564,0.049564,0.049564,0.049564,0.049564,0,0.049564,-0.079083,-0.079083,-0.079083,-0.079083,-0.079083,-0.079083,0,-0.079083,1,1,1,1,1,1,0,1,768,768,768,768,768,768,0,768,193,193,193,193,193,193,0,193,0,0,0,0,0,0,0,0,1,384
1,0.095887,0.095887,0.095887,0.095887,0.095887,0.095887,0,0.095887,0.051389,0.051389,0.051389,0.051389,0.051389,0.051389,0,0.051389,-0.080954,-0.080954,-0.080954,-0.080954,-0.080954,-0.080954,0,-0.080954,1,1,1,1,1,1,0,1,768,768,768,768,768,768,0,768,193,193,193,193,193,193,0,193,0,0,0,0,0,0,0,0,1,385
1,0.08912,0.08912,0.08912,0.08912,0.08912,0.08912,0,0.08912,0.046072,0.046072,0.046072,0.046072,0.046072,0.046072,0,0.046072,-0.076287,-0.076287,-0.076287,-0.076287,-0.076287,-0.076287,0,-0.076287,1,1,1,1,1,1,0,1,768,768,768,768,768,768,0,768,193,193,193,193,193,193,0,193,0,0,0,0,0,0,0,0,1,386
1,0.04203,0.04203,0.04203,0.04203,0.04203,0.04203,0,0.04203,0.038456,0.038456,0.038456,0.038456,0.038456,0.038456,0,0.038456,-0.01696,-0.01696,-0.01696,-0.01696,-0.01696,-0.01696,0,-0.01696,1,1,1,1,1,1,0,1,768,768,768,768,768,768,0,768,193,193,193,193,193,193,0,193,0,0,0,0,0,0,0,0,1,387
1,0.070732,0.070732,0.070732,0.070732,0.070732,0.070732,0,0.070732,0.042389,0.042389,0.042389,0.042389,0.042389,0.042389,0,0.042389,0.056623,0.056623,0.056623,0.056623,0.056623,0.056623,0,0.056623,1,1,1,1,1,1,0,1,768,768,768,768,768,768,0,768,193,193,193,193,193,193,0,193,0,0,0,0,0,0,0,0,1,388
1,0.094056,0.094056,0.094056,0.094056,0.094056,0.094056,0,0.094056,0.048626,0.048626,0.048626,0.048626,0.048626,0.048626,0,0.048626,0.080512,0.080512,0.080512,0.080512,0.080512,0.080512,0,0.080512,1,1,1,1,1,1,0,1,768,768,768,768,768,768,0,768,193,193,193,193,193,193,0,193,0,0,0,0,0,0,0,0,1,389
1,0.095267,0.095267,0.095267,0.095267,0.095267,0.095267,0,0.095267,0.051229,0.051229,0.051229,0.051229,0.051229,0.051229,0,0.051229,0.080321,0.080321,0.080321,0.080321,0.080321,0.080321,0,0.080321,1,1,1,1,1,1,0,1,768,768,768,768,768,768,0,768,193,193,193,193,193,193,0,193,0,0,0,0,0,0,0,0,1,390
1,0.094803,0.094803,0.094803,0.094803,0.094803,0.094803,0,0.094803,0.047934,0.047934,0.047934,0.047934,0.047934,0.047934,0,0.047934,0.081792,0.081792,0.081792,0.081792,0.081792,0.081792,0,0.081792,1,1,1,1,1,1,0,1,768,768,768,768,768,768,0,768,193,193,193,193,193,193,0,193,0,0,0,0,0,0,0,0,1,391
1,0.054747,0.054747,0.054747,0.054747,0.054747,0.054747,0,0.054747,0.039025,0.039025,0.039025,0.039025,0.039025,0.039025,0,0.039025,0.038396,0.038396,0.038396,0.038396,0.038396,0.038396,0,0.038396,1,1,1,1,1,1,0,1,768,768,768,768,768,768,0,768,193,193,193,193,193,193,0,193,0,0,0,0,0,0,0,0,1,392
1,0.054138,0.054138,0.054138,0.054138,0.054138,0.054138,0,0.054138,0.03969,0.03969,0.03969,0.03969,0.03969,0.03969,0,0.03969,-0.036819,-0.036819,-0.036819,-0.036819,-0.036819,-0.036819,0,-0.036819,1,1,1,1,1,1,0,1,768,768,768,768,768,768,0,768,193,193,193,193,193,193,0,193,0,0,0,0,0,0,0,0,1,393
1,0.091973,0.091973,0.091973,0.091973,0.091973,0.091973,0,0.091973,0.046406,0.046406,0.046406,0.046406,0.046406,0.046406,0,0.046406,-0.079407,-0.079407,-0.079407,-0.079407,-0.079407,-0.079407,0,-0.079407,1,1,1,1,1,1,0,1,768,768,768,768,768,768,0,768,193,193,193,193,193,193,0,193,0,0,0,0,0,0,0,0,1,394
1,0.0941,0.0941,0.0941,0.0941,0.0941,0.0941,0,0.0941,0.05099,0.05099,0.05099,0.05099,0.05099,0.05099,0,0.05099,-0.079088,-0.079088,-0.079088,-0.079088,-0.079088,-0.079088,0,-0.079088,1,1,1,1,1,1,0,1,768,768,768,768,768,768,0,768,193,193,193,193,193,193,0,193,0,0,0,0,0,0,0,0,1,395
1,0.096759,0.096759,0.096759,0.096759,0.096759,0.096759,0,0.096759,0.050309,0.050309,0.050309,0.050309,0.050309,0.050309,0,0.050309,-0.082652,-0.082652,-0.082652,-0.082652,-0.082652,-0.082652,0,-0.082652,1,1,1,1,1,1,0,1,768,768,768,768,768,768,0,768,193,193,193,193,193,193,0,193,0,0,0,0,0,0,0,0,1,396
1,0.070742,0.070742,0.070742,0.070742,0.070742,0.070742,0,0.070742,0.04191,0.04191,0.04191,0.04191,0.04191,0.04191,0,0.04191,-0.056991,-0.056991,-0.056991,-0.056991,-0.056991,-0.056991,0,-0.056991,1,1,1,1,1,1,0,1,768,768,768,768,768,768,0,768,193,193,193,193,193,193,0,193,0,0,0,0,0,0,0,0,1,397
1,0.042327,0.042327,0.042327,0.042327,0.042327,0.042327,0,0.042327,0.039097,0.039097,0.039097,0.039097,0.039097,0.039097,0,0.039097,0.016216,0.016216,0.016216,0.016216,0.016216,0.016216,0,0.016216,1,1,1,1,1,1,0,1,768,768,768,768,768,768,0,768,193,193,193,193,193,193,0,193,0,0,0,0,0,0,0,0,1,398
1,0.088421,0.088421,0.088421,0.088421,0.088421,0.088421,0,0.088421,0.045331,0.045331,0.045331,0.045331,0.045331,0.045331,0,0.045331,0.075916,0.075916,0.075916,0.075916,0.075916,0.075916,0,0.075916,1,1,1,1,1,1,0,1,768,768,768,768,768,768,0,768,193,193,193,193,193,193,0,193,0,0,0,0,0,0,0,0,1,399
